pdb_id,color_class,chrom_dep_num,n_res,aln_score,dep_66,off_66,aa_66,dep_148,off_148,aa_148,dep_203,off_203,aa_203,dep_205,off_205,aa_205,dep_222,off_222,aa_222
1B9C,green,66,225,1157.5,66,0,Y,148.0,0.0,H,203.0,0.0,T,205.0,0.0,S,222.0,0.0,E
1BFP,blue,66,227,1195.0,66,0,Y,148.0,0.0,H,203.0,0.0,T,205.0,0.0,S,222.0,0.0,E
1CV7,cyan,66,226,1148.0,66,0,Y,148.0,0.0,H,203.0,0.0,T,205.0,0.0,S,222.0,0.0,E
1EMA,green,66,226,1209.0,66,0,Y,148.0,0.0,H,203.0,0.0,T,205.0,0.0,S,222.0,0.0,E
1EMB,green,66,226,1209.0,66,0,Y,148.0,0.0,H,203.0,0.0,T,205.0,0.0,S,222.0,0.0,E
1EMC,green,66,225,1168.5,66,0,Y,148.0,0.0,H,203.0,0.0,T,205.0,0.0,S,222.0,0.0,E
1EME,green,66,223,1156.5,66,0,Y,148.0,0.0,H,203.0,0.0,T,205.0,0.0,S,222.0,0.0,E
1EMF,blue,66,223,1157.5,66,0,Y,148.0,0.0,H,203.0,0.0,T,205.0,0.0,S,222.0,0.0,E
1EMK,green,66,222,1166.5,66,0,Y,148.0,0.0,H,203.0,0.0,T,205.0,0.0,S,222.0,0.0,E
1EML,green,66,221,1161.0,66,0,Y,148.0,0.0,H,203.0,0.0,T,205.0,0.0,S,222.0,0.0,E
1EMM,green,66,221,1166.0,66,0,Y,148.0,0.0,H,203.0,0.0,T,205.0,0.0,S,222.0,0.0,E
1F09,green,66,226,1188.0,66,0,Y,148.0,0.0,Q,203.0,0.0,Y,205.0,0.0,S,222.0,0.0,E
1F0B,green,66,226,1164.0,66,0,Y,148.0,0.0,Q,203.0,0.0,Y,205.0,0.0,S,222.0,0.0,E
1H6R,green,66,229,1157.0,66,0,Y,148.0,0.0,H,203.0,0.0,Y,205.0,0.0,S,222.0,0.0,E
1HCJ,green,66,227,1178.5,66,0,Y,148.0,0.0,H,203.0,0.0,T,205.0,0.0,S,222.0,0.0,A
1HUY,green,66,230,1170.0,66,0,Y,148.0,0.0,H,203.0,0.0,Y,205.0,0.0,S,222.0,0.0,E
1JBY,green,66,224,1173.5,66,0,Y,148.0,0.0,G,203.0,0.0,C,205.0,0.0,S,222.0,0.0,E
1JC0,green,66,226,1156.0,66,0,Y,148.0,0.0,H,203.0,0.0,T,205.0,0.0,S,222.0,0.0,E
1JC1,green,66,227,1170.0,66,0,Y,148.0,0.0,H,203.0,0.0,T,205.0,0.0,S,222.0,0.0,E
1KP5,green,76,243,1158.5,76,10,Y,158.0,10.0,H,213.0,10.0,T,215.0,10.0,S,232.0,10.0,E
1KYP,blue,66,226,1167.0,66,0,Y,148.0,0.0,G,203.0,0.0,T,205.0,0.0,S,222.0,0.0,E
1KYR,blue,66,225,1137.5,66,0,Y,148.0,0.0,G,203.0,0.0,T,205.0,0.0,S,222.0,0.0,E
1KYS,blue,66,225,1137.5,66,0,Y,148.0,0.0,G,203.0,0.0,T,205.0,0.0,S,222.0,0.0,E
1MOU,green,66,219,162.5,66,0,Y,146.0,-2.0,H,197.0,-6.0,R,199.0,-6.0,L,221.0,-1.0,K
1MOV,unknown,66,219,156.5,66,0,Y,148.0,0.0,E,197.0,-6.0,R,199.0,-6.0,L,221.0,-1.0,K
1MYW,yellow,65,229,1145.5,65,-1,Y,148.0,0.0,H,203.0,0.0,Y,205.0,0.0,S,222.0,0.0,E
1Q4C,green,66,227,1193.0,66,0,Y,148.0,0.0,H,203.0,0.0,C,205.0,0.0,S,222.0,0.0,E
1Q4D,green,66,226,1203.0,66,0,Y,148.0,0.0,H,203.0,0.0,C,205.0,0.0,S,222.0,0.0,E
1Q4E,green,66,227,1190.0,66,0,Y,148.0,0.0,H,203.0,0.0,T,205.0,0.0,S,222.0,0.0,E
1Q73,green,66,227,1184.0,66,0,Y,148.0,0.0,H,203.0,0.0,C,205.0,0.0,S,222.0,0.0,E
1QYF,green,66,225,1161.0,66,0,Y,148.0,0.0,H,203.0,0.0,T,205.0,0.0,S,222.0,0.0,E
1RMM,green,66,225,1178.0,66,0,Y,148.0,0.0,H,203.0,0.0,T,205.0,0.0,S,222.0,0.0,E
1RMO,green,66,223,1158.5,66,0,Y,148.0,0.0,H,203.0,0.0,T,205.0,0.0,S,222.0,0.0,E
1RMP,green,66,223,1158.5,66,0,Y,148.0,0.0,H,203.0,0.0,T,205.0,0.0,S,222.0,0.0,E
1RRX,green,66,217,1047.5,66,0,Y,148.0,0.0,H,203.0,0.0,T,205.0,0.0,S,222.0,0.0,E
1S6Z,green,66,227,1193.0,66,0,Y,148.0,0.0,H,203.0,0.0,T,205.0,0.0,S,222.0,0.0,E
1UIS,red,63,225,166.5,63,-3,Y,145.0,-3.0,E,197.0,-6.0,H,,,-,215.0,-7.0,E
1W7S,green,66,228,1198.5,66,0,Y,148.0,0.0,H,203.0,0.0,T,205.0,0.0,S,222.0,0.0,E
1W7T,green,66,228,1192.5,66,0,Y,148.0,0.0,H,203.0,0.0,T,205.0,0.0,S,222.0,0.0,A
1W7U,green,66,228,1192.5,66,0,Y,148.0,0.0,H,203.0,0.0,T,205.0,0.0,S,222.0,0.0,A
1XA9,yellow,66,225,155.0,66,0,Y,148.0,0.0,S,202.0,-1.0,H,204.0,-1.0,L,221.0,-1.0,E
1XQM,green,63,228,173.0,63,-3,Y,151.0,3.0,D,201.0,-2.0,I,203.0,-2.0,E,220.0,-2.0,R
1XSS,unknown,64,224,177.0,64,-2,Y,147.0,-1.0,E,196.0,-7.0,H,198.0,-7.0,I,214.0,-8.0,E
1YFP,yellow,66,225,1182.0,66,0,Y,148.0,0.0,H,203.0,0.0,Y,205.0,0.0,S,222.0,0.0,E
1YZW,red,64,221,148.5,64,-2,Y,146.0,-2.0,E,195.0,-8.0,T,197.0,-8.0,I,214.0,-8.0,E
1Z1P,green,66,227,1193.0,66,0,Y,148.0,0.0,H,203.0,0.0,T,205.0,0.0,S,222.0,0.0,E
1Z1Q,green,66,227,1193.0,66,0,Y,148.0,0.0,H,203.0,0.0,T,205.0,0.0,S,222.0,0.0,E
1ZGQ,red,66,218,181.0,66,0,Y,148.0,0.0,E,197.0,-6.0,S,199.0,-6.0,L,213.0,-9.0,Q
2A46,cyan,68,218,195.5,68,2,Y,149.0,1.0,F,199.0,-4.0,H,201.0,-4.0,I,217.0,-5.0,E
2A47,unknown,68,218,202.5,68,2,Y,149.0,1.0,F,199.0,-4.0,T,201.0,-4.0,I,217.0,-5.0,E
2A48,unknown,68,213,169.5,68,2,Y,149.0,1.0,F,199.0,-4.0,H,201.0,-4.0,I,217.0,-5.0,E
2AH8,green,66,234,1145.0,66,0,Y,148.0,0.0,H,203.0,0.0,T,205.0,0.0,S,222.0,0.0,E
2AHA,green,66,226,1171.0,66,0,Y,148.0,0.0,H,203.0,0.0,T,205.0,0.0,S,222.0,0.0,E
2ARL,unknown,66,219,157.5,66,0,Y,148.0,0.0,E,197.0,-6.0,R,199.0,-6.0,L,221.0,-1.0,K
2AWK,green,66,225,1161.0,66,0,Y,148.0,0.0,H,203.0,0.0,T,205.0,0.0,S,222.0,0.0,E
2AWL,green,66,225,1164.0,66,0,Y,148.0,0.0,H,203.0,0.0,T,205.0,0.0,S,222.0,0.0,E
2AWM,green,66,225,1157.0,66,0,Y,148.0,0.0,H,203.0,0.0,T,205.0,0.0,S,222.0,0.0,E
2B3Q,green,66,227,1160.5,66,0,Y,148.0,0.0,H,203.0,0.0,T,205.0,0.0,S,222.0,0.0,E
2C9I,cyan,63,226,147.5,63,-3,Y,144.0,-4.0,T,194.0,-9.0,L,196.0,-9.0,M,212.0,-10.0,E
2C9J,unknown,62,214,156.0,62,-4,Y,133.0,-15.0,K,194.0,-9.0,H,196.0,-9.0,L,212.0,-10.0,E
2DD9,green,56,215,70.5,56,-10,Y,135.0,-13.0,P,,,-,,,-,207.0,-15.0,E
2DUE,green,66,221,1159.5,66,0,Y,,,-,203.0,0.0,T,205.0,0.0,S,222.0,0.0,E
2DUF,green,66,226,1200.0,66,0,Y,148.0,0.0,D,203.0,0.0,T,205.0,0.0,S,222.0,0.0,E
2DUG,green,66,224,1182.5,66,0,Y,148.0,0.0,N,203.0,0.0,T,205.0,0.0,S,222.0,0.0,E
2DUH,green,66,226,1202.0,66,0,Y,148.0,0.0,N,203.0,0.0,T,205.0,0.0,S,222.0,0.0,E
2DUI,green,66,226,1200.0,66,0,Y,148.0,0.0,D,203.0,0.0,T,205.0,0.0,S,222.0,0.0,E
2EMD,blue,66,223,1161.5,66,0,Y,148.0,0.0,H,203.0,0.0,T,205.0,0.0,S,222.0,0.0,E
2EMN,blue,66,222,1171.5,66,0,Y,148.0,0.0,H,203.0,0.0,T,205.0,0.0,S,222.0,0.0,E
2EMO,blue,66,222,1167.5,66,0,Y,148.0,0.0,H,203.0,0.0,T,205.0,0.0,S,222.0,0.0,E
2FL1,red,66,226,137.5,66,0,Y,148.0,0.0,S,,,-,202.0,-3.0,H,221.0,-1.0,E
2G3O,green,57,212,81.0,57,-9,Y,,,-,176.0,-27.0,F,178.0,-27.0,S,195.0,-27.0,R
2G6X,green,58,214,89.0,58,-8,Y,140.0,-8.0,E,193.0,-10.0,A,195.0,-10.0,R,210.0,-12.0,E
2G6Y,green,58,214,89.0,58,-8,Y,140.0,-8.0,E,193.0,-10.0,A,195.0,-10.0,R,210.0,-12.0,E
2H5O,orange,66,215,200.0,66,0,Y,148.0,0.0,E,197.0,-6.0,I,199.0,-6.0,L,213.0,-9.0,Q
2H5P,red,66,223,192.0,66,0,Y,148.0,0.0,E,197.0,-6.0,I,199.0,-6.0,L,213.0,-9.0,L
2H5R,red,66,223,192.0,66,0,Y,148.0,0.0,E,197.0,-6.0,I,199.0,-6.0,L,213.0,-9.0,L
2H6V,green,1066,234,1169.0,1066,1000,Y,1148.0,1000.0,H,1203.0,1000.0,Y,1205.0,1000.0,S,1222.0,1000.0,E
2H9W,green,1066,238,1167.0,1066,1000,Y,1148.0,1000.0,H,1203.0,1000.0,Y,1205.0,1000.0,S,1222.0,1000.0,E
2HGD,green,66,226,1163.0,66,0,Y,148.0,0.0,H,203.0,0.0,T,205.0,0.0,S,222.0,0.0,E
2HJO,green,66,224,1172.5,66,0,Y,148.0,0.0,H,203.0,0.0,T,205.0,0.0,S,222.0,0.0,E
2HPW,green,68,229,510.0,68,2,Y,149.0,1.0,H,204.0,1.0,V,206.0,1.0,T,224.0,2.0,E
2HQZ,green,66,227,1182.0,66,0,Y,148.0,0.0,H,203.0,0.0,T,205.0,0.0,S,222.0,0.0,E
2HRS,green,66,226,1143.0,66,0,Y,148.0,0.0,H,203.0,0.0,T,205.0,0.0,S,222.0,0.0,E
2IB5,unknown,65,226,135.0,65,-1,Y,151.0,3.0,D,218.0,15.0,V,220.0,15.0,R,,,-
2ICR,red,66,226,137.5,66,0,Y,148.0,0.0,S,,,-,202.0,-3.0,H,221.0,-1.0,E
2O24,green,1066,237,1167.5,1066,1000,Y,1148.0,1000.0,H,1203.0,1000.0,Y,1205.0,1000.0,S,1222.0,1000.0,E
2O29,green,1066,234,1169.0,1066,1000,Y,1148.0,1000.0,H,1203.0,1000.0,Y,1205.0,1000.0,S,1222.0,1000.0,E
2O2B,green,1066,234,1169.0,1066,1000,Y,1148.0,1000.0,H,1203.0,1000.0,Y,1205.0,1000.0,S,1222.0,1000.0,E
2OKW,green,66,221,1157.0,66,0,Y,148.0,0.0,H,203.0,0.0,T,205.0,0.0,C,222.0,0.0,E
2OKY,green,66,221,1157.0,66,0,Y,148.0,0.0,H,203.0,0.0,T,205.0,0.0,C,222.0,0.0,E
2OTB,cyan,66,214,227.0,66,0,Y,148.0,0.0,E,197.0,-6.0,H,199.0,-6.0,I,213.0,-9.0,V
2PXS,green,66,226,157.5,66,0,Y,148.0,0.0,S,202.0,-1.0,H,204.0,-1.0,L,221.0,-1.0,E
2Q6P,green,66,214,1017.5,66,0,Y,148.0,0.0,H,203.0,0.0,T,205.0,0.0,S,222.0,0.0,E
2QLE,green,66,227,1172.5,66,0,Y,148.0,0.0,H,203.0,0.0,T,205.0,0.0,V,222.0,0.0,E
2QLH,red,66,215,186.0,66,0,Y,148.0,0.0,E,197.0,-6.0,I,199.0,-6.0,L,213.0,-9.0,Q
2QLI,red,66,215,186.0,66,0,Y,148.0,0.0,E,197.0,-6.0,I,199.0,-6.0,L,213.0,-9.0,Q
2QRF,green,66,226,1154.0,66,0,Y,148.0,0.0,H,203.0,0.0,T,205.0,0.0,S,222.0,0.0,E
2QT2,green,66,227,1168.0,66,0,Y,148.0,0.0,H,203.0,0.0,T,205.0,0.0,S,222.0,0.0,E
2QU1,green,65,232,1159.0,65,-1,Y,148.0,0.0,H,203.0,0.0,T,205.0,0.0,S,222.0,0.0,E
2QZ0,green,66,225,1164.0,66,0,Y,148.0,0.0,H,203.0,0.0,T,205.0,0.0,S,222.0,0.0,E
2RH7,green,66,212,162.5,66,0,Y,152.0,4.0,T,,,-,198.0,-7.0,H,214.0,-8.0,Q
2V4E,red,66,217,179.5,66,0,Y,148.0,0.0,E,197.0,-6.0,S,199.0,-6.0,L,,,-
2VAD,red,66,218,218.0,66,0,Y,148.0,0.0,E,197.0,-6.0,S,199.0,-6.0,L,213.0,-9.0,Q
2VAE,red,66,217,179.5,66,0,Y,148.0,0.0,E,197.0,-6.0,S,199.0,-6.0,L,213.0,-9.0,Q
2VZX,green,64,221,211.5,64,-2,Y,144.0,-4.0,E,193.0,-10.0,H,195.0,-10.0,I,217.0,-5.0,Y
2WHT,red,62,216,171.5,62,-4,Y,144.0,-4.0,E,193.0,-10.0,R,195.0,-10.0,L,209.0,-13.0,Q
2WIS,unknown,65,226,231.0,65,-1,Y,,,-,199.0,-4.0,I,201.0,-4.0,T,218.0,-4.0,E
2WSN,cyan,66,225,1150.5,66,0,Y,148.0,0.0,H,203.0,0.0,T,205.0,0.0,S,222.0,0.0,E
2WUR,green,66,228,1173.0,66,0,Y,148.0,0.0,H,203.0,0.0,T,205.0,0.0,S,222.0,0.0,E
2YDZ,cyan,66,226,1140.0,66,0,Y,148.0,0.0,D,203.0,0.0,T,205.0,0.0,S,222.0,0.0,E
2YE0,cyan,66,226,1140.0,66,0,Y,148.0,0.0,D,203.0,0.0,T,205.0,0.0,S,222.0,0.0,E
2YE1,cyan,66,226,1136.0,66,0,Y,148.0,0.0,G,203.0,0.0,T,205.0,0.0,S,222.0,0.0,E
2YFP,green,66,226,1186.0,66,0,Y,148.0,0.0,G,203.0,0.0,Y,205.0,0.0,S,222.0,0.0,E
2Z1O,green,63,214,192.5,63,-3,Y,144.0,-4.0,E,193.0,-10.0,H,195.0,-10.0,I,210.0,-12.0,H
2Z6X,green,63,217,192.0,63,-3,Y,144.0,-4.0,E,193.0,-10.0,H,195.0,-10.0,I,211.0,-11.0,E
2ZO6,unknown,63,216,170.5,63,-3,Y,143.0,-5.0,E,175.0,-28.0,T,177.0,-28.0,T,197.0,-25.0,S
2ZO7,unknown,64,220,165.5,64,-2,Y,144.0,-4.0,E,176.0,-27.0,T,178.0,-27.0,T,198.0,-24.0,S
3A8S,unknown,65,221,217.0,65,-1,Y,,,-,199.0,-4.0,I,201.0,-4.0,T,218.0,-4.0,E
3ADF,green,64,211,200.0,64,-2,Y,144.0,-4.0,E,193.0,-10.0,H,195.0,-10.0,I,209.0,-13.0,L
3BXA,unknown,63,224,152.0,63,-3,Y,145.0,-3.0,E,197.0,-6.0,R,199.0,-6.0,L,215.0,-7.0,E
3CB9,green,66,228,1137.5,66,0,Y,148.0,0.0,S,203.0,0.0,T,205.0,0.0,S,222.0,0.0,E
3CBE,green,66,227,1138.0,66,0,Y,148.0,0.0,S,203.0,0.0,T,205.0,0.0,S,222.0,0.0,E
3CD1,green,66,226,1130.0,66,0,Y,148.0,0.0,S,203.0,0.0,T,205.0,0.0,S,222.0,0.0,E
3CD9,green,66,226,1130.0,66,0,Y,148.0,0.0,S,203.0,0.0,T,205.0,0.0,S,222.0,0.0,E
3CGL,cyan,66,224,173.0,66,0,Y,148.0,0.0,E,198.0,-5.0,T,200.0,-5.0,L,214.0,-8.0,E
3E5T,red,63,229,160.5,63,-3,Y,145.0,-3.0,E,197.0,-6.0,H,200.0,-5.0,E,223.0,1.0,D
3E5V,red,63,229,165.5,63,-3,Y,144.0,-4.0,T,197.0,-6.0,H,200.0,-5.0,E,223.0,1.0,D
3E5W,red,63,227,163.5,63,-3,Y,144.0,-4.0,T,197.0,-6.0,H,200.0,-5.0,E,223.0,1.0,D
3ED8,green,66,229,1087.5,66,0,Y,148.0,0.0,H,227.0,24.0,Y,229.0,24.0,T,246.0,24.0,E
3EVP,green,224,224,641.0,224,158,Y,,,-,,,-,,,-,,,-
3EVR,green,224,398,677.0,224,158,Y,306.0,158.0,Q,405.0,202.0,A,407.0,202.0,E,443.0,221.0,E
3G9A,green,66,227,1177.0,66,0,Y,148.0,0.0,H,203.0,0.0,T,205.0,0.0,S,222.0,0.0,E
3GEX,cyan,67,234,1128.0,67,1,Y,149.0,1.0,H,204.0,1.0,T,206.0,1.0,S,223.0,1.0,E
3GJ1,green,65,227,1174.0,65,-1,Y,148.0,0.0,H,203.0,0.0,H,205.0,0.0,S,222.0,0.0,E
3GJ2,green,65,227,1174.0,65,-1,Y,148.0,0.0,H,203.0,0.0,H,205.0,0.0,S,222.0,0.0,E
3GL4,unknown,65,230,231.0,65,-1,Y,,,-,199.0,-4.0,I,201.0,-4.0,T,218.0,-4.0,E
3H1R,red,63,224,140.5,63,-3,Y,145.0,-3.0,E,197.0,-6.0,Y,199.0,-6.0,L,215.0,-7.0,E
3I19,cyan,66,234,1128.0,66,0,Y,148.0,0.0,H,203.0,0.0,T,205.0,0.0,S,222.0,0.0,E
3IP2,red,63,229,137.5,63,-3,Y,145.0,-3.0,E,218.0,15.0,V,,,-,,,-
3K1K,green,66,225,1177.0,66,0,Y,148.0,0.0,H,203.0,0.0,T,205.0,0.0,S,222.0,0.0,E
3KCS,red,66,215,194.0,66,0,Y,148.0,0.0,E,197.0,-6.0,R,199.0,-6.0,L,213.0,-9.0,Q
3KCT,red,66,215,194.0,66,0,Y,148.0,0.0,E,197.0,-6.0,R,199.0,-6.0,L,213.0,-9.0,Q
3LA1,cyan,66,236,1132.0,66,0,Y,148.0,0.0,H,203.0,0.0,T,205.0,0.0,S,222.0,0.0,E
3LF3,green,66,219,184.0,66,0,Y,148.0,0.0,E,197.0,-6.0,I,199.0,-6.0,L,213.0,-9.0,Q
3LF4,green,67,160,64.0,67,1,Y,148.0,0.0,E,197.0,-6.0,I,199.0,-6.0,L,213.0,-9.0,Q
3LVA,green,65,235,1107.0,65,-1,Y,148.0,0.0,H,203.0,0.0,T,205.0,0.0,S,222.0,0.0,G
3LVC,green,65,227,1118.0,65,-1,Y,148.0,0.0,H,203.0,0.0,T,205.0,0.0,S,222.0,0.0,E
3LVD,green,65,227,1118.0,65,-1,Y,148.0,0.0,H,203.0,0.0,T,205.0,0.0,S,222.0,0.0,E
3MGF,green,66,213,183.5,66,0,Y,147.0,-1.0,E,197.0,-6.0,H,199.0,-6.0,L,209.0,-13.0,E
3NED,unknown,67,229,184.0,67,1,Y,148.0,0.0,E,197.0,-6.0,T,199.0,-6.0,L,213.0,-9.0,Q
3NEZ,red,67,216,186.0,67,1,Y,148.0,0.0,E,201.0,-2.0,I,203.0,-2.0,S,213.0,-9.0,Q
3NF0,red,67,218,189.5,67,1,Y,148.0,0.0,E,197.0,-6.0,T,199.0,-6.0,L,213.0,-9.0,Q
3P28,green,18,235,845.5,18,-48,Y,100.0,-48.0,H,155.0,-48.0,T,157.0,-48.0,S,174.0,-48.0,E
3PIB,red,63,227,154.0,63,-3,Y,145.0,-3.0,E,197.0,-6.0,H,199.0,-6.0,L,220.0,-2.0,K
3PJ5,red,63,224,147.0,63,-3,Y,145.0,-3.0,E,197.0,-6.0,R,199.0,-6.0,L,215.0,-7.0,E
3RWA,red,133,233,98.5,133,67,Y,215.0,67.0,E,,,-,,,-,,,-
3RWT,red,148,235,82.0,148,82,Y,230.0,82.0,E,,,-,,,-,,,-
3SRY,yellow,66,232,1164.0,66,0,Y,148.0,0.0,H,203.0,0.0,Y,205.0,0.0,S,222.0,0.0,E
3SS0,yellow,66,232,1164.0,66,0,Y,148.0,0.0,H,203.0,0.0,Y,205.0,0.0,S,222.0,0.0,E
3SSH,yellow,66,232,1164.0,66,0,Y,148.0,0.0,H,203.0,0.0,Y,205.0,0.0,S,222.0,0.0,E
3SSK,yellow,66,232,1164.0,66,0,Y,148.0,0.0,H,203.0,0.0,Y,205.0,0.0,S,222.0,0.0,E
3SSL,yellow,66,232,1164.0,66,0,Y,148.0,0.0,H,203.0,0.0,Y,205.0,0.0,S,222.0,0.0,E
3SSY,yellow,66,228,1155.5,66,0,Y,148.0,0.0,H,203.0,0.0,Y,205.0,0.0,S,222.0,0.0,E
3ST0,yellow,66,227,1157.5,66,0,Y,148.0,0.0,H,203.0,0.0,Y,205.0,0.0,S,222.0,0.0,E
3ST2,unknown,66,237,1143.5,66,0,Y,148.0,0.0,H,203.0,0.0,Y,205.0,0.0,S,222.0,0.0,E
3SV5,yellow,66,229,1161.5,66,0,Y,148.0,0.0,H,203.0,0.0,Y,205.0,0.0,S,222.0,0.0,E
3SVB,yellow,66,227,1157.5,66,0,Y,148.0,0.0,H,203.0,0.0,Y,205.0,0.0,S,222.0,0.0,E
3SVC,yellow,66,230,1161.0,66,0,Y,148.0,0.0,H,203.0,0.0,Y,205.0,0.0,S,222.0,0.0,E
3SVD,yellow,66,230,1161.0,66,0,Y,148.0,0.0,H,203.0,0.0,Y,205.0,0.0,S,222.0,0.0,E
3U0K,red,214,219,52.5,214,148,Y,295.0,147.0,R,396.0,193.0,A,398.0,193.0,E,434.0,212.0,E
3U0L,red,64,217,207.0,64,-2,Y,145.0,-3.0,E,197.0,-6.0,H,200.0,-5.0,E,,,-
3UFZ,green,66,227,1144.0,66,0,Y,148.0,0.0,H,203.0,0.0,T,205.0,0.0,T,222.0,0.0,E
3UG0,green,66,227,1144.0,66,0,Y,148.0,0.0,H,203.0,0.0,T,205.0,0.0,T,222.0,0.0,E
3V3D,yellow,66,230,1180.5,66,0,Y,148.0,0.0,H,203.0,0.0,F,205.0,0.0,S,222.0,0.0,E
3VHT,green,66,229,1181.5,66,0,Y,148.0,0.0,H,203.0,0.0,T,205.0,0.0,S,222.0,0.0,E
3W1D,yellow,66,227,1149.0,66,0,Y,151.0,3.0,H,206.0,3.0,Y,208.0,3.0,S,225.0,3.0,E
3WCK,unknown,65,218,206.5,65,-1,Y,152.0,4.0,H,199.0,-4.0,I,201.0,-4.0,T,218.0,-4.0,E
3ZTF,cyan,66,237,1139.5,66,0,Y,148.0,0.0,D,203.0,0.0,T,205.0,0.0,S,222.0,0.0,E
3ZUF,yellow,63,214,185.5,63,-3,Y,144.0,-4.0,E,191.0,-12.0,V,193.0,-12.0,H,210.0,-12.0,H
3ZUJ,yellow,63,214,185.5,63,-3,Y,144.0,-4.0,E,191.0,-12.0,V,193.0,-12.0,H,210.0,-12.0,H
4AR7,cyan,66,225,1129.5,66,0,Y,148.0,0.0,D,203.0,0.0,T,205.0,0.0,S,222.0,0.0,E
4B30,unknown,65,227,228.5,65,-1,Y,,,-,199.0,-4.0,I,201.0,-4.0,T,218.0,-4.0,E
4DKM,green,60,214,64.5,60,-6,Y,149.0,1.0,T,195.0,-8.0,R,197.0,-8.0,T,210.0,-12.0,E
4DKN,green,60,210,136.5,61,-5,Y,142.0,-6.0,K,202.0,-1.0,T,204.0,-1.0,T,214.0,-8.0,A
4EDO,red,63,219,150.5,63,-3,Y,145.0,-3.0,E,197.0,-6.0,R,199.0,-6.0,L,215.0,-7.0,E
4EDS,red,63,219,152.5,63,-3,Y,145.0,-3.0,E,197.0,-6.0,R,199.0,-6.0,L,215.0,-7.0,E
4EN1,cyan,66,236,1099.0,66,0,Y,148.0,0.0,G,203.0,0.0,T,205.0,0.0,S,222.0,0.0,E
4H3L,red,66,215,186.5,66,0,Y,148.0,0.0,E,197.0,-6.0,I,199.0,-6.0,L,213.0,-9.0,Q
4H3M,red,66,213,192.5,66,0,Y,148.0,0.0,E,197.0,-6.0,Y,199.0,-6.0,L,213.0,-9.0,Q
4H3N,red,66,215,181.0,66,0,Y,148.0,0.0,E,197.0,-6.0,Y,199.0,-6.0,L,213.0,-9.0,Q
4H47,cyan,66,228,1140.5,66,0,Y,148.0,0.0,H,203.0,0.0,T,205.0,0.0,S,222.0,0.0,E
4H48,cyan,66,228,1140.5,66,0,Y,148.0,0.0,H,203.0,0.0,T,205.0,0.0,S,222.0,0.0,E
4HE4,yellow,65,232,602.0,65,-1,Y,146.0,-2.0,H,203.0,0.0,Y,205.0,0.0,V,222.0,0.0,E
4HQC,green,63,218,190.5,63,-3,Y,144.0,-4.0,E,193.0,-10.0,H,195.0,-10.0,I,211.0,-11.0,E
4HVF,green,58,218,72.5,58,-8,Y,149.0,1.0,E,196.0,-7.0,R,198.0,-7.0,T,211.0,-11.0,E
4JC2,green,64,221,199.0,64,-2,Y,144.0,-4.0,E,193.0,-10.0,H,195.0,-10.0,N,209.0,-13.0,L
4JF9,red,58,217,89.0,58,-8,Y,,,-,183.0,-20.0,A,185.0,-20.0,D,208.0,-14.0,N
4JGE,red,58,216,89.5,58,-8,Y,,,-,183.0,-20.0,A,185.0,-20.0,D,208.0,-14.0,N
4KAG,green,66,225,1159.0,66,0,Y,148.0,0.0,H,203.0,0.0,T,205.0,0.0,S,222.0,0.0,E
4KEX,green,66,225,1155.5,66,0,Y,148.0,0.0,H,203.0,0.0,T,205.0,0.0,S,222.0,0.0,E
4KF4,unknown,66,216,186.5,66,0,Y,148.0,0.0,E,197.0,-6.0,I,199.0,-6.0,L,213.0,-9.0,Q
4KPI,red,63,224,135.5,63,-3,Y,145.0,-3.0,E,,,-,,,-,220.0,-2.0,R
4KW4,green,66,228,1148.5,66,0,Y,148.0,0.0,H,203.0,0.0,T,205.0,0.0,S,222.0,0.0,E
4KW8,green,66,223,1125.5,66,0,Y,148.0,0.0,H,203.0,0.0,T,205.0,0.0,S,222.0,0.0,E
4KW9,green,66,223,1116.5,66,0,Y,148.0,0.0,H,203.0,0.0,T,205.0,0.0,S,222.0,0.0,E
4L12,green,66,230,1142.0,66,0,Y,148.0,0.0,H,203.0,0.0,T,205.0,0.0,S,222.0,0.0,E
4L13,green,66,230,1142.0,66,0,Y,148.0,0.0,H,203.0,0.0,T,205.0,0.0,S,222.0,0.0,E
4L1I,green,66,228,1152.5,66,0,Y,148.0,0.0,H,203.0,0.0,T,205.0,0.0,S,222.0,0.0,E
4LQT,green,66,230,1121.0,66,0,Y,148.0,0.0,H,203.0,0.0,T,205.0,0.0,S,222.0,0.0,E
4LQU,green,66,226,1119.0,66,0,Y,148.0,0.0,H,203.0,0.0,T,205.0,0.0,S,222.0,0.0,E
4LW5,green,66,226,1063.5,66,0,Y,150.0,2.0,H,205.0,2.0,T,207.0,2.0,T,224.0,2.0,E
4N3D,green,65,226,1171.0,65,-1,Y,148.0,0.0,H,203.0,0.0,T,205.0,0.0,S,222.0,0.0,E
4NWS,red,63,224,143.5,63,-3,Y,145.0,-3.0,E,197.0,-6.0,R,199.0,-6.0,L,215.0,-7.0,E
4OGS,green,66,226,1177.0,66,0,Y,148.0,0.0,H,203.0,0.0,V,205.0,0.0,A,222.0,0.0,E
4OHS,red,63,220,144.0,63,-3,Y,151.0,3.0,D,,,-,,,-,212.0,-10.0,Q
4OJ0,red,63,225,167.0,63,-3,Y,145.0,-3.0,E,197.0,-6.0,R,199.0,-6.0,L,215.0,-7.0,E
4OQW,red,63,226,146.5,63,-3,Y,145.0,-3.0,E,197.0,-6.0,R,199.0,-6.0,L,221.0,-1.0,Y
4ORN,blue,66,229,1066.0,66,0,Y,148.0,0.0,G,203.0,0.0,V,205.0,0.0,V,222.0,0.0,E
4PFE,green,66,343,1088.0,66,0,Y,148.0,0.0,H,203.0,0.0,T,205.0,0.0,S,222.0,0.0,E
4Q7R,orange,66,224,171.0,66,0,Y,148.0,0.0,E,197.0,-6.0,I,199.0,-6.0,L,213.0,-9.0,Q
4Q7T,orange,66,215,175.5,66,0,Y,148.0,0.0,E,197.0,-6.0,I,199.0,-6.0,L,213.0,-9.0,Q
4Q7U,orange,66,218,182.0,66,0,Y,148.0,0.0,E,197.0,-6.0,I,199.0,-6.0,L,213.0,-9.0,Q
4Q9W,cyan,62,218,217.0,62,-4,Y,144.0,-4.0,E,193.0,-10.0,H,195.0,-10.0,I,211.0,-11.0,E
4Q9X,cyan,62,214,215.0,62,-4,Y,144.0,-4.0,E,193.0,-10.0,H,195.0,-10.0,I,211.0,-11.0,E
4R6D,cyan,62,214,220.0,62,-4,Y,144.0,-4.0,E,193.0,-10.0,H,196.0,-9.0,E,209.0,-13.0,V
4UTS,green,63,214,190.5,63,-3,Y,144.0,-4.0,E,193.0,-10.0,H,195.0,-10.0,I,210.0,-12.0,H
4XGY,green,66,238,1111.5,66,0,Y,148.0,0.0,H,216.0,13.0,T,218.0,13.0,S,235.0,13.0,E
4XL5,green,66,227,1174.5,66,0,Y,148.0,0.0,H,203.0,0.0,T,205.0,0.0,S,222.0,0.0,E
4XOV,unknown,66,228,1119.5,66,0,Y,148.0,0.0,H,203.0,0.0,T,205.0,0.0,N,222.0,0.0,E
4XOW,unknown,66,227,1105.5,66,0,Y,148.0,0.0,H,203.0,0.0,T,205.0,0.0,N,222.0,0.0,E
4ZB1,unknown,62,227,122.5,62,-4,Y,150.0,2.0,G,217.0,14.0,V,219.0,14.0,R,,,-
4ZBL,orange,65,226,233.5,65,-1,Y,152.0,4.0,H,199.0,-4.0,I,201.0,-4.0,T,218.0,-4.0,E
4ZF3,green,15,217,754.5,15,-51,Y,98.0,-50.0,D,153.0,-50.0,T,155.0,-50.0,T,172.0,-50.0,E
4ZFS,unknown,65,234,220.5,65,-1,Y,152.0,4.0,H,199.0,-4.0,I,201.0,-4.0,T,218.0,-4.0,E
5BQL,unknown,67,226,182.0,67,1,Y,149.0,1.0,E,201.0,-2.0,R,203.0,-2.0,L,225.0,3.0,Y
5BTT,green,66,227,1127.5,66,0,Y,,,-,203.0,0.0,T,205.0,0.0,S,222.0,0.0,E
5DPH,green,66,224,1110.5,66,0,Y,148.0,0.0,H,203.0,0.0,T,205.0,0.0,S,222.0,0.0,E
5DPI,green,66,224,1094.0,66,0,Y,148.0,0.0,H,203.0,0.0,T,205.0,0.0,S,222.0,0.0,E
5DPJ,green,66,225,1099.5,66,0,Y,148.0,0.0,H,203.0,0.0,T,205.0,0.0,S,222.0,0.0,E
5DQB,cyan,65,229,1121.0,65,-1,Y,148.0,0.0,G,203.0,0.0,T,205.0,0.0,S,222.0,0.0,E
5DQM,cyan,65,228,1121.5,65,-1,Y,148.0,0.0,G,203.0,0.0,T,205.0,0.0,S,222.0,0.0,E
5DTL,green,64,220,211.0,64,-2,Y,144.0,-4.0,E,195.0,-8.0,C,197.0,-8.0,E,212.0,-10.0,E
5DTZ,green,68,231,1124.5,68,2,Y,149.0,1.0,H,204.0,1.0,T,206.0,1.0,S,223.0,1.0,E
5DY6,green,66,225,1101.0,66,0,Y,,,-,203.0,0.0,T,205.0,0.0,S,222.0,0.0,E
5EXB,green,64,221,213.5,64,-2,Y,144.0,-4.0,E,193.0,-10.0,H,196.0,-9.0,E,218.0,-4.0,S
5F9G,green,173,229,619.5,173,107,Y,,,-,,,-,,,-,,,-
5FHV,red,66,221,191.0,66,0,Y,148.0,0.0,E,197.0,-6.0,I,199.0,-6.0,L,213.0,-9.0,Q
5FVI,unknown,64,221,214.5,64,-2,Y,144.0,-4.0,E,195.0,-8.0,C,197.0,-8.0,E,212.0,-10.0,E
5H87,unknown,66,214,182.0,66,0,Y,148.0,0.0,E,201.0,-2.0,I,203.0,-2.0,S,213.0,-9.0,Q
5H88,unknown,67,214,187.0,67,1,Y,148.0,0.0,E,201.0,-2.0,I,203.0,-2.0,S,213.0,-9.0,Q
5H89,unknown,66,216,185.0,66,0,Y,148.0,0.0,E,201.0,-2.0,I,203.0,-2.0,S,213.0,-9.0,Q
5HBD,green,66,240,1182.5,66,0,Y,148.0,0.0,H,203.0,0.0,T,205.0,0.0,S,222.0,0.0,E
5HGE,green,66,243,1160.5,66,0,Y,148.0,0.0,H,203.0,0.0,T,205.0,0.0,S,222.0,0.0,E
5HW9,green,66,245,1180.0,66,0,Y,148.0,0.0,H,203.0,0.0,T,205.0,0.0,S,222.0,0.0,E
5HZT,green,62,193,133.0,62,-4,Y,144.0,-4.0,E,,,-,,,-,211.0,-11.0,E
5HZU,green,62,213,188.0,62,-4,Y,144.0,-4.0,E,193.0,-10.0,H,195.0,-10.0,I,210.0,-12.0,H
5J2O,cyan,66,226,1131.0,66,0,Y,148.0,0.0,D,203.0,0.0,T,205.0,0.0,S,222.0,0.0,E
5JZK,green,66,236,1117.0,66,0,Y,148.0,0.0,H,203.0,0.0,T,205.0,0.0,S,222.0,0.0,E
5JZL,green,66,232,1110.0,66,0,Y,148.0,0.0,H,203.0,0.0,T,205.0,0.0,S,222.0,0.0,E
5LEL,green,66,227,1199.0,66,0,Y,148.0,0.0,H,203.0,0.0,T,205.0,0.0,S,222.0,0.0,E
5LK4,red,67,217,214.0,67,1,Y,149.0,1.0,E,198.0,-5.0,R,200.0,-5.0,L,214.0,-8.0,Q
5LTQ,yellow,59,218,68.0,59,-7,Y,172.0,24.0,R,195.0,-8.0,R,197.0,-8.0,T,214.0,-8.0,A
5LTR,green,59,217,108.0,59,-7,Y,148.0,0.0,D,195.0,-8.0,R,197.0,-8.0,T,210.0,-12.0,E
5MA4,green,66,230,1178.0,66,0,Y,148.0,0.0,H,203.0,0.0,T,205.0,0.0,S,222.0,0.0,E
5MA6,green,66,227,1189.0,66,0,Y,148.0,0.0,H,203.0,0.0,T,205.0,0.0,S,222.0,0.0,E
5MA8,green,66,226,1175.0,66,0,Y,148.0,0.0,H,203.0,0.0,T,205.0,0.0,S,222.0,0.0,E
5MA9,green,66,227,1189.0,66,0,Y,148.0,0.0,H,203.0,0.0,T,205.0,0.0,S,222.0,0.0,E
5MFC,green,1066,241,1129.5,1066,1000,Y,1148.0,1000.0,H,1203.0,1000.0,T,1205.0,1000.0,S,1222.0,1000.0,E
5MSE,green,66,224,1000.5,66,0,Y,148.0,0.0,H,203.0,0.0,T,205.0,0.0,S,222.0,0.0,E
5NI3,green,66,225,1134.0,66,0,Y,148.0,0.0,H,203.0,0.0,T,205.0,0.0,S,222.0,0.0,E
5O89,green,68,244,1153.0,68,2,Y,149.0,1.0,H,204.0,1.0,T,206.0,1.0,S,223.0,1.0,E
5OX9,cyan,66,227,1139.5,66,0,Y,148.0,0.0,D,203.0,0.0,T,205.0,0.0,S,222.0,0.0,E
5OXB,cyan,66,226,1135.0,66,0,Y,148.0,0.0,D,203.0,0.0,T,205.0,0.0,S,222.0,0.0,E
5WJ2,green,66,235,1135.0,66,0,Y,148.0,0.0,H,203.0,0.0,H,205.0,0.0,S,222.0,0.0,E
5WJ3,green,66,226,1136.0,66,0,Y,148.0,0.0,H,203.0,0.0,H,205.0,0.0,S,222.0,0.0,E
5WJ4,green,65,228,1115.5,65,-1,Y,146.0,-2.0,D,201.0,-2.0,V,203.0,-2.0,S,220.0,-2.0,Q
5WWK,green,66,229,1091.0,66,0,Y,148.0,0.0,H,203.0,0.0,T,205.0,0.0,S,222.0,0.0,E
5Y8R,unknown,66,222,150.0,66,0,Y,148.0,0.0,S,,,-,202.0,-3.0,H,221.0,-1.0,E
5YR3,yellow,66,225,1071.5,66,0,Y,148.0,0.0,E,203.0,0.0,D,205.0,0.0,T,222.0,0.0,E
5Z6Y,yellow,65,226,1071.0,65,-1,Y,148.0,0.0,E,203.0,0.0,D,205.0,0.0,T,222.0,0.0,E
6AA2,green,65,223,1106.0,65,-1,Y,148.0,0.0,H,203.0,0.0,Y,205.0,0.0,S,222.0,0.0,E
6AA6,unknown,65,237,1101.5,65,-1,Y,148.0,0.0,H,203.0,0.0,Y,205.0,0.0,S,222.0,0.0,E
6AA7,unknown,66,227,153.0,66,0,Y,148.0,0.0,C,205.0,2.0,T,207.0,2.0,E,227.0,5.0,R
6AS9,green,66,245,1180.0,66,0,Y,148.0,0.0,H,203.0,0.0,T,205.0,0.0,S,222.0,0.0,E
6B7R,green,66,228,966.0,66,0,Y,148.0,0.0,H,203.0,0.0,T,205.0,0.0,T,,,-
6CIU,green,64,221,190.5,64,-2,Y,144.0,-4.0,E,193.0,-10.0,H,195.0,-10.0,I,217.0,-5.0,Y
6D38,green,63,213,192.0,63,-3,Y,144.0,-4.0,E,193.0,-10.0,H,195.0,-10.0,I,210.0,-12.0,H
6D39,green,63,213,191.0,63,-3,Y,144.0,-4.0,E,193.0,-10.0,H,195.0,-10.0,I,210.0,-12.0,H
6DEJ,red,64,224,149.0,64,-2,Y,146.0,-2.0,E,195.0,-8.0,T,197.0,-8.0,Y,214.0,-8.0,E
6DQ0,green,66,227,1129.5,66,0,Y,148.0,0.0,H,203.0,0.0,T,205.0,0.0,S,222.0,0.0,E
6FLL,green,1066,224,1168.0,1066,1000,Y,1148.0,1000.0,H,1203.0,1000.0,T,1205.0,1000.0,S,1222.0,1000.0,Q
6FP7,cyan,62,226,245.5,62,-4,Y,144.0,-4.0,E,193.0,-10.0,H,195.0,-10.0,I,209.0,-13.0,V
6FP8,cyan,62,217,221.0,62,-4,Y,144.0,-4.0,E,193.0,-10.0,H,195.0,-10.0,I,209.0,-13.0,V
6FWW,green,65,227,1154.0,65,-1,Y,148.0,0.0,H,203.0,0.0,T,205.0,0.0,S,222.0,0.0,E
6GO8,green,66,233,1176.5,66,0,Y,148.0,0.0,H,203.0,0.0,T,205.0,0.0,S,222.0,0.0,E
6GOY,green,64,221,221.0,64,-2,Y,144.0,-4.0,E,194.0,-9.0,H,196.0,-9.0,I,,,-
6GOZ,green,64,222,225.0,64,-2,Y,144.0,-4.0,E,194.0,-9.0,H,196.0,-9.0,I,212.0,-10.0,E
6GQH,green,66,227,1189.0,66,0,Y,148.0,0.0,H,203.0,0.0,T,205.0,0.0,S,222.0,0.0,E
6GRM,green,66,226,1168.0,66,0,Y,148.0,0.0,H,203.0,0.0,T,205.0,0.0,S,222.0,0.0,E
6HUT,green,66,242,1152.5,66,0,Y,148.0,0.0,H,203.0,0.0,T,205.0,0.0,S,222.0,0.0,E
6J1B,unknown,70,230,279.5,70,4,Y,157.0,9.0,H,204.0,1.0,V,206.0,1.0,I,223.0,1.0,E
6JC6,unknown,63,221,161.0,59,-7,A,145.0,-3.0,E,196.0,-7.0,I,198.0,-7.0,L,212.0,-10.0,Y
6JGH,green,66,228,1174.5,66,0,Y,148.0,0.0,H,203.0,0.0,I,205.0,0.0,S,222.0,0.0,E
6KRG,green,66,219,1084.0,66,0,Y,148.0,0.0,H,203.0,0.0,T,205.0,0.0,S,222.0,0.0,E
6L02,yellow,66,228,1066.0,66,0,Y,148.0,0.0,E,203.0,0.0,Y,205.0,0.0,T,222.0,0.0,E
6L27,green,66,227,1151.5,66,0,Y,148.0,0.0,H,203.0,0.0,T,205.0,0.0,S,222.0,0.0,E
6M9X,green,58,216,82.5,58,-8,Y,149.0,1.0,K,195.0,-8.0,R,197.0,-8.0,S,210.0,-12.0,E
6M9Z,green,58,218,95.5,58,-8,Y,149.0,1.0,K,195.0,-8.0,H,197.0,-8.0,T,211.0,-11.0,E
6MAS,green,58,216,82.5,58,-8,Y,149.0,1.0,K,195.0,-8.0,R,197.0,-8.0,S,210.0,-12.0,E
6MYB,unknown,62,216,181.0,62,-4,Y,144.0,-4.0,E,193.0,-10.0,H,196.0,-9.0,E,211.0,-11.0,E
6MZ3,red,66,220,193.5,66,0,Y,148.0,0.0,E,197.0,-6.0,I,199.0,-6.0,L,213.0,-9.0,Q
6NQJ,green,63,224,182.5,63,-3,Y,144.0,-4.0,E,193.0,-10.0,H,195.0,-10.0,I,211.0,-11.0,E
6NQN,green,63,219,192.0,63,-3,Y,144.0,-4.0,E,193.0,-10.0,H,195.0,-10.0,I,211.0,-11.0,E
6NQO,green,63,221,184.0,63,-3,Y,144.0,-4.0,E,193.0,-10.0,H,195.0,-10.0,I,211.0,-11.0,E
6NQS,green,63,222,183.5,63,-3,Y,144.0,-4.0,E,193.0,-10.0,H,195.0,-10.0,I,211.0,-11.0,E
6NQV,green,63,217,188.0,63,-3,Y,144.0,-4.0,E,193.0,-10.0,H,195.0,-10.0,I,211.0,-11.0,E
6OFK,green,15,226,818.0,15,-51,Y,98.0,-50.0,H,153.0,-50.0,T,155.0,-50.0,T,172.0,-50.0,E
6OFN,green,15,224,803.5,15,-51,Y,98.0,-50.0,H,,,-,155.0,-50.0,T,172.0,-50.0,E
6OFO,green,128,224,854.0,128,62,Y,210.0,62.0,H,,,-,,,-,,,-
6OG8,green,15,221,696.0,15,-51,Y,98.0,-50.0,D,153.0,-50.0,T,155.0,-50.0,T,172.0,-50.0,E
6PFR,green,68,240,1155.0,68,2,Y,149.0,1.0,H,204.0,1.0,T,206.0,1.0,S,223.0,1.0,E
6PFT,green,68,241,1154.5,68,2,Y,149.0,1.0,H,204.0,1.0,T,206.0,1.0,S,223.0,1.0,E
6QQ8,cyan,66,225,1129.5,66,0,Y,148.0,0.0,D,203.0,0.0,T,205.0,0.0,S,222.0,0.0,E
6QQ9,cyan,66,228,1139.0,66,0,Y,148.0,0.0,D,203.0,0.0,T,205.0,0.0,S,222.0,0.0,E
6QQB,cyan,66,230,1138.0,66,0,Y,148.0,0.0,D,203.0,0.0,T,205.0,0.0,S,222.0,0.0,E
6QSL,cyan,62,215,209.0,62,-4,Y,144.0,-4.0,E,193.0,-10.0,H,196.0,-9.0,E,209.0,-13.0,V
6QSM,cyan,62,216,230.0,62,-4,Y,144.0,-4.0,E,193.0,-10.0,H,196.0,-9.0,E,211.0,-11.0,E
6QSO,cyan,62,214,223.5,62,-4,Y,144.0,-4.0,E,193.0,-10.0,H,,,-,209.0,-13.0,V
6QUH,green,65,229,1039.5,65,-1,Y,146.0,-2.0,H,201.0,-2.0,T,203.0,-2.0,T,220.0,-2.0,E
6QUI,green,65,229,1039.5,65,-1,Y,146.0,-2.0,H,201.0,-2.0,T,203.0,-2.0,T,220.0,-2.0,E
6QUJ,green,65,229,1039.5,65,-1,Y,146.0,-2.0,H,201.0,-2.0,T,203.0,-2.0,T,220.0,-2.0,E
6S67,green,65,224,607.5,65,-1,Y,146.0,-2.0,H,201.0,-2.0,A,203.0,-2.0,T,220.0,-2.0,E
6SM0,yellow,66,227,1156.0,66,0,Y,148.0,0.0,H,203.0,0.0,Y,205.0,0.0,S,222.0,0.0,E
6T39,green,68,237,1156.5,68,2,Y,149.0,1.0,H,204.0,1.0,T,206.0,1.0,S,223.0,1.0,E
6T3A,green,68,237,1156.5,68,2,Y,149.0,1.0,H,204.0,1.0,T,206.0,1.0,S,223.0,1.0,E
6UHJ,green,66,226,1160.0,66,0,Y,149.0,1.0,H,204.0,1.0,T,206.0,1.0,S,223.0,1.0,E
6UHK,green,66,226,1160.0,66,0,Y,149.0,1.0,H,204.0,1.0,T,206.0,1.0,S,223.0,1.0,E
6UHL,green,66,225,1170.0,66,0,Y,149.0,1.0,H,204.0,1.0,T,206.0,1.0,S,223.0,1.0,E
6UHM,green,66,230,1172.5,66,0,Y,149.0,1.0,H,204.0,1.0,T,206.0,1.0,S,223.0,1.0,E
6UHN,green,66,225,1170.0,66,0,Y,149.0,1.0,H,204.0,1.0,T,206.0,1.0,S,223.0,1.0,E
6UHO,green,66,226,1184.0,66,0,Y,149.0,1.0,H,204.0,1.0,T,206.0,1.0,S,223.0,1.0,E
6UHP,green,66,225,1170.0,66,0,Y,149.0,1.0,H,204.0,1.0,T,206.0,1.0,S,223.0,1.0,E
6UHQ,green,66,231,1172.0,66,0,Y,149.0,1.0,H,204.0,1.0,T,206.0,1.0,S,223.0,1.0,E
6UHR,green,66,225,1170.0,66,0,Y,149.0,1.0,H,204.0,1.0,T,206.0,1.0,S,223.0,1.0,E
6UN6,green,15,225,818.5,15,-51,Y,98.0,-50.0,H,153.0,-50.0,T,155.0,-50.0,T,172.0,-50.0,E
6VIO,yellow,66,227,1173.0,66,0,Y,148.0,0.0,S,203.0,0.0,Y,205.0,0.0,S,222.0,0.0,E
6XWY,red,63,218,187.0,63,-3,Y,144.0,-4.0,E,196.0,-7.0,H,199.0,-6.0,E,214.0,-8.0,E
6XZF,green,66,226,1199.0,66,0,Y,148.0,0.0,H,203.0,0.0,T,205.0,0.0,S,222.0,0.0,E
6Y1G,red,64,222,153.0,64,-2,Y,146.0,-2.0,E,195.0,-8.0,T,197.0,-8.0,I,214.0,-8.0,E
6YLS,green,64,220,219.0,64,-2,Y,144.0,-4.0,E,194.0,-9.0,H,196.0,-9.0,I,212.0,-10.0,E
6ZQO,yellow,65,230,1171.5,65,-1,Y,146.0,-2.0,H,201.0,-2.0,Y,203.0,-2.0,S,220.0,-2.0,E
7A7L,green,66,231,1152.5,66,0,Y,148.0,0.0,H,203.0,0.0,T,205.0,0.0,N,222.0,0.0,E
7A7M,unknown,66,228,1123.5,66,0,Y,148.0,0.0,H,203.0,0.0,T,205.0,0.0,N,222.0,0.0,E
7A7N,unknown,66,228,1123.5,66,0,Y,148.0,0.0,H,203.0,0.0,T,205.0,0.0,N,222.0,0.0,E
7A7O,unknown,66,233,1112.5,66,0,Y,148.0,0.0,H,203.0,0.0,T,205.0,0.0,N,222.0,0.0,E
7A7P,unknown,66,228,1124.5,66,0,Y,148.0,0.0,H,203.0,0.0,T,205.0,0.0,N,222.0,0.0,E
7A7Q,unknown,66,222,1061.0,66,0,Y,148.0,0.0,H,203.0,0.0,T,205.0,0.0,N,222.0,0.0,E
7A7R,unknown,66,222,1061.0,66,0,Y,148.0,0.0,H,203.0,0.0,T,205.0,0.0,N,222.0,0.0,E
7A7S,unknown,66,227,1078.5,66,0,Y,148.0,0.0,H,203.0,0.0,T,205.0,0.0,N,222.0,0.0,E
7A7T,unknown,66,228,1092.5,66,0,Y,148.0,0.0,H,203.0,0.0,T,205.0,0.0,N,222.0,0.0,E
7A7U,unknown,66,224,1082.5,66,0,Y,148.0,0.0,H,203.0,0.0,T,205.0,0.0,N,222.0,0.0,E
7A7V,unknown,66,226,1107.0,66,0,Y,148.0,0.0,H,203.0,0.0,T,205.0,0.0,N,222.0,0.0,E
7A7W,unknown,66,228,1115.5,66,0,Y,148.0,0.0,H,203.0,0.0,T,205.0,0.0,N,222.0,0.0,E
7A7X,unknown,66,228,1115.5,66,0,Y,148.0,0.0,H,203.0,0.0,T,205.0,0.0,N,222.0,0.0,E
7A7Y,unknown,66,239,1100.5,66,0,Y,148.0,0.0,H,203.0,0.0,T,205.0,0.0,N,222.0,0.0,E
7A7Z,unknown,66,225,1098.5,66,0,Y,148.0,0.0,H,203.0,0.0,T,205.0,0.0,N,222.0,0.0,G
7A80,unknown,66,227,1103.5,66,0,Y,148.0,0.0,H,203.0,0.0,T,205.0,0.0,N,222.0,0.0,V
7A81,unknown,66,231,1118.0,66,0,Y,148.0,0.0,H,203.0,0.0,T,205.0,0.0,N,222.0,0.0,E
7A82,unknown,66,231,1118.0,66,0,Y,148.0,0.0,H,203.0,0.0,T,205.0,0.0,N,222.0,0.0,E
7A83,unknown,66,227,1124.0,66,0,Y,148.0,0.0,H,203.0,0.0,T,205.0,0.0,N,222.0,0.0,E
7A84,unknown,66,225,1104.5,66,0,Y,148.0,0.0,H,203.0,0.0,T,205.0,0.0,N,222.0,0.0,E
7A85,unknown,66,224,1111.5,66,0,Y,148.0,0.0,H,203.0,0.0,T,205.0,0.0,N,222.0,0.0,E
7A86,unknown,66,225,1101.5,66,0,Y,148.0,0.0,H,203.0,0.0,T,205.0,0.0,N,222.0,0.0,E
7A87,unknown,66,235,1107.5,66,0,Y,148.0,0.0,H,203.0,0.0,T,205.0,0.0,N,222.0,0.0,E
7A88,unknown,66,233,1118.0,66,0,Y,148.0,0.0,H,203.0,0.0,T,205.0,0.0,N,222.0,0.0,E
7A89,unknown,66,225,1117.0,66,0,Y,148.0,0.0,H,203.0,0.0,T,205.0,0.0,N,222.0,0.0,E
7A8A,unknown,66,232,1109.0,66,0,Y,148.0,0.0,H,203.0,0.0,T,205.0,0.0,N,222.0,0.0,E
7A8B,unknown,66,234,1102.0,66,0,Y,148.0,0.0,H,203.0,0.0,T,205.0,0.0,N,222.0,0.0,E
7A8C,unknown,66,226,1106.0,66,0,Y,148.0,0.0,H,203.0,0.0,T,205.0,0.0,N,222.0,0.0,E
7A8D,unknown,66,233,1117.0,66,0,Y,148.0,0.0,H,203.0,0.0,T,205.0,0.0,N,222.0,0.0,E
7A8E,unknown,66,229,1119.0,66,0,Y,148.0,0.0,H,203.0,0.0,T,205.0,0.0,N,222.0,0.0,E
7A8F,unknown,66,231,1117.0,66,0,Y,148.0,0.0,H,203.0,0.0,T,205.0,0.0,N,222.0,0.0,E
7A8G,unknown,66,224,1105.5,66,0,Y,148.0,0.0,G,203.0,0.0,T,205.0,0.0,N,222.0,0.0,E
7A8H,unknown,66,225,1112.0,66,0,Y,148.0,0.0,S,203.0,0.0,T,205.0,0.0,N,222.0,0.0,E
7A8I,unknown,66,225,1112.0,66,0,Y,148.0,0.0,S,203.0,0.0,T,205.0,0.0,N,222.0,0.0,E
7A8J,unknown,66,231,1112.0,66,0,Y,148.0,0.0,V,203.0,0.0,T,205.0,0.0,N,222.0,0.0,E
7A8K,unknown,66,225,1094.5,66,0,Y,148.0,0.0,V,203.0,0.0,T,205.0,0.0,N,222.0,0.0,E
7A8L,unknown,66,234,1119.5,66,0,Y,148.0,0.0,H,203.0,0.0,T,205.0,0.0,C,222.0,0.0,E
7A8M,unknown,66,234,1120.5,66,0,Y,148.0,0.0,H,203.0,0.0,T,205.0,0.0,G,222.0,0.0,E
7A8N,unknown,66,231,1120.0,66,0,Y,148.0,0.0,H,203.0,0.0,T,205.0,0.0,L,222.0,0.0,E
7A8O,unknown,66,233,1115.5,66,0,Y,148.0,0.0,H,203.0,0.0,T,205.0,0.0,S,222.0,0.0,E
7AMF,unknown,68,231,1128.5,68,2,Y,149.0,1.0,H,204.0,1.0,T,206.0,1.0,S,223.0,1.0,E
7AMU,green,68,235,1152.5,68,2,Y,149.0,1.0,H,204.0,1.0,A,206.0,1.0,S,223.0,1.0,E
7BHG,red,65,223,161.0,65,-1,Y,145.0,-3.0,E,197.0,-6.0,H,199.0,-6.0,L,220.0,-2.0,R
7CAO,unknown,60,227,186.0,60,-6,Y,143.0,-5.0,H,193.0,-10.0,H,195.0,-10.0,I,212.0,-10.0,E
7E53,green,66,227,1146.0,66,0,Y,148.0,0.0,H,203.0,0.0,T,205.0,0.0,S,222.0,0.0,E
7KM4,green,66,219,1066.0,66,0,Y,148.0,0.0,H,203.0,0.0,T,205.0,0.0,S,222.0,0.0,E
7LG4,green,66,228,1005.0,66,0,Y,148.0,0.0,H,203.0,0.0,C,205.0,0.0,T,222.0,0.0,E
7O7C,green,68,233,1154.5,68,2,Y,149.0,1.0,H,204.0,1.0,T,206.0,1.0,S,223.0,1.0,E
7O7D,green,68,232,1155.0,68,2,Y,149.0,1.0,H,204.0,1.0,T,206.0,1.0,S,223.0,1.0,E
7O7E,green,68,235,1154.5,68,2,Y,149.0,1.0,H,204.0,1.0,T,206.0,1.0,S,223.0,1.0,E
7O7H,green,68,237,1153.5,68,2,Y,149.0,1.0,H,204.0,1.0,T,206.0,1.0,S,223.0,1.0,E
7O7U,green,68,238,1156.0,68,2,Y,149.0,1.0,H,204.0,1.0,T,206.0,1.0,S,223.0,1.0,E
7O7V,green,68,243,1149.5,68,2,Y,149.0,1.0,H,204.0,1.0,T,206.0,1.0,S,223.0,1.0,E
7O7W,green,68,237,1153.5,68,2,Y,149.0,1.0,H,204.0,1.0,T,206.0,1.0,S,223.0,1.0,E
7O7X,green,68,235,1153.5,68,2,Y,149.0,1.0,H,204.0,1.0,T,206.0,1.0,S,223.0,1.0,E
7OIN,red,67,227,218.0,67,1,Y,,,-,199.0,-4.0,R,201.0,-4.0,L,215.0,-7.0,Q
7PCA,green,66,229,1103.5,66,0,Y,148.0,0.0,H,203.0,0.0,T,205.0,0.0,S,222.0,0.0,E
7PCZ,green,66,236,1105.0,66,0,Y,148.0,0.0,H,203.0,0.0,T,205.0,0.0,S,222.0,0.0,E
7PD0,green,66,228,1102.0,66,0,Y,148.0,0.0,H,203.0,0.0,T,205.0,0.0,S,222.0,0.0,E
7PNN,yellow,66,229,1140.5,66,0,Y,147.0,-1.0,H,202.0,-1.0,Y,204.0,-1.0,S,221.0,-1.0,E
7Q6B,red,68,222,233.5,68,2,Y,149.0,1.0,T,202.0,-1.0,H,205.0,0.0,E,220.0,-2.0,E
7QGK,red,68,218,208.0,68,2,Y,149.0,1.0,T,202.0,-1.0,H,205.0,0.0,E,220.0,-2.0,E
7RRJ,green,63,217,186.5,63,-3,Y,144.0,-4.0,E,193.0,-10.0,H,195.0,-10.0,I,211.0,-11.0,E
7RRK,green,63,215,194.0,63,-3,Y,144.0,-4.0,E,193.0,-10.0,H,195.0,-10.0,I,211.0,-11.0,E
7RY2,unknown,66,216,201.0,66,0,Y,148.0,0.0,E,197.0,-6.0,I,199.0,-6.0,M,213.0,-9.0,Q
7SAH,green,66,227,1174.5,66,0,Y,148.0,0.0,H,203.0,0.0,T,205.0,0.0,S,222.0,0.0,E
7SAI,green,66,227,1174.5,66,0,Y,148.0,0.0,H,203.0,0.0,T,205.0,0.0,S,222.0,0.0,E
7SAJ,red,66,216,193.5,66,0,Y,148.0,0.0,E,197.0,-6.0,I,199.0,-6.0,L,213.0,-9.0,Q
7SAK,red,66,226,190.5,66,0,Y,148.0,0.0,E,197.0,-6.0,I,199.0,-6.0,L,213.0,-9.0,Q
7SAL,red,66,218,196.5,66,0,Y,148.0,0.0,E,197.0,-6.0,I,199.0,-6.0,L,213.0,-9.0,Q
7SFA,green,67,216,106.5,67,1,Y,158.0,10.0,K,204.0,1.0,R,206.0,1.0,S,219.0,-3.0,E
7SWR,unknown,62,216,179.0,62,-4,Y,144.0,-4.0,E,193.0,-10.0,R,195.0,-10.0,L,209.0,-13.0,Q
7SWS,unknown,62,218,167.5,62,-4,Y,144.0,-4.0,E,193.0,-10.0,R,195.0,-10.0,L,217.0,-5.0,K
7SWT,unknown,62,222,157.0,62,-4,Y,146.0,-2.0,E,195.0,-8.0,H,197.0,-8.0,L,218.0,-4.0,H
7SWU,unknown,66,217,202.0,66,0,Y,148.0,0.0,E,200.0,-3.0,T,202.0,-3.0,T,215.0,-7.0,E
7UGR,yellow,66,227,1051.5,66,0,Y,148.0,0.0,H,203.0,0.0,Y,205.0,0.0,S,222.0,0.0,E
7UGS,yellow,66,227,1044.5,66,0,Y,148.0,0.0,H,203.0,0.0,Y,205.0,0.0,S,222.0,0.0,E
7UGT,unknown,66,229,1075.0,66,0,Y,148.0,0.0,H,203.0,0.0,H,205.0,0.0,S,222.0,0.0,E
7X2B,red,62,218,168.5,62,-4,Y,144.0,-4.0,E,193.0,-10.0,H,195.0,-10.0,I,209.0,-13.0,Q
7YAO,green,58,217,275.0,58,-8,Y,138.0,-10.0,E,192.0,-11.0,K,194.0,-11.0,Y,211.0,-11.0,E
7YEU,green,65,236,1145.5,65,-1,Y,146.0,-2.0,H,201.0,-2.0,T,203.0,-2.0,S,220.0,-2.0,E
7YRE,green,58,208,265.5,58,-8,Y,138.0,-10.0,E,192.0,-11.0,K,194.0,-11.0,Y,211.0,-11.0,E
7YV3,green,66,226,1114.0,66,0,Y,148.0,0.0,H,203.0,0.0,T,205.0,0.0,S,222.0,0.0,E
7YV5,unknown,66,225,1100.0,66,0,Y,148.0,0.0,H,203.0,0.0,T,205.0,0.0,S,222.0,0.0,E
7ZCT,red,67,215,205.5,67,1,Y,149.0,1.0,E,198.0,-5.0,R,200.0,-5.0,L,214.0,-8.0,Q
8A6G,green,68,235,1157.5,68,2,Y,149.0,1.0,H,204.0,1.0,T,206.0,1.0,S,223.0,1.0,E
8A6N,green,68,235,1157.5,68,2,Y,149.0,1.0,H,204.0,1.0,T,206.0,1.0,S,223.0,1.0,E
8A6O,green,68,235,1157.5,68,2,Y,149.0,1.0,H,204.0,1.0,T,206.0,1.0,S,223.0,1.0,E
8A6P,green,68,235,1157.5,68,2,Y,149.0,1.0,H,204.0,1.0,T,206.0,1.0,S,223.0,1.0,E
8A6Q,green,68,235,1157.5,68,2,Y,149.0,1.0,H,204.0,1.0,T,206.0,1.0,S,223.0,1.0,E
8A6R,green,68,235,1157.5,68,2,Y,149.0,1.0,H,204.0,1.0,T,206.0,1.0,S,223.0,1.0,E
8A6S,green,68,235,1157.5,68,2,Y,149.0,1.0,H,204.0,1.0,T,206.0,1.0,S,223.0,1.0,E
8A7V,green,68,235,1157.5,68,2,Y,149.0,1.0,H,204.0,1.0,T,206.0,1.0,S,223.0,1.0,E
8A83,green,68,225,1151.5,68,2,Y,149.0,1.0,H,204.0,1.0,T,206.0,1.0,S,223.0,1.0,E
8AHA,green,68,238,1156.0,68,2,Y,149.0,1.0,H,204.0,1.0,T,206.0,1.0,S,223.0,1.0,E
8AHB,green,68,236,1157.0,68,2,Y,149.0,1.0,H,204.0,1.0,T,206.0,1.0,S,223.0,1.0,E
8AM4,green,79,230,1140.5,79,13,Y,160.0,12.0,H,215.0,12.0,T,217.0,12.0,S,234.0,12.0,E
8ARM,red,67,220,215.5,67,1,Y,,,-,199.0,-4.0,R,201.0,-4.0,L,215.0,-7.0,Q
8B65,unknown,66,220,186.5,66,0,Y,148.0,0.0,E,197.0,-6.0,I,199.0,-6.0,L,213.0,-9.0,Q
8BAN,unknown,66,245,1179.0,66,0,Y,148.0,0.0,H,203.0,0.0,T,205.0,0.0,S,222.0,0.0,E
8BAV,unknown,66,244,1174.5,66,0,Y,148.0,0.0,H,203.0,0.0,T,205.0,0.0,S,222.0,0.0,E
8BGL,unknown,66,216,172.5,66,0,Y,148.0,0.0,E,197.0,-6.0,I,199.0,-6.0,L,213.0,-9.0,Q
8BVG,unknown,65,229,1167.5,65,-1,Y,148.0,0.0,H,203.0,0.0,T,205.0,0.0,S,222.0,0.0,E
8BXP,green,66,232,1121.0,66,0,Y,148.0,0.0,C,203.0,0.0,T,205.0,0.0,S,222.0,0.0,E
8C1X,green,66,231,1116.5,66,0,Y,148.0,0.0,C,203.0,0.0,T,205.0,0.0,S,222.0,0.0,E
8DHR,green,66,225,1109.0,66,0,Y,148.0,0.0,H,203.0,0.0,T,205.0,0.0,S,222.0,0.0,E
8DPD,green,66,227,1114.0,66,0,Y,148.0,0.0,H,203.0,0.0,T,205.0,0.0,S,222.0,0.0,E
8DTA,green,66,235,1150.5,66,0,Y,148.0,0.0,H,203.0,0.0,T,205.0,0.0,S,222.0,0.0,E
8G0I,green,66,223,1163.5,66,0,Y,148.0,0.0,H,203.0,0.0,T,205.0,0.0,S,222.0,0.0,E
8GOS,unknown,66,215,186.0,66,0,Y,148.0,0.0,E,197.0,-6.0,I,199.0,-6.0,L,213.0,-9.0,Q
8GYF,green,58,214,271.5,58,-8,Y,138.0,-10.0,E,192.0,-11.0,Y,194.0,-11.0,Y,211.0,-11.0,E
8I4J,green,64,221,195.5,64,-2,Y,144.0,-4.0,E,193.0,-10.0,H,195.0,-10.0,I,217.0,-5.0,Y
8I4K,unknown,64,221,173.0,64,-2,Y,144.0,-4.0,E,193.0,-10.0,H,195.0,-10.0,I,217.0,-5.0,Y
8IYY,green,65,237,1117.5,65,-1,Y,148.0,0.0,G,203.0,0.0,C,205.0,0.0,S,222.0,0.0,E
8IYZ,green,65,225,1145.0,65,-1,Y,148.0,0.0,D,203.0,0.0,T,205.0,0.0,S,222.0,0.0,E
8IZ0,cyan,65,228,1148.5,65,-1,Y,148.0,0.0,D,203.0,0.0,T,205.0,0.0,S,222.0,0.0,E
8IZ1,unknown,65,228,1131.5,65,-1,Y,148.0,0.0,G,203.0,0.0,E,205.0,0.0,S,222.0,0.0,E
8IZ2,unknown,65,231,1120.5,65,-1,Y,148.0,0.0,G,203.0,0.0,E,205.0,0.0,S,222.0,0.0,E
8IZ3,unknown,65,227,1117.5,65,-1,Y,148.0,0.0,G,203.0,0.0,C,205.0,0.0,S,222.0,0.0,E
8JKC,green,66,225,1155.0,66,0,Y,148.0,0.0,H,203.0,0.0,T,205.0,0.0,S,222.0,0.0,E
8JKG,green,66,225,1155.0,66,0,Y,148.0,0.0,H,203.0,0.0,T,205.0,0.0,S,222.0,0.0,E
8JKI,green,66,225,1155.0,66,0,Y,148.0,0.0,H,203.0,0.0,T,205.0,0.0,S,222.0,0.0,E
8JL2,green,66,225,1155.0,66,0,Y,148.0,0.0,H,203.0,0.0,T,205.0,0.0,S,222.0,0.0,E
8JL5,green,66,224,1135.0,66,0,Y,148.0,0.0,H,203.0,0.0,T,205.0,0.0,S,222.0,0.0,E
8JL6,green,66,223,1128.5,66,0,Y,148.0,0.0,H,203.0,0.0,T,205.0,0.0,S,222.0,0.0,E
8JL7,green,66,223,1128.5,66,0,Y,148.0,0.0,H,203.0,0.0,T,205.0,0.0,S,222.0,0.0,E
8JLL,green,66,223,1128.5,66,0,Y,148.0,0.0,H,203.0,0.0,T,205.0,0.0,S,222.0,0.0,E
8JLM,green,66,225,1149.0,66,0,Y,148.0,0.0,H,203.0,0.0,T,205.0,0.0,S,222.0,0.0,E
8JLS,green,66,225,1149.0,66,0,Y,148.0,0.0,H,203.0,0.0,T,205.0,0.0,S,222.0,0.0,E
8JLT,green,66,225,1149.0,66,0,Y,148.0,0.0,H,203.0,0.0,T,205.0,0.0,S,222.0,0.0,E
8JLU,green,66,225,1149.0,66,0,Y,148.0,0.0,H,203.0,0.0,T,205.0,0.0,S,222.0,0.0,E
8OVY,green,65,226,1109.5,65,-1,Y,214.0,66.0,H,269.0,66.0,T,271.0,66.0,S,288.0,66.0,E
8Q6W,orange,66,216,178.0,66,0,Y,148.0,0.0,E,197.0,-6.0,I,199.0,-6.0,L,213.0,-9.0,Q
8QDD,green,57,215,262.5,57,-9,Y,136.0,-12.0,E,190.0,-13.0,K,192.0,-13.0,Y,209.0,-13.0,E
8QWJ,green,66,226,1105.5,66,0,Y,148.0,0.0,H,203.0,0.0,T,205.0,0.0,S,222.0,0.0,E
8RZZ,green,66,229,142.5,66,0,Y,150.0,2.0,T,,,-,196.0,-9.0,H,214.0,-8.0,E
8S0G,green,67,230,150.5,67,1,Y,151.0,3.0,T,,,-,197.0,-8.0,H,215.0,-7.0,E
8S1L,green,66,231,146.5,66,0,Y,150.0,2.0,T,,,-,196.0,-9.0,H,214.0,-8.0,E
8S1V,green,67,230,150.5,67,1,Y,151.0,3.0,T,,,-,197.0,-8.0,H,215.0,-7.0,E
8SFS,green,66,225,1188.0,66,0,Y,148.0,0.0,H,203.0,0.0,T,205.0,0.0,S,222.0,0.0,E
8SFX,green,66,227,1187.0,66,0,Y,148.0,0.0,H,203.0,0.0,T,205.0,0.0,S,222.0,0.0,E
8SG3,green,66,227,1187.0,66,0,Y,148.0,0.0,H,203.0,0.0,T,205.0,0.0,S,222.0,0.0,E
8SXC,unknown,63,230,159.5,63,-3,Y,145.0,-3.0,E,197.0,-6.0,H,199.0,-6.0,L,223.0,1.0,D
8U20,green,66,211,194.5,66,0,Y,146.0,-2.0,S,197.0,-6.0,H,199.0,-6.0,L,218.0,-4.0,Y
8U21,green,66,211,195.5,66,0,Y,146.0,-2.0,S,197.0,-6.0,H,199.0,-6.0,L,218.0,-4.0,Y
8U22,green,66,212,186.0,66,0,Y,148.0,0.0,E,197.0,-6.0,H,199.0,-6.0,L,218.0,-4.0,Y
8U23,green,66,212,188.0,66,0,Y,148.0,0.0,E,197.0,-6.0,H,199.0,-6.0,L,218.0,-4.0,Y
8U24,green,66,212,185.0,66,0,Y,148.0,0.0,E,197.0,-6.0,H,199.0,-6.0,L,218.0,-4.0,Y
8UL2,unknown,64,218,215.0,64,-2,Y,144.0,-4.0,E,195.0,-8.0,C,197.0,-8.0,E,212.0,-10.0,E
8UQQ,yellow,144,224,801.5,144,78,Y,227.0,79.0,H,,,-,,,-,,,-
8XC6,red,63,223,180.5,63,-3,Y,145.0,-3.0,E,194.0,-9.0,R,196.0,-9.0,L,210.0,-12.0,Q
8XLD,green,58,214,271.5,58,-8,Y,138.0,-10.0,E,192.0,-11.0,K,194.0,-11.0,Y,211.0,-11.0,E
8YDO,red,63,218,170.5,63,-3,Y,145.0,-3.0,E,194.0,-9.0,R,196.0,-9.0,L,210.0,-12.0,Q
8YQ4,unknown,58,214,272.5,58,-8,Y,138.0,-10.0,E,192.0,-11.0,K,194.0,-11.0,Y,211.0,-11.0,E
8ZXH,red,67,215,203.0,67,1,Y,149.0,1.0,E,198.0,-5.0,R,200.0,-5.0,L,214.0,-8.0,Q
8ZXO,red,67,217,210.0,67,1,Y,149.0,1.0,E,198.0,-5.0,R,200.0,-5.0,L,214.0,-8.0,Q
9C74,green,66,225,1119.5,66,0,Y,148.0,0.0,H,203.0,0.0,T,205.0,0.0,S,222.0,0.0,E
9CJM,red,64,220,206.0,64,-2,Y,145.0,-3.0,E,197.0,-6.0,H,200.0,-5.0,E,215.0,-7.0,E
9F23,green,66,227,1189.0,66,0,Y,148.0,0.0,H,203.0,0.0,T,205.0,0.0,S,222.0,0.0,E
9FEL,red,66,215,176.0,66,0,Y,148.0,0.0,E,197.0,-6.0,I,199.0,-6.0,L,213.0,-9.0,Q
9FEM,green,58,215,109.5,58,-8,Y,148.0,0.0,D,195.0,-8.0,R,197.0,-8.0,T,210.0,-12.0,E
9FEN,orange,65,229,1066.5,65,-1,Y,146.0,-2.0,G,201.0,-2.0,T,203.0,-2.0,S,220.0,-2.0,E
9FEO,orange,66,213,177.5,66,0,Y,148.0,0.0,E,197.0,-6.0,I,199.0,-6.0,L,213.0,-9.0,Q
9FEQ,orange,65,226,1108.0,65,-1,Y,148.0,0.0,G,203.0,0.0,T,205.0,0.0,S,222.0,0.0,E
9FES,red,68,220,193.5,68,2,Y,148.0,0.0,E,197.0,-6.0,I,199.0,-6.0,L,213.0,-9.0,Q
9FGI,orange,65,228,1076.5,65,-1,Y,148.0,0.0,G,203.0,0.0,T,205.0,0.0,S,222.0,0.0,E
9G7Q,unknown,58,215,270.0,58,-8,Y,138.0,-10.0,E,192.0,-11.0,K,194.0,-11.0,Y,211.0,-11.0,E
9GVR,green,62,218,223.0,62,-4,Y,144.0,-4.0,E,194.0,-9.0,H,196.0,-9.0,I,212.0,-10.0,E
9H25,unknown,66,219,184.0,66,0,Y,148.0,0.0,E,197.0,-6.0,I,199.0,-6.0,L,213.0,-9.0,Q
9IRJ,orange,229,216,173.5,229,163,Y,379.0,231.0,E,428.0,225.0,I,430.0,225.0,L,444.0,222.0,Q
9J0Q,green,64,219,225.5,64,-2,Y,144.0,-4.0,E,195.0,-8.0,C,197.0,-8.0,E,212.0,-10.0,E
9J0R,green,64,215,222.0,64,-2,Y,144.0,-4.0,E,195.0,-8.0,C,197.0,-8.0,E,212.0,-10.0,E
9J11,green,64,216,222.0,64,-2,Y,144.0,-4.0,E,195.0,-8.0,C,197.0,-8.0,E,212.0,-10.0,E
9JX2,unknown,66,215,190.0,66,0,Y,148.0,0.0,E,197.0,-6.0,I,199.0,-6.0,L,213.0,-9.0,Q
9LPU,red,63,222,186.0,63,-3,Y,145.0,-3.0,E,194.0,-9.0,R,196.0,-9.0,L,210.0,-12.0,Q
9LSA,red,66,220,193.0,66,0,Y,148.0,0.0,E,203.0,0.0,I,205.0,0.0,L,219.0,-3.0,Q
9LSC,red,66,220,193.0,66,0,Y,148.0,0.0,E,203.0,0.0,I,205.0,0.0,L,219.0,-3.0,Q
9LSF,red,66,220,193.0,66,0,Y,148.0,0.0,E,203.0,0.0,I,205.0,0.0,L,219.0,-3.0,Q
9LSW,red,66,213,196.0,66,0,Y,148.0,0.0,E,203.0,0.0,I,205.0,0.0,L,219.0,-3.0,Q
9LYL,unknown,67,225,1071.5,67,1,Y,148.0,0.0,E,203.0,0.0,D,205.0,0.0,T,222.0,0.0,E
9MUS,unknown,66,226,1106.0,66,0,Y,149.0,1.0,D,204.0,1.0,T,206.0,1.0,S,223.0,1.0,E
9MUT,unknown,66,226,1108.0,66,0,Y,149.0,1.0,D,204.0,1.0,T,206.0,1.0,S,223.0,1.0,E
9MUU,unknown,65,234,1078.0,65,-1,Y,147.0,-1.0,D,202.0,-1.0,T,204.0,-1.0,S,221.0,-1.0,E
9MUV,unknown,65,228,1097.5,65,-1,Y,147.0,-1.0,D,202.0,-1.0,T,204.0,-1.0,S,221.0,-1.0,E
9TAD,red,66,218,196.5,66,0,Y,148.0,0.0,E,197.0,-6.0,I,199.0,-6.0,L,213.0,-9.0,Q
