pdb_id,tau_new,phi_new,d_new,tau_old,phi_old,d_old
1B9C,2.383488765761248,-3.1882987625983623,3.9807370794987564,2.383488765761248,-3.1882987625983623,3.980737079498761
1BFP,-2.4340142546373253,-176.77479474549904,4.040590838656935,-2.4340142546373253,-176.77479474549904,4.0405908386569305
1C4F,0.4492202698342444,-0.12631890706915383,0.46664260104828625,0.4492202698342444,-0.1263189070691538,0.4666426010482721
1CV7,34.64550029533548,-36.29992872910395,50.17963248622011,34.64550029533548,-36.29992872910395,50.17963248622012
1EMA,-17.557120105736356,13.024501170160832,21.86069754465241,-17.557120105736356,13.024501170160832,21.860697544652428
1EMB,-7.140300101303171,5.6858615500095055,9.12759043244968,-7.140300101303171,5.6858615500095055,9.12759043244966
1EMC,0.286329813496538,0.7888289975201526,0.8391876723508233,0.286329813496538,0.7888289975201526,0.8391876723508342
1EME,0.5589024645915488,5.282585298377461,5.312069220140126,0.5589024645915488,5.282585298377461,5.312069220140132
1EMF,-0.3434444088314389,-176.18540648822824,3.830023201236357,-0.3434444088314389,-176.18540648822824,3.830023201236357
1EMG,-3.9547527139399694,4.188976161904555,5.76086714943333,-3.9547527139399694,4.188976161904555,5.760867149433336
1EMK,1.0369190309041765,1.8524805308804002,2.122942579049703,1.0369190309041765,1.8524805308804,2.1229425790496985
1EML,0.4245132978178218,4.284392629697998,4.305372428191867,0.4245132978178218,4.284392629697998,4.305372428191862
1EMM,0.20317701021365797,-0.6497236430817596,0.680750842716183,0.2031770102136579,-0.6497236430817596,0.6807508427161839
1F09,-5.140145256908789,2.9354814027434175,5.919302689335498,-5.140145256908789,2.935481402743417,5.919302689335491
1F0B,13.261595544788863,-16.71790403717267,21.339124438216253,13.261595544788864,-16.71790403717267,21.339124438216253
1G7K,-0.0009165894373260186,-3.5242144723258546,3.5242145915206806,-0.000916589437326,-3.5242144723258546,3.524214591520669
1GGX,-2.0115462085299853,-2.362155032719029,3.1025948088094113,-2.0115462085299853,-2.362155032719029,3.102594808809425
1H6R,-7.310253708142118,-4.201266840668775,8.431515423926387,-7.310253708142118,-4.201266840668775,8.431515423926387
1HCJ,-2.981023167498054,3.402922341986093,4.523978292470927,-2.981023167498054,3.402922341986093,4.523978292470936
1HUY,-1.6819564037932873,-0.5828992973937563,1.7800980127968837,-1.6819564037932873,-0.5828992973937563,1.7800980127968746
1JBY,-0.12872500595141914,1.9273432243812818,1.9316371376957946,-0.1287250059514191,1.9273432243812816,1.9316371376958013
1JBZ,-1.8621884842468144,1.4203206271359259,2.342019776758785,-1.8621884842468144,1.420320627135926,2.3420197767587783
1JC0,-1.6849956471508385,1.6427276439180423,2.3532455126930096,-1.6849956471508385,1.6427276439180425,2.353245512693012
1JC1,0.8059605611882708,0.4740225022460194,0.9350239348949776,0.8059605611882708,0.4740225022460194,0.9350239348949788
1KP5,-1.203527766953806,-166.91263512855372,13.142587202076907,-1.203527766953806,-166.91263512855372,13.14258720207688
1KYP,-8.867061095103432,-166.35958944728364,16.269160166122692,-8.867061095103432,-166.35958944728364,16.269160166122674
1KYR,-13.146579991046094,-170.89132686200733,15.993764153436892,-13.146579991046094,-170.89132686200733,15.993764153436883
1KYS,-15.182085985051232,-162.5524853026067,23.12815392488655,-15.182085985051232,-162.5524853026067,23.128153924886533
1MOU,-169.47983112272405,136.62774967077897,44.6298784652952,-169.47983112272405,136.62774967077897,44.62987846529519
1MOV,-169.18144094914018,137.41371514550062,43.93896764428477,-169.18144094914018,137.41371514550062,43.938967644284745
1MYW,-0.7796261178646376,0.4068439103930269,0.8793968677909777,-0.7796261178646376,0.4068439103930269,0.8793968677909737
1Q4A,-1.6669911411549936,2.575678442806423,3.0680578393222984,-1.6669911411549936,2.575678442806423,3.068057839322288
1Q4B,-5.211534506713278,0.8920527774226303,5.287329200302435,-5.211534506713278,0.8920527774226303,5.287329200302421
1Q4C,-2.255063846299217,1.1798739812351922,2.5450767301756527,-2.255063846299217,1.1798739812351922,2.5450767301756545
1Q4D,-3.2301332470316515,2.4660136660929988,4.063863210657656,-3.2301332470316515,2.4660136660929988,4.063863210657646
1Q4E,-2.2429023472396485,3.7437841356793213,4.364233104889944,-2.2429023472396485,3.743784135679321,4.36423310488994
1Q73,-1.1576851052794634,3.328426246386337,3.524011362158086,-1.1576851052794634,3.328426246386337,3.5240113621580966
1QYF,11.130628217281695,-5.8796692035516385,12.58814499656486,11.130628217281696,-5.879669203551639,12.588144996564866
1RMM,-2.0628836141492672,-178.94826150178952,2.3155221169627387,-2.0628836141492672,-178.94826150178952,2.3155221169627347
1RMO,-2.046548011231303,-178.02296338468267,2.8455285169156497,-2.046548011231303,-178.02296338468267,2.8455285169156554
1RMP,0.933027069371555,-178.92883869588712,1.42053724048645,0.933027069371555,-178.92883869588712,1.420537240486455
1RRX,-0.2804284662612414,2.595026628193233,2.610134733250681,-0.2804284662612414,2.595026628193233,2.610134733250675
1S6Z,15.185881632794866,-69.61634598888543,71.25339732117662,15.185881632794866,-69.61634598888543,71.25339732117664
1UIS,-176.18400773401947,173.20257339247274,7.795306630193753,-176.18400773401947,173.20257339247274,7.795306630193753
1W7S,-0.15532651728891106,0.057649094992632696,0.16567964608414448,-0.155326517288911,0.0576490949926326,0.1656796460841582
1W7T,-0.0059682336803282676,-0.06744336116860175,0.06770691825052445,-0.0059682336803282,-0.0674433611686017,0.0677069182505115
1W7U,-0.07537335211595703,0.03849428675669254,0.08463422665861368,-0.075373352115957,0.0384942867566925,0.0846342266586191
1XA9,-1.5786748654874692,0.8177281763817035,1.7778902388422175,-1.5786748654874692,0.8177281763817035,1.7778902388422142
1XAE,-0.11005290370820536,0.039689086868342216,0.11699087670007265,-0.1100529037082053,0.0396890868683422,0.1169908767000671
1XMZ,-171.7405517875706,163.28102534172427,18.647857742857997,-171.7405517875706,163.28102534172427,18.647857742858
1XQM,-158.9228969508033,148.82223459083187,37.633725949679466,-158.9228969508033,148.82223459083187,37.633725949679466
1XSS,-0.5987317326480941,2.2216930821389482,2.300956287916807,-0.5987317326480941,2.221693082138948,2.300956287916797
1YFP,-4.66782640264423,2.3449234358305353,5.223721780984314,-4.66782640264423,2.344923435830536,5.223721780984307
1YZW,-174.33183670727072,131.87046999685674,48.46214742906582,-174.33183670727072,131.87046999685674,48.462147429065816
1Z1P,3.309457271739263,-19.56855412148659,19.846430858948356,3.309457271739263,-19.56855412148659,19.84643085894836
1Z1Q,-6.510421789806256,-7.620861504467926,10.023129349233475,-6.510421789806256,-7.620861504467926,10.023129349233464
1ZGO,-0.8764416162574855,-3.3091896813364503,3.4232858854865853,-0.8764416162574855,-3.3091896813364503,3.423285885486585
1ZGP,-1.133883103571698,-0.48480020278291974,1.2331756278745203,-1.133883103571698,-0.4848002027829197,1.233175627874532
1ZGQ,-0.22802738833204025,-0.3161487939431151,0.38980321925455597,-0.2280273883320402,-0.3161487939431151,0.3898032192545584
2A46,1.7315983589675166,1.65832194890853,2.3975955795360497,1.7315983589675166,1.65832194890853,2.3975955795360444
2A47,-162.03827366844857,135.33138480932962,48.144665289746655,-28.799533320872392,24.026342430796184,37.50570956670352
2A48,-0.1282239478863423,-0.6088945793918078,0.6222491379056123,-0.1282239478863423,-0.6088945793918078,0.622249137905619
2A50,-164.90157403623053,152.97909356647952,30.953058832246246,-164.90157403623053,152.97909356647952,30.95305883224623
2A52,-15.238553659372181,-169.85327899824173,18.307634055690723,-15.23855365937218,-169.85327899824173,18.307634055690727
2A53,-160.38654786531765,149.67805279390808,36.11243535139248,-160.38654786531765,149.67805279390808,36.11243535139248
2A54,-28.734396435257125,-160.92861029152485,34.48743892942834,-163.48893384632478,149.93361188017687,34.30164719226877
2A56,-31.184835633644973,-161.43192571868448,36.29417799060757,-31.184835633644973,-161.43192571868448,36.29417799060757
2AH8,0.753345439403411,-0.6880513925600741,1.0202666660602893,0.753345439403411,-0.6880513925600741,1.0202666660602882
2AHA,-1.0286191870862043,0.19129292325833627,1.0462554250901699,-1.0286191870862045,0.1912929232583362,1.046255425090166
2ARL,-163.8026073698375,131.90412425340367,50.750061988609204,-163.8026073698375,131.9041242534037,50.750061988609176
2AWK,-9.25357610283769,7.833253642111978,12.12388276554459,-9.25357610283769,7.833253642111978,12.123882765544597
2AWL,-4.736384817374275,3.1113131031487073,5.666887184696588,-4.736384817374275,3.111313103148708,5.666887184696585
2AWM,-10.666545121421002,10.542776818131426,14.99751072225785,-10.666545121421002,10.542776818131426,14.997510722257864
2B3P,-1.4004453893842375,-0.39998870710267026,1.456447134109993,-1.4004453893842377,-0.3999887071026702,1.456447134110001
2B3Q,-1.063666484944975,-0.18423023796896432,1.0795032060060301,-1.063666484944975,-0.1842302379689643,1.0795032060060314
2BTJ,0.12152243396213142,-175.55160064899778,4.450058930840448,0.1215224339621314,-175.55160064899778,4.450058930840448
2C9I,0.450192148721896,179.847788575795,0.47522761749434833,0.450192148721896,179.847788575795,0.4752276174943478
2C9J,-13.250308990349835,-166.71408703961816,18.763959377769588,-13.250308990349836,-166.71408703961816,18.7639593777696
2DD7,1.6062466030049902,1.091805127872333,1.9421808841900887,1.6062466030049902,1.091805127872333,1.942180884190088
2DD9,1.569826668860434,2.871829316002214,3.2728824284589275,1.569826668860434,2.871829316002214,3.2728824284589253
2DUE,-5.735546435409682,4.196243059064722,7.106683384215841,-5.735546435409682,4.196243059064722,7.106683384215844
2DUF,-16.767058740793733,7.158682082591975,18.2313188765062,-16.767058740793733,7.158682082591975,18.23131887650619
2DUG,-2.864611069327633,-5.136548662921239,5.881337326244108,-2.864611069327633,-5.136548662921239,5.881337326244123
2DUH,-4.163161487084242,4.425091226135856,6.075635434023838,-4.163161487084242,4.425091226135856,6.075635434023836
2DUI,-15.075989153528983,9.47214778175732,17.80469130753952,-15.075989153528983,9.47214778175732,17.804691307539528
2EMD,-1.7414365032142698,-176.83389704743576,3.6134206786593697,-1.7414365032142698,-176.83389704743576,3.613420678659374
2EMN,0.4077145954551635,-177.13567786196387,2.8931941693897825,0.4077145954551635,-177.13567786196387,2.8931941693897825
2EMO,-2.237304860981434,165.57194015461977,14.60049464719756,-2.237304860981434,165.57194015461977,14.60049464719756
2FL1,-2.810911342008506,5.607438157469243,6.27252622652739,-2.810911342008506,5.607438157469243,6.272526226527404
2FWQ,92.29536301093583,-5.6501951188682575,87.8864497762016,92.29536301093584,-5.6501951188682575,87.88644977620159
2FZU,-1.1085048737835206,-7.412644476204308,7.495070459028669,-1.1085048737835206,-7.412644476204308,7.495070459028658
2G3O,-3.4257675801594774,4.166200944705636,5.393803280148231,-3.4257675801594774,4.166200944705636,5.3938032801482345
2G6X,0.14183168094042042,-0.5947512231298907,0.6114288536967188,0.1418316809404204,-0.5947512231298907,0.611428853696721
2G6Y,0.3954535288533882,-1.9821865360375293,2.0212488607618315,0.3954535288533882,-1.9821865360375293,2.0212488607618453
2GW4,-0.8019038876436537,0.48819346478650005,0.9388198464445846,-0.8019038876436537,0.4881934647865,0.9388198464445952
2GX0,-0.9650705442291304,0.46914014474062027,1.0730580742652887,-0.9650705442291304,0.4691401447406202,1.0730580742653029
2GX2,-0.8539158634377175,0.6616749202317652,1.0802712631067777,-0.8539158634377175,0.6616749202317652,1.0802712631067697
2H5O,3.745392118066283,-3.2217186376198037,4.940387950157345,3.745392118066283,-3.221718637619804,4.94038795015734
2H5P,-9.357761347539205,6.222191140939253,11.237586931004431,-9.357761347539205,6.222191140939253,11.237586931004437
2H5Q,-26.197385913003835,13.115215146231723,29.29696054212447,-26.197385913003835,13.115215146231725,29.296960542124467
2H5R,-21.00748537423137,21.382135102671185,29.975158770178826,-21.00748537423137,21.382135102671185,29.97515877017882
2H6V,4.625705535432893,-7.585484202814409,8.88463405502339,4.625705535432893,-7.585484202814409,8.884634055023394
2H8Q,3.3723141822062987,-1.5281557357789248,3.702399613264873,3.3723141822062987,-1.5281557357789248,3.702399613264857
2H9W,3.252097630703871,-2.8110126136289373,4.2985963887774785,-16.150237277253854,10.732424845051671,19.3911089720594
2HGD,-0.8487481771230816,-0.2701896703767744,0.8907165240120115,-0.8487481771230816,-0.2701896703767744,0.8907165240120247
2HJO,-8.465581455355315,7.1786248326161735,11.099492054355881,-8.465581455355315,7.1786248326161735,11.099492054355885
2HPW,-0.4678504487832796,-178.55000147489883,1.5236074839741989,-0.4678504487832796,-178.55000147489883,1.5236074839741989
2HQK,-2.516056208907603,16.808430336409167,16.99570149244516,-2.516056208907603,16.808430336409167,16.995701492445157
2HQZ,-7.360802726756657,7.141352257601463,10.25574613811094,-7.360802726756657,7.141352257601463,10.255746138110954
2HRS,0.368718446751618,1.2848953175960742,1.3367532570206149,0.368718446751618,1.2848953175960742,1.3367532570206224
2IB5,-179.05642223951122,-34.60802889854734,34.620889694413925,-179.05642223951122,-34.60802889854734,34.62088969441393
2IB6,140.20094693660732,66.48176187494252,77.48412280421911,140.20094693660732,66.48176187494252,77.48412280421908
2ICR,-1.6969971132252033,3.7134690869821063,4.0828484985689135,-1.6969971132252033,3.7134690869821054,4.082848498568908
2IE2,-1.8193170801847731,7.388269058941594,7.608970648226069,-1.819317080184773,7.388269058941594,7.608970648226063
2IOV,-13.408687477618166,20.344708998408564,24.36596158788652,-13.408687477618166,20.344708998408564,24.365961587886503
2JAD,-6.044389474292095,8.75485690256152,10.638710612722877,-6.044389474292095,8.75485690256152,10.638710612722868
2O24,-8.116311478642256,7.47161334715272,11.031750451659548,-8.116311478642256,7.47161334715272,11.031750451659551
2O29,-11.194553714726505,7.656155205039078,13.56225443632231,-11.194553714726505,7.656155205039078,13.562254436322302
2O2B,-12.327812219739616,7.077663558933721,14.215072127098757,-12.327812219739616,7.077663558933721,14.215072127098749
2OGR,-3.1738484817576103,-2.3666413989160313,3.9590788949221922,-3.1738484817576103,-2.366641398916032,3.9590788949221913
2OJK,-2.547054332545899,-172.1647752009719,8.23882475989419,-2.547054332545899,-172.1647752009719,8.238824759894186
2OKW,-1.8530506836851377,-0.48914141468816186,1.9165218913096325,-1.8530506836851377,-0.4891414146881618,1.916521891309644
2OKY,-3.1325029130688167,-0.24087213382230904,3.141750130936046,-3.1325029130688167,-0.240872133822309,3.1417501309360576
2OTB,-15.138700147043311,18.83465406361519,24.164528462979472,-15.138700147043313,18.83465406361519,24.16452846297948
2OTE,-164.21413029478725,-67.02906828020748,68.86283233256292,-164.21413029478725,-67.02906828020748,68.8628323325629
2P4M,-178.1979361612635,147.4324806506899,32.6173381907011,-178.1979361612635,147.4324806506899,32.617338190701105
2POX,-163.91380529024028,140.63235413374582,42.52737002556239,-163.91380529024028,140.63235413374582,42.52737002556238
2PXS,-5.498134791202696,-172.20422385598079,9.539581325713018,-5.498134791202696,-172.2042238559808,9.539581325712998
2PXW,-1.4821633747738912,-173.31682071882497,6.845560135872646,-1.4821633747738912,-173.31682071882497,6.845560135872616
2Q57,0.9971312516554708,179.9358026589118,0.9991956923600145,0.9971312516554708,179.9358026589118,0.9991956923600088
2Q6P,-1.445095229950478,0.044227063619293024,1.445771855024859,-1.445095229950478,0.044227063619293,1.4457718550248548
2QLE,-17.026700430689033,17.690554185033847,24.55329376947306,-17.026700430689033,17.690554185033847,24.55329376947306
2QLG,3.2183846333154222,-1.8314545895340766,3.7030022362248562,3.2183846333154222,-1.8314545895340768,3.703002236224856
2QLH,3.424732935970099,-3.616875286575099,4.981022236585182,3.424732935970099,-3.616875286575099,4.981022236585185
2QLI,-10.983971114286739,3.990993963010824,11.686558700159518,-10.98397111428674,3.990993963010824,11.686558700159528
2QRF,78.75584768723992,-62.69526566085561,100.66369693797756,78.75584768723992,-62.69526566085561,100.66369693797756
2QT2,-55.91421074335698,57.42205011213811,80.14793074143235,-55.91421074335698,57.42205011213811,80.14793074143236
2QU1,-7.432106085761828,1.9462282946176979,7.682708210311553,-7.432106085761828,1.9462282946176976,7.682708210311551
2QZ0,10.082368970605538,-11.043552186955642,14.953735619083352,10.082368970605538,-11.043552186955642,14.95373561908335
2RH7,-5.420191631984792,-3.0400093853771404,6.214509987973224,-5.420191631984792,-3.0400093853771404,6.214509987973232
2V4E,6.291281008565194,-14.873186292818435,16.14905220839959,6.291281008565194,-14.873186292818437,16.149052208399578
2VAD,-10.137029610657422,-170.96546474690723,13.578740610480823,-11.805673714859877,-168.8928983824056,16.209307147601987
2VAE,5.681594214446069,-5.821189243114739,8.134295115237817,5.244252316368784,-4.246950395206129,6.748241994555387
2VVH,-6.40334795887351,-161.06292324887434,19.990391215792513,-6.40334795887351,-161.06292324887434,19.99039121579249
2VVI,-175.54625781215395,-41.832390455579116,42.06880923800704,-175.54625781215395,-41.83239045557912,42.06880923800705
2VVJ,-15.570988282273113,-155.32960194622873,29.173347703309712,-15.570988282273111,-155.3296019462287,29.17334770330976
2VZX,-2.712889287741195,-169.90594351656688,10.452260261698386,-2.712889287741195,-169.90594351656688,10.452260261698385
2WHS,1.3071403833218573,-179.35191843738096,1.4589810463188242,1.3071403833218571,-179.35191843738096,1.4589810463188166
2WHT,-172.47280844185295,147.39386808532865,33.46368854728943,-16.253121524983936,-163.20028791314263,23.375078299488063
2WHU,-160.77638248538778,142.64160195888724,42.01425204078163,-160.77638248538778,142.64160195888724,42.01425204078164
2WIQ,-27.874567107053952,-168.2332958353517,30.256351701816385,-27.874567107053952,-168.2332958353517,30.256351701816364
2WIS,107.75683381384027,125.05214467289493,90.76531201758502,-34.72228112780351,21.29857560123645,40.73409050610808
2WSN,-6.6179577899221345,6.85865442326599,9.530923659697276,-6.617957789922135,6.85865442326599,9.53092365969727
2WSO,-5.255210666058888,6.387025267898952,8.271114248844532,-5.255210666058888,6.387025267898952,8.271114248844516
2WUR,1.0031563872504057,1.2973433161459929,1.639945858017879,1.0031563872504057,1.2973433161459929,1.63994585801787
2Y0G,0.31694071420752407,-175.04306242935925,4.967059642842277,0.316940714207524,-175.04306242935925,4.967059642842249
2YDZ,-8.84413857972876,8.578174615782528,12.320871193073257,-8.84413857972876,8.578174615782528,12.320871193073254
2YE0,-6.97174807945266,6.431754550029149,9.485396031540933,-6.97174807945266,6.431754550029149,9.485396031540937
2YE1,-7.319329983821468,5.430348360419571,9.113795846274998,-7.319329983821468,5.430348360419571,9.113795846275002
2YFP,4.025351901808478,-2.3535244255316123,4.662889142470263,4.025351901808478,-2.3535244255316123,4.66288914247026
2Z1O,-15.121940671683946,16.918582711912503,22.691662139599952,-15.121940671683946,16.918582711912503,22.691662139599952
2Z6X,-1.5521412507235663,2.661983416188501,3.0814441695835186,-1.5521412507235663,2.661983416188501,3.0814441695835284
2Z6Y,0.4434775395661998,1.6940674638533681,1.7511530202087677,0.4434775395661998,1.694067463853368,1.751153020208763
2Z6Z,-12.580416134858217,14.646117617652159,19.307398359082498,-12.580416134858217,14.64611761765216,19.30739835908251
2ZMU,0.15926512749064714,-29.40509352862975,29.405524834770382,0.1592651274906471,-29.40509352862975,29.405524834770382
2ZMW,-0.6378966024472017,-30.4872630882739,30.493935834671152,-0.6378966024472017,-30.4872630882739,30.49393583467116
2ZO6,4.210846225403376,0.23728741615659593,4.217526674706408,4.210846225403376,0.2372874161565959,4.217526674706413
2ZO7,6.007554572032683,-0.11331296629808546,6.008623117177689,6.007554572032683,-0.1133129662980854,6.008623117177684
3A8S,-28.383337756081794,-156.35924172719012,36.939129847483514,-28.3833377560818,-156.35924172719012,36.93912984748352
3ADF,-30.971741448039392,-152.62262352761041,41.337265401029505,-30.971741448039392,-152.6226235276104,41.33726540102953
3AI4,-15.93494324075378,8.669037087119342,18.1404140003445,-15.93494324075378,8.669037087119342,18.14041400034452
3AI5,-26.240298748630615,14.071228774456625,29.77503581258099,-26.24029874863061,14.071228774456625,29.775035812581
3BX9,-171.96064429736663,151.20617982551494,29.89507184059016,-171.96064429736663,151.20617982551494,29.89507184059016
3BXA,-177.35141320262002,158.63881446359068,21.524759221514145,3.947366703213881,-147.02425546009644,33.211164265207856
3BXB,-0.37617907552704233,-155.87647260065634,24.126460264277213,-0.3761790755270423,-155.87647260065634,24.126460264277213
3BXC,-0.793115308493598,-169.89784999267206,10.133235744969289,-0.793115308493598,-169.89784999267206,10.13323574496926
3CB9,-4.415534124124829,2.2802940015944135,4.969575669513281,-4.415534124124829,2.280294001594413,4.969575669513271
3CBE,-7.294254421257698,3.051433763423241,7.906794266616328,-7.294254421257698,3.051433763423241,7.906794266616325
3CD1,-6.600401929864867,1.9270311443071255,6.875954818561087,-6.600401929864867,1.9270311443071253,6.875954818561091
3CD9,-6.549808767745965,4.71595790717248,8.070951237386117,-6.549808767745965,4.71595790717248,8.07095123738612
3CFA,-12.375591068986116,-162.26848148165587,21.62318208019234,-12.375591068986116,-162.26848148165587,21.623182080192308
3CFF,-8.166383914815018,-164.06561093927638,17.905155151035633,-8.166383914815018,-164.06561093927638,17.905155151035636
3CFH,-5.983330574998951,-173.15626090093517,9.090490065215713,-151.13202833270964,152.3289245326116,39.988100801430704
3CGL,-0.08242971875547529,-2.632309478214447,2.6335997888122016,-0.0824297187554752,-2.632309478214447,2.6335997888122105
3DPW,-1.4277055776895602,-9.254605405383314,9.364083747271577,-1.4277055776895602,-9.254605405383314,9.36408374727159
3DPX,-3.6265053743805917,-6.040495021802569,7.045503625634793,-3.626505374380592,-6.040495021802569,7.045503625634787
3DPZ,-9.498567942785725,-0.6160233304340383,9.518522874236078,-9.498567942785725,-0.6160233304340383,9.518522874236089
3DQ1,-11.695533763944313,1.405360645960567,11.779666742687436,-11.695533763944312,1.405360645960567,11.779666742687422
3DQ2,-2.078708857651397,-8.620101228084826,8.867196608698142,-2.078708857651397,-8.620101228084826,8.867196608698146
3DQ3,-4.46654654219992,-5.255467961717569,6.897099499809885,-4.46654654219992,-5.255467961717569,6.897099499809893
3DQ4,-8.514818255126311,-3.994240793770457,9.405109751430444,-8.514818255126311,-3.994240793770457,9.40510975143046
3DQ5,-8.24288870420925,-2.5315656149599945,8.622878791495793,-8.24288870420925,-2.5315656149599945,8.62287879149581
3DQ6,-8.697884480651007,-4.557915100852018,9.819764992367405,-8.697884480651007,-4.557915100852018,9.819764992367409
3DQ7,-0.5265025363818001,-8.06598516018726,8.083150470279374,-0.5265025363818001,-8.06598516018726,8.083150470279369
3DQ8,0.747203367881213,-6.482066219548059,6.524990064941041,0.747203367881213,-6.482066219548059,6.524990064941027
3DQ9,-4.929294117272189,-6.3793843028368,8.061915689081264,-4.929294117272189,-6.3793843028368,8.061915689081273
3DQA,-11.002998624085558,0.5988244581721125,11.019281712223076,-11.002998624085558,0.5988244581721125,11.019281712223073
3DQC,-12.989703675314814,-2.6456591664784694,13.256391439515463,-12.989703675314814,-2.645659166478469,13.25639143951546
3DQD,-4.862618260269795,-4.958960474606781,6.945239040797766,-4.862618260269795,-4.958960474606781,6.945239040797772
3DQE,-6.306075290008962,-7.666548314572154,9.926859957858293,-6.306075290008962,-7.666548314572154,9.926859957858312
3DQF,0.35437750909356697,-10.13487468901243,10.141068404312056,0.3543775090935669,-10.13487468901243,10.141068404312051
3DQH,3.827816775404759,-12.388570339524957,12.966451184631346,3.827816775404759,-12.388570339524955,12.966451184631342
3DQI,-6.417607961445538,-3.9036503995784053,7.511602917416333,-6.417607961445538,-3.903650399578405,7.511602917416348
3DQJ,-7.10581137772673,-4.822509175493587,8.587732534467435,-7.10581137772673,-4.822509175493587,8.587732534467436
3DQK,-5.649734491166987,-10.679956843708585,12.082258812165874,-5.649734491166987,-10.679956843708585,12.082258812165865
3DQL,-10.51074766823601,-4.291039752603814,11.35292203372131,-10.51074766823601,-4.291039752603814,11.352922033721317
3DQM,-4.147620317757504,-8.224700037027846,9.211321566385617,-4.147620317757504,-8.224700037027846,9.211321566385614
3DQN,-10.736615950744433,-5.2357361027132585,11.945202158650758,-10.736615950744431,-5.2357361027132585,11.94520215865076
3DQO,-1.6799568201406974,-6.969184500762022,7.168806561987767,-1.6799568201406974,-6.969184500762022,7.168806561987766
3DQU,-12.767167561436318,-3.68231917409926,13.287589775490911,-12.767167561436318,-3.68231917409926,13.28758977549092
3E5T,-174.29755342086676,174.9638372510977,7.607945335062549,-174.29755342086676,174.9638372510977,7.607945335062527
3E5V,-1.4943371009658502,14.438748320300428,14.515870501912765,179.9927478729154,-14.245746688764186,14.24574853469564
3E5W,1.1514061338904404,-1.9246231691690294,2.2427461801244393,1.1514061338904404,-1.9246231691690288,2.24274618012444
3ED8,-6.256071524287172,-3.5907212338858683,7.213300901562025,-6.256071524287172,-3.5907212338858683,7.213300901562036
3EVP,-20.797290222327025,12.528690269422883,24.279525540233102,-20.797290222327025,12.528690269422883,24.279525540233088
3EVR,-19.554671071323767,16.553655369302607,25.620473586436834,-19.554671071323767,16.553655369302607,25.62047358643684
3G9A,-8.63106077305878,8.78027305793713,12.312124310620437,-8.63106077305878,8.78027305793713,12.312124310620431
3GB3,-24.82886358506047,-164.26029035719444,29.397464628184665,-24.82886358506047,-164.26029035719444,29.39746462818466
3GEX,-10.125401054894764,13.246467326277456,16.673111381760762,-10.125401054894764,13.246467326277456,16.673111381760762
3GJ1,-7.374247814496492,-2.8431911691332825,7.903370600816079,-7.374247814496492,-2.8431911691332825,7.9033706008160705
3GJ2,-4.779434948451626,-2.4976306614834076,5.392694813139621,-4.779434948451626,-2.497630661483408,5.3926948131396095
3GL4,-34.03985622786943,21.013993937266342,40.00374673964287,-34.03985622786943,21.013993937266346,40.00374673964288
3H1O,179.75354526427512,137.50435826826362,42.496356386505134,179.75354526427512,137.50435826826362,42.49635638650514
3H1R,-179.2198513434177,146.7538432329194,33.25530892515761,-179.2198513434177,146.7538432329194,33.2553089251576
3I19,-9.130683341508778,10.463888320017418,13.887488507887342,-9.130683341508778,10.463888320017418,13.887488507887335
3IP2,-5.309723439169352,-171.34927638214938,10.150279903180174,-5.309723439169352,-171.34927638214938,10.150279903180152
3IR8,-1.2571532046424037,9.806674915259254,9.88692606797067,-1.2571532046424037,9.806674915259254,9.88692606797066
3K1K,-11.437320016708265,11.152503045105524,15.974686642800974,-11.437320016708265,11.152503045105524,15.974686642800965
3KCS,-89.65958832137252,81.88578628544535,121.4253835635022,-89.65958832137252,81.88578628544535,121.4253835635022
3KCT,-154.8234322110917,129.94898183910396,56.02645789778111,-154.8234322110917,129.94898183910396,56.02645789778112
3LA1,-1.7744360443863152,3.178995939673218,3.6406920303805146,-1.7744360443863152,3.178995939673218,3.64069203038051
3LF3,0.6592063046962431,-9.621415218986844,9.643971369114638,-3.6876156848583257,-5.65872185322785,6.754231447871147
3LF4,-90.34938091005854,99.45177377601392,120.52074614372505,-90.34938091005854,99.45177377601392,120.52074614372503
3LS3,-17.437593617577008,-151.3538212899798,33.5361480474156,-17.437593617577008,-151.3538212899798,33.536148047415594
3LSA,-158.7449267192776,-176.66761892198244,21.514713658750107,-158.7449267192776,-176.66761892198244,21.51471365875011
3LVA,9.960656096939509,-10.379241965616238,14.385525143779345,9.960656096939507,-10.379241965616238,14.385525143779333
3LVC,53.500086524434046,-40.489581992440975,67.09445214057962,53.500086524434046,-40.489581992440975,67.09445214057962
3LVD,11.359181197085753,-9.32901187300877,14.699029219474493,11.359181197085752,-9.32901187300877,14.699029219474498
3MGF,-6.816174921216861,-28.294183925579656,29.10362665667556,-6.816174921216861,-28.294183925579656,29.10362665667555
3NED,-19.125229402501088,-6.765264887785892,20.286527763523267,-19.125229402501088,-6.765264887785892,20.28652776352328
3NEZ,-21.381564452524653,5.22723271445948,22.01125303767556,-21.381564452524653,5.22723271445948,22.011253037675555
3NF0,-37.98546173425516,0.9238758658428967,37.99669524814032,-37.98546173425516,0.9238758658428968,37.996695248140334
3OGO,-5.396424203147123,12.134016397891793,13.279900154919051,-5.396424203147123,12.134016397891791,13.279900154919048
3P28,-5.206284376655189,-0.45976921545030563,5.22654615803589,-5.206284376655189,-0.4597692154503056,5.226546158035887
3PIB,-175.16384729474345,-7.264461272084948,8.727013839921561,-175.16384729474345,-7.264461272084948,8.727013839921554
3PJ5,-172.36293856293716,-16.08948026881114,17.809999514709006,7.295077854786832,-157.98371404748937,23.19342596621116
3PJ7,2.626697502829368,-175.66189759203203,5.071358030487268,2.626697502829368,-175.66189759203203,5.071358030487248
3PJB,4.489881390345259,30.679164342557584,31.00596974224521,-175.05296683248363,-13.808409402717132,14.667832402695144
3RWA,-6.238791487481834,-164.6004793092787,16.615286838578147,-6.238791487481834,-164.6004793092787,16.61528683857814
3RWT,-2.0462554695527873,-172.27619852142735,7.9902609924254815,-2.046255469552788,-172.27619852142735,7.990260992425455
3SRY,5.142754606978577,-15.031142048512148,15.886571569415137,5.142754606978577,-15.031142048512148,15.886571569415135
3SS0,-1.2564390437430548,-6.287878921674598,6.412180627858338,-1.2564390437430548,-6.287878921674598,6.412180627858332
3SSH,2.5209292520241404,-12.356041691294822,12.61058486235776,2.5209292520241404,-12.356041691294822,12.610584862357763
3SSK,2.1166351113188444,-10.826981777111722,11.031939022509908,2.1166351113188444,-10.826981777111722,11.031939022509915
3SSL,-0.2631446091157971,-8.514120953693048,8.51818646775366,-0.2631446091157971,-8.514120953693048,8.518186467753669
3SSP,-3.6671467951928025,-4.819433922564311,6.055981254219371,-3.6671467951928025,-4.819433922564311,6.055981254219375
3SST,2.6822542494877473,-13.192340330649117,13.462255801260305,2.682254249487748,-13.192340330649117,13.46225580126029
3SSV,-0.8395062919646903,-10.211746850993373,10.246196590102162,-0.8395062919646903,-10.211746850993372,10.246196590102173
3SSY,4.182208594208736,-12.499619760654284,13.180719361492104,4.182208594208736,-12.499619760654284,13.18071936149209
3ST0,-9.015969522294895,2.1190203782764443,9.261638828549785,-9.015969522294895,2.1190203782764443,9.2616388285498
3ST2,-13.066914414207114,10.17829407273848,16.56327028516279,-13.066914414207114,10.17829407273848,16.563270285162798
3ST4,-14.538714990227362,8.684316633267548,16.93492217147481,-14.538714990227362,8.684316633267548,16.934922171474813
3SV5,-7.000305391479609,0.22043967689852217,7.003775355130222,-7.000305391479609,0.2204396768985221,7.003775355130231
3SVB,-5.255227427952984,-4.327963034769692,6.807986438723422,-5.255227427952984,-4.327963034769692,6.807986438723436
3SVC,3.4974436969725144,-12.853603337777182,13.320932068680825,3.4974436969725144,-12.853603337777182,13.320932068680836
3SVD,-11.513985663369,5.135927906650681,12.607522409997145,-11.513985663369,5.135927906650681,12.60752240999714
3SVE,4.10068979120031,-15.559671399974558,16.09096115335688,4.10068979120031,-15.559671399974558,16.090961153356897
3U0K,3.866405038682625,5.55613609520142,6.769027716854943,3.866405038682625,5.55613609520142,6.7690277168549455
3U0L,-170.77424650866098,-3.125643094372934,9.740850693669156,4.392308592542008,12.99409045500861,13.716368379606324
3U0M,-172.18063052319218,-2.7369675266920006,8.28453560901276,-172.18063052319218,-2.7369675266920006,8.284535609012757
3U0N,2.6778169462274097,14.656225719231706,14.898847469874031,-171.388749485592,-2.4427139820422705,8.951004805045987
3U8P,0.5947680714984699,-0.620626647939211,0.8596083381437576,0.5947680714984699,-0.620626647939211,0.8596083381437561
3UFZ,-9.139439857230785,1.5835848817159843,9.275618684569688,-9.139439857230784,1.5835848817159843,9.275618684569675
3UG0,-6.874032031171162,2.807817326016049,7.425372347690258,-6.874032031171162,2.807817326016049,7.425372347690252
3V3D,-8.611673006510522,3.973595754348245,9.484217162741293,-8.611673006510522,3.973595754348245,9.484217162741286
3VHT,-14.599821113290918,11.4428999403868,18.549790715417778,-14.599821113290918,11.4428999403868,18.54979071541777
3VIC,177.46917294562914,130.6405907295684,49.42424879656852,177.46917294562914,130.6405907295684,49.42424879656849
3VK1,174.76944186827117,141.87767761343122,38.47947767986044,174.76944186827117,141.87767761343122,38.47947767986044
3W1C,0.06722269478526409,-5.110514210440007,5.110956308344217,0.067222694785264,-5.110514210440007,5.110956308344207
3W1D,-0.12369883164127178,-7.823396059142538,7.824373923781789,-0.1236988316412717,-7.823396059142538,7.8243739237817875
3WCK,-3.904026731506388,-4.602453491833392,6.035230141826052,-3.904026731506388,-4.602453491833392,6.035230141826062
3ZTF,-6.169707704253886,3.316809784138513,7.004749838508629,-6.169707704253886,3.316809784138513,7.0047498385086335
3ZUF,-163.6616111521333,-0.57637929132048,16.34855232831204,-163.6616111521333,-0.57637929132048,16.34855232831204
3ZUJ,-6.238034847780791,-176.19226378627732,7.308346860639751,-6.238034847780791,-176.19226378627732,7.308346860639732
3ZUL,-11.29027625025205,-178.67450010623844,11.367818074519286,-11.29027625025205,-178.67450010623844,11.367818074519288
4ANJ,-2.303875395311706,165.32741833861184,14.852356528417534,-2.303875395311706,165.32741833861184,14.852356528417534
4AR7,-4.731684824500425,5.255413578803037,7.071648546320366,-4.731684824500425,5.255413578803037,7.071648546320367
4AS8,-4.605391038698493,6.558182383348754,8.013699694435173,-4.605391038698493,6.558182383348754,8.01369969443517
4B30,-28.16264833118168,-170.97095250383668,29.574625267512424,-28.16264833118168,-170.97095250383668,29.574625267512403
4B5Y,-7.417826533008649,5.103258662824647,9.003743635483078,-7.417826533008649,5.103258662824647,9.00374363548307
4BDU,-4.33812512064086,0.6455032389974249,4.385886910750367,-4.33812512064086,0.6455032389974249,4.385886910750372
4DKM,-0.35185944200474284,-174.03984490605666,5.970532121242349,-0.3518594420047428,-174.03984490605666,5.970532121242349
4DKN,-0.07035411968570375,6.836110417268663,6.836472433883267,-0.0703541196857037,6.836110417268663,6.836472433883273
4EDO,-0.5352868835279474,21.684835353402427,21.69144108518033,-0.5352868835279474,21.684835353402427,21.69144108518032
4EDS,-1.8620094157143365,13.909930064197836,14.034002759550937,-1.8620094157143363,13.909930064197836,14.03400275955095
4EMQ,-18.658892257206677,16.458843215005345,24.88067081575926,-18.65889225720668,16.458843215005345,24.880670815759267
4EN1,-3.1328504840566893,-0.4197685502978194,3.160847638098579,-3.1328504840566893,-0.4197685502978194,3.16084763809858
4EUL,6.930339532317996,-4.966563704274821,8.526216104570041,6.930339532317996,-4.966563704274821,8.526216104570048
4H3L,-29.96149189293785,15.578071483608168,33.769324950300486,-29.96149189293785,15.578071483608168,33.76932495030048
4H3M,-22.29108911368942,1.9969815657475893,22.38036168716625,-22.29108911368942,1.996981565747589,22.380361687166243
4H3N,-22.156726986275068,3.707768518924283,22.4648191208889,-22.156726986275068,3.707768518924283,22.464819120888905
4H47,-10.48110939190149,-150.42927721538197,31.37325772197932,-10.48110939190149,-150.42927721538197,31.373257721979293
4H48,-11.559516176034172,-146.68231041689634,35.26600138065057,-11.559516176034172,-146.68231041689634,35.26600138065057
4HE4,-6.143115765064971,178.36453592930326,6.3570916329348135,-6.143115765064971,178.36453592930326,6.357091632934808
4HQC,-16.431798463887155,27.905084037028857,32.38360257709831,-16.431798463887155,27.905084037028857,32.38360257709829
4HVF,-9.649549665141697,1.8659060185959044,9.828296597593543,-9.649549665141697,1.8659060185959044,9.828296597593535
4IK1,-24.027170772448777,18.06122777851792,30.058491049883465,-24.027170772448777,18.06122777851792,30.05849104988346
4IK3,-21.133730732992596,15.24518514119346,26.058592530754655,-21.1337307329926,15.24518514119346,26.058592530754645
4IK4,-17.982819059663424,20.6770551228095,27.402963158831867,-17.982819059663424,20.6770551228095,27.40296315883187
4IK5,-8.434497924220933,3.426312670066521,9.103865868231221,-8.434497924220933,3.426312670066521,9.103865868231232
4IK8,-21.69531687983973,14.36198862808575,26.01832992084472,-21.69531687983973,14.36198862808575,26.01832992084471
4IK9,-22.004889527641378,8.466266778827038,23.577379758869977,-22.00488952764137,8.466266778827038,23.57737975886997
4J88,-15.356148159264889,3.1123053945267034,15.668367214170534,-15.356148159264889,3.1123053945267034,15.668367214170544
4J89,10.658898235487818,-10.290939060783153,14.81605677456852,10.658898235487818,-10.290939060783153,14.81605677456852
4J8A,2.8137116715639916,-8.028490124439257,8.507269071148164,2.813711671563992,-8.028490124439257,8.507269071148162
4JC2,-0.7941463313645307,-171.5297641505412,8.507382896113034,-0.7941463313645307,-171.5297641505412,8.507382896113032
4JEO,-13.315723658436712,-5.993961522920277,14.602604948641876,-13.315723658436712,-5.993961522920277,14.602604948641869
4JF9,-3.6796410192300693,-16.481221903969494,16.88699006567732,-3.679641019230069,-16.481221903969494,16.886990065677317
4JGE,-5.197504015385859,-19.008936497492527,19.706692131244537,-5.197504015385859,-19.008936497492527,19.706692131244544
4JRB,-17.48126374506031,-165.13769025421968,22.94521372974931,-17.48126374506031,-165.13769025421968,22.9452137297493
4KA9,6.2050620285256795,-9.796160645726365,11.596014753988934,6.20506202852568,-9.796160645726363,11.59601475398894
4KAG,1.7257579901299562,-3.0303958126179698,3.487339877561388,1.7257579901299562,-3.0303958126179698,3.487339877561393
4KEX,-2.7863921422105236,1.308391769801279,3.078290141207671,-2.786392142210524,1.308391769801279,3.07829014120766
4KF4,-27.93841612342234,10.065431613452299,29.696262543468166,-27.93841612342234,10.0654316134523,29.69626254346817
4KF5,-3.4901211885176613,24.606689361455594,24.85296978716452,-3.4901211885176613,24.6066893614556,24.852969787164515
4KPI,-177.55605003300397,174.94335504408312,5.616275425170972,-177.55605003300397,174.94335504408312,5.616275425170972
4KW4,-9.317427704338701,-172.0171640668994,12.269479555400087,-9.3174277043387,-172.0171640668994,12.269479555400078
4KW8,-17.38527955204678,-158.95320556237795,27.29863551905725,-17.38527955204678,-158.95320556237797,27.29863551905721
4KW9,-22.084442405293018,-163.97725067495327,27.284631063769044,-22.08444240529301,-163.97725067495327,27.284631063769027
4L12,-2.160274303243781,1.229474039938202,2.485637037086729,-2.160274303243781,1.229474039938202,2.485637037086744
4L13,0.7474126696954511,-1.4761431306158799,1.654576755815726,0.7474126696954511,-1.47614313061588,1.654576755815738
4L1I,-16.739048923138007,9.319853616312116,19.158690724595285,-16.739048923138007,9.319853616312116,19.15869072459529
4LQT,-1.9541466765616649,-0.9469969766222646,2.171518479601019,-1.9541466765616649,-0.9469969766222646,2.1715184796010165
4LQU,-5.757076007826193,1.120826473778223,5.865166335596117,-5.757076007826193,1.120826473778223,5.865166335596127
4LW5,-0.02376882889121832,1.6451198005986403,1.645291498655664,-0.0237688288912183,1.6451198005986405,1.6452914986556548
4N3D,-1.4988269041433582,-175.78595158863803,4.472659846432161,-1.4988269041433582,-175.78595158863803,4.472659846432134
4NDJ,-7.660751814236941,2.2546050678728684,7.985634750689041,-7.660751814236941,2.2546050678728684,7.985634750689052
4NDK,-5.952550680856763,0.3095808571983295,5.9605956007191185,-5.952550680856763,0.3095808571983295,5.960595600719107
4NWS,-20.80755093820275,-135.3004523477585,49.30521003262142,-20.80755093820275,-135.3004523477585,49.30521003262141
4OGS,-2.6155149558671695,-0.18614950652021445,2.622130836389107,-2.615514955867169,-0.1861495065202144,2.622130836389092
4OHS,-154.43225431773556,95.98244740397152,87.82174425220308,-154.43225431773556,95.98244740397152,87.82174425220308
4OJ0,-17.231287409341544,-156.02769180278972,29.522683246706553,-17.231287409341544,-156.02769180278972,29.52268324670655
4OQW,7.843602298260057,-170.53620177507125,12.291687185062703,7.843602298260057,-170.53620177507125,12.291687185062695
4ORN,-2.8210491560762647,-1.4478126886089748,3.170879991783945,-2.8210491560762647,-1.4478126886089748,3.1708799917839454
4P1Q,11.608377694974596,-8.002000647127122,14.099164764829386,11.608377694974596,-8.002000647127122,14.09916476482939
4P7H,0.08549265891726428,35.03622554365539,35.036329849751965,0.0854926589172642,35.03622554365539,35.036329849751944
4PA0,-27.9466130888146,45.50454428670725,53.401093002641865,-27.9466130888146,45.50454428670725,53.40109300264186
4PFE,-3.4737370494536,8.78112085586241,9.443247988589965,-3.4737370494536,8.78112085586241,9.443247988589963
4Q7R,-3.6107691361368612,-5.82723146289195,6.85523743400594,-3.610769136136861,-5.82723146289195,6.855237434005944
4Q7T,-9.625896125403756,4.475501037482329,10.61545975234085,-9.625896125403756,4.475501037482329,10.615459752340849
4Q7U,-14.74171477014344,12.723299498836264,19.473071265246073,-14.74171477014344,12.723299498836264,19.47307126524608
4Q9W,-1.3021202715681,8.159181613213372,8.262430743977696,-1.3021202715681,8.159181613213372,8.26243074397769
4Q9X,-5.136660295776852,8.926187655999001,10.298645787884901,-5.136660295776852,8.926187655999001,10.298645787884894
4R6D,-7.242185598655112,7.583310626113204,10.485983611349445,-7.242185598655112,7.583310626113204,10.485983611349436
4U2V,0.4436810001152203,-13.612825352604904,13.62005385122931,0.4436810001152203,-13.612825352604904,13.6200538512293
4UTS,-3.90255284585754,-166.1163785408867,14.421680329790387,-3.90255284585754,-166.1163785408867,14.421680329790355
4XBI,-10.732034953469471,9.579759636649275,14.385700154614138,-10.732034953469473,9.579759636649277,14.385700154614137
4XGY,-6.661970345636459,5.487758772843129,8.63118446304193,-6.661970345636459,5.487758772843129,8.631184463041924
4XL5,-6.437533620551012,5.8200886351464165,8.678437119475214,-6.437533620551012,5.8200886351464165,8.678437119475205
4XOV,161.41888908985365,-119.16480733510117,63.60957749608562,-14.983088689906266,12.065502711000978,19.23718540636257
4XOW,-10.702451312596352,11.344948222342936,15.596484035388785,-1.6368421076377508,-1.839293399967696,2.462164148975596
4XVP,-3.8042554272675106,8.532971612744873,9.342588715115527,-3.804255427267511,8.532971612744873,9.342588715115536
4Z4K,-5.093835671863745,-0.4270034328437154,5.111701652445301,-5.093835671863745,-0.4270034328437154,5.111701652445288
4Z4M,-3.257832840648586,-11.372380840139687,11.829814909405172,-3.257832840648586,-11.372380840139687,11.829814909405163
4ZB1,-170.28716673005846,-44.177459632200005,45.23258858040676,-170.28716673005846,-44.177459632200005,45.23258858040676
4ZBL,178.24391717504088,-25.72371536758507,25.783587011908345,178.24391717504088,-25.72371536758507,25.78358701190834
4ZF3,-16.798507963310062,12.810201761779426,21.125603872336736,-16.798507963310062,12.810201761779426,21.12560387233672
4ZFS,-174.14059883861546,-18.201152430329255,19.121049441966164,-174.14059883861546,-18.20115243032925,19.12104944196617
4ZIO,-148.21494905292673,-23.776794325632206,39.69414833588774,-148.21494905292673,-23.776794325632206,39.69414833588774
5AQB,-8.285767883509665,-172.79650249927204,10.97926799301275,-8.285767883509665,-172.79650249927204,10.979267993012751
5BQL,-5.878051046859784,-177.2019895703908,6.510018930363524,-5.878051046859784,-177.2019895703908,6.510018930363513
5BT0,-3.205853368983434,-5.496802372943349,6.363358559017239,-3.205853368983434,-5.496802372943349,6.363358559017248
5BTT,-4.766725744257617,3.2367066959936497,5.7617657499119685,-4.766725744257617,3.2367066959936497,5.761765749911954
5DPG,-12.158589271987061,8.504279269277088,14.837589392308134,-12.15858927198706,8.504279269277088,14.837589392308134
5DPH,-11.801393967148265,5.935370533820946,13.209902457686571,-11.801393967148265,5.935370533820946,13.20990245768656
5DPI,-9.036701636071506,4.53446227712523,10.110555108501678,-9.036701636071506,4.53446227712523,10.110555108501666
5DPJ,-18.998062300592057,22.764644837927747,29.65055523551233,-18.998062300592057,22.764644837927747,29.65055523551233
5DQB,-1.3550144747180075,2.8719144421236202,3.175524647924119,-2.092017322005442,-0.5051279329487164,2.152136311718164
5DQM,4.834449576290838,0.952503543125112,4.927389339738088,4.834449576290838,0.952503543125112,4.927389339738089
5DRF,7.469701004892344,-4.941774149591748,8.95642589697827,7.469701004892344,-4.941774149591748,8.956425896978267
5DRG,7.469701004892344,-4.941774149591748,8.95642589697827,7.469701004892344,-4.941774149591748,8.956425896978267
5DTL,-11.185485773078591,21.874886340091933,24.568796152267705,-11.185485773078591,21.874886340091933,24.5687961522677
5DTX,-5.633548921854542,3.1184674954006604,6.439077028177183,-5.633548921854542,3.1184674954006604,6.439077028177171
5DTY,179.51172986358017,-142.74896747283125,37.25423240473894,179.51172986358017,-142.74896747283125,37.25423240473895
5DTZ,2.7082010255197573,-1.9049433552219408,3.3110665926904246,2.7082010255197573,-1.9049433552219408,3.311066592690412
5DU0,-161.9120310974305,166.1750109614338,22.766311535617653,-161.9120310974305,166.1750109614338,22.76631153561761
5DY6,-2.7645371062413835,-3.916477631623558,4.793898460626096,-2.7645371062413835,-3.916477631623558,4.793898460626086
5EHU,-3.193886406185426,7.542616754501783,8.190969288240979,-3.193886406185426,7.542616754501783,8.190969288240987
5EXB,-29.512405261033145,-153.03459564776512,39.976431758862425,-29.512405261033145,-153.03459564776512,39.97643175886243
5EXC,1.5011506908744534,-174.71258016355384,5.496386260403914,1.5011506908744534,-174.71258016355384,5.496386260403913
5F9G,-10.163506604617638,-1.8070810565478672,10.32290697657594,-10.163506604617638,-1.8070810565478672,10.322906976575954
5FGU,-25.32522109758253,-169.39819550290846,27.454782502070366,-25.32522109758253,-169.39819550290846,27.45478250207037
5FHV,-27.981676971997445,16.457426850999454,32.4626114895461,-27.981676971997445,16.457426850999454,32.46261148954609
5FVF,-7.577604500050896,20.051362510269513,21.43541995103975,-7.577604500050896,20.05136251026952,21.43541995103977
5FVG,-14.15572784288193,-160.81821113286628,23.839581684774544,-14.15572784288193,-160.81821113286628,23.839581684774544
5FVI,-28.649633551695775,33.679519247672786,44.21664301369806,-28.64963355169577,33.679519247672786,44.21664301369806
5H87,4.608600330017498,6.883858501084447,8.284123663055126,4.608600330017498,6.883858501084447,8.284123663055134
5H88,0.47127009173774775,5.009596511775949,5.031714688867435,0.4712700917377477,5.009596511775949,5.031714688867431
5H89,-0.2710012269314637,4.510068208525756,4.518202840793345,-0.2710012269314637,4.510068208525756,4.518202840793348
5HBD,-1.8206876861056493,-3.389433871702244,3.847488222331447,-1.820687686105649,-3.389433871702244,3.847488222331448
5HGE,-20.577208632969235,13.335092515145831,24.52032233703796,-20.577208632969235,13.335092515145831,24.520322337037943
5HW9,-8.641243563750784,10.815528692909925,13.8436538253173,-8.641243563750784,10.815528692909924,13.843653825317295
5HZO,-7.341840180650413,8.834569758464289,11.487046620232055,-7.341840180650413,8.834569758464289,11.487046620232054
5HZS,-3.325085024137836,-0.5134057577452187,3.364487463170543,-3.325085024137836,-0.5134057577452187,3.364487463170528
5HZT,-3.0846676393919634,4.867196619402258,5.762358664421428,-3.0846676393919634,4.867196619402258,5.762358664421432
5HZU,-9.618964269736308,11.69162382977173,15.139965039568287,-9.618964269736308,11.69162382977173,15.139965039568288
5J2O,-6.000919973704173,5.1932419626138095,7.936044519346817,-6.000919973704173,5.1932419626138095,7.936044519346815
5J3N,-9.524314605491927,7.219074769489852,11.95105054929782,-9.524314605491927,7.219074769489852,11.951050549297824
5JZK,-6.539802633659364,7.556392350258509,9.993402015243028,-6.539802633659364,7.556392350258509,9.99340201524302
5JZL,-14.755806277683602,17.073170340508554,22.566057794407694,-14.755806277683602,17.073170340508554,22.566057794407683
5KTG,-28.39421150290794,29.409592370790712,40.87976724845607,-28.39421150290794,29.409592370790712,40.87976724845606
5LEL,-21.856554536035535,-149.7161797662186,37.34727224495362,-21.85655453603553,-149.7161797662186,37.347272244953615
5LEM,-11.147724894222485,-2.744314899492778,11.480550273608216,-11.147724894222485,-2.744314899492778,11.48055027360822
5LK4,-1.0441387717579942,178.5249318648172,1.8072221164317142,-1.0441387717579942,178.5249318648172,1.8072221164317188
5LTP,-6.505424087175388,-1.784491641529512,6.7457359103874195,-6.505424087175388,-1.784491641529512,6.745735910387422
5LTQ,-2.776470983096556,1.683540207045496,3.2470138202224956,-2.776470983096556,1.683540207045496,3.247013820222505
5LTR,-0.47972208010694894,-4.123018906323347,4.150833431498057,-0.4797220801069489,-4.123018906323347,4.150833431498054
5MA3,-10.403101720632263,-171.47202609157986,13.451797812653746,-10.403101720632264,-171.47202609157986,13.451797812653746
5MA4,-7.452018759028866,-173.50696335170164,9.883931834096378,-7.452018759028866,-173.50696335170164,9.883931834096373
5MA5,-9.146564593094613,-169.19866400923897,14.153745194857825,-9.146564593094611,-169.19866400923897,14.153745194857825
5MA6,-5.5393374611449655,-165.99667440794,15.059129694165176,-5.5393374611449655,-165.99667440794,15.059129694165156
5MA8,-13.701710249158815,-164.2533228642005,20.873301237969375,-13.701710249158817,-164.2533228642005,20.87330123796937
5MA9,-11.62984885874203,-167.902011035269,16.781380201519102,-11.62984885874203,-167.902011035269,16.781380201519074
5MAD,-10.009343117560402,-170.22001537573158,13.99410764914936,-10.009343117560402,-170.22001537573158,13.994107649149358
5MAK,-2.1526007444841833,-178.3426292214209,2.716720056031113,-2.152600744484184,-178.3426292214209,2.71672005603112
5MFC,-5.318579167633436,-177.92426680830084,5.7092865268355455,-5.318579167633436,-177.92426680830084,5.70928652683555
5MSE,-0.19238460180780909,5.038434493578977,5.042106105696242,-0.192384601807809,5.038434493578977,5.042106105696229
5N9O,-0.4903158020477981,-7.838553703713694,7.853873805437769,-0.4903158020477981,-7.838553703713694,7.853873805437762
5NHN,3.611263415483799,1.5014115725161312,3.9109410844574253,3.611263415483799,1.5014115725161312,3.910941084457432
5NI3,-2.4131085563465633,-2.597908633043837,3.5457329524876364,-2.413108556346564,-2.597908633043837,3.545732952487637
5O89,-8.2758812901206,6.4400172201186665,10.486373678426359,-8.2758812901206,6.4400172201186665,10.48637367842636
5O8A,165.88683334022974,-135.30953645270372,46.86596851915759,-21.23736556080523,19.269615211249423,28.67653686121968
5O8B,-141.88171406731084,174.74220591096616,38.47919075460044,-115.57161241478713,-177.64775525877212,64.4713128620245
5O8C,165.8404675944111,-135.30330315661217,46.88589411171165,-115.5715803683327,-177.64567098808155,64.471420965654
5OX8,-6.991117911937332,7.18369147814255,10.024028776482474,-6.991117911937332,7.18369147814255,10.024028776482483
5OX9,-18.7229532791903,-162.00608125407214,25.96786651478704,-18.7229532791903,-162.00608125407214,25.967866514787016
5OXA,-14.777028268872321,-165.08546936186804,20.995327780599876,-14.77702826887232,-165.08546936186804,20.995327780599872
5OXB,-6.516448880272923,8.07068851015691,10.37304772172523,0.0679876973953085,6.066857871150105,6.067238808200407
5OXC,-5.32973882991108,5.488978958344953,7.650817341971746,-5.32973882991108,5.488978958344953,7.650817341971743
5T3I,2.271954463697425,-0.4181495156934247,2.310113872212644,2.271954463697425,-0.4181495156934247,2.3101138722126446
5WJ2,0.1664192455598883,-177.14084976945992,2.863989421434744,0.1664192455598883,-177.14084976945992,2.863989421434744
5WJ3,-4.90895940074775,-177.8023601899715,5.378429429936942,-4.90895940074775,-177.8023601899715,5.378429429936932
5WJ4,-15.018245535423912,7.537311155813281,16.803534105116928,-15.018245535423912,7.537311155813281,16.803534105116924
5WWK,-27.810196882308293,27.963404453340928,39.43804050981587,-27.810196882308293,27.963404453340928,39.43804050981586
5Y8Q,-7.1627720802498125,1.831530817222915,7.393227239037337,-7.1627720802498125,1.831530817222915,7.393227239037325
5Y8R,0.40971903051898384,2.127933976770793,2.167019310819592,0.4097190305189838,2.127933976770793,2.1670193108195823
5YR3,-2.4206388024236514,8.140214864957127,8.492502002323459,-2.420638802423652,8.140214864957127,8.49250200232346
5YT1,-3.6008521967492677,-171.78349397146633,8.970903402654837,-3.600852196749268,-171.78349397146633,8.97090340265484
5Z6Y,-4.853036183682947,9.08642200450186,10.301214736332383,-4.853036183682947,9.08642200450186,10.301214736332389
6AA2,5.201939775635487,-23.797962044886795,24.359868121958513,5.201939775635487,-23.797962044886795,24.35986812195852
6AA6,-2.1530417036218332,-4.236205494647016,4.75194965991984,-2.153041703621833,-4.236205494647016,4.751949659919849
6AA7,-1.8647148003961984,-171.01988331140785,9.171676892888664,-1.8647148003961984,-171.01988331140785,9.171676892888662
6AS9,-25.334551023691528,9.327232993063769,26.996976698862525,-25.334551023691528,9.327232993063769,26.996976698862536
6B7R,-17.528523621197287,11.779871509954535,21.119055687456996,-17.528523621197287,11.779871509954535,21.119055687457
6B7T,-9.009629998759953,7.46276813304272,11.698988884605072,-9.009629998759952,7.46276813304272,11.698988884605075
6B9C,-3.217393851503958,2.6037245904026505,4.13896181890617,-3.217393851503958,2.6037245904026505,4.138961818906152
6CIU,-12.870480029537122,-167.0085239528644,18.287364656341623,-12.870480029537122,-167.0085239528644,18.287364656341595
6D38,-10.522605826834342,19.086323356861485,21.794792329123137,-10.522605826834342,19.086323356861485,21.794792329123126
6D39,-3.255700344829912,22.842475660989603,23.073323970729234,-3.255700344829912,22.842475660989603,23.07332397072923
6DEJ,-9.716271976615845,4.804973711770478,10.839451715579335,-9.716271976615843,4.804973711770478,10.839451715579331
6DQ0,-3.481954692421974,0.6121755420670458,3.53535958204882,-3.481954692421974,0.6121755420670458,3.535359582048831
6DQ1,-0.2355558349410781,1.6149508785115467,1.632039488302892,-0.2355558349410781,1.6149508785115467,1.632039488302904
6EFR,-8.301445150089263,3.9593155226821333,9.197291502833437,-8.301445150089263,3.959315522682133,9.197291502833442
6FLL,-5.924204756816715,6.297337855254881,8.645962413977752,-5.924204756816715,6.297337855254881,8.645962413977749
6FP7,-2.373033786335186,8.99602362374807,9.303748190386587,-2.373033786335186,8.99602362374807,9.303748190386584
6FP8,-0.17383493195419059,8.013774588029126,8.01565978140969,-0.1738349319541905,8.013774588029126,8.015659781409694
6FWW,-9.106686635321966,9.892915934346089,13.446245838820245,-9.106686635321966,9.892915934346089,13.446245838820234
6GEL,-5.451345362218857,-2.2186184485987357,5.885527510652525,-5.451345362218857,-2.218618448598736,5.885527510652524
6GEZ,-2.7194067220010725,-0.27580570523733045,2.7333572226670513,-2.7194067220010725,-0.2758057052373304,2.733357222667041
6GO8,-3.777361884359916,-3.22254120358157,4.965202373941669,-3.777361884359916,-3.22254120358157,4.965202373941676
6GO9,-4.298809047312051,-4.6340477170929395,6.320930111110722,-4.298809047312051,-4.63404771709294,6.320930111110724
6GOY,-14.755597998635043,23.616758470251483,27.84742273424091,-14.755597998635045,23.616758470251483,27.847422734240915
6GOZ,-155.27070436150234,128.0555672907752,57.53053234813148,-155.27070436150234,128.0555672907752,57.53053234813145
6GP0,-15.235059969499199,-160.39447698416038,24.82908747817472,-15.2350599694992,-160.39447698416038,24.829087478174728
6GP1,-152.51582189812027,97.30025144335085,87.14716551482806,-152.5158218981203,97.30025144335085,87.14716551482806
6GQG,-4.379997065473446,-0.38176194252938866,4.396602833361209,-4.379997065473446,-0.3817619425293886,4.396602833361209
6GQH,-4.83108781060223,-5.203790290355325,7.1006227064776475,-4.83108781060223,-5.203790290355325,7.100622706477637
6GRM,-4.360816094504794,-0.9347049047786463,4.4598643778829565,-4.360816094504794,-0.9347049047786464,4.459864377882954
6H01,-20.844177801761113,12.018399202319447,24.060791084620288,-20.84417780176112,12.018399202319449,24.060791084620305
6HR1,-2.6239738842992946,-6.304213369841763,6.828495087350968,-2.6239738842992946,-6.304213369841763,6.828495087350973
6HUT,-0.4961677915436892,-1.0772842884338796,1.1860539260386993,-0.4961677915436892,-1.0772842884338796,1.1860539260387075
6IR6,-19.74639226157464,19.572552447385014,27.802964170275303,-19.74639226157464,19.57255244738501,27.80296417027529
6IR7,-11.039064203501495,9.270049301261993,14.415087670106475,-11.039064203501496,9.270049301261992,14.415087670106487
6J1A,-1.2600262949744574,179.9277005452338,1.2620988373287456,-1.2600262949744574,179.9277005452338,1.2620988373287367
6J1B,-177.87572107873928,171.30476376683396,8.950960511915813,-177.87572107873928,171.30476376683396,8.950960511915815
6J1C,1.3965752318007343,172.73641115017247,7.396630676018513,1.3965752318007345,172.73641115017247,7.396630676018511
6JC6,-165.78445134487168,145.842073394845,36.99791579980522,-165.78445134487168,145.842073394845,36.99791579980523
6JGH,-0.6339515525914333,5.593700710253342,5.629509943762574,-0.6339515525914333,5.593700710253342,5.629509943762585
6JGI,0.45586315007133643,1.9535321343126533,2.0060157056676218,0.4558631500713364,1.9535321343126533,2.006015705667608
6JGJ,1.0088808198444823,0.39491542819033715,1.0834199112407057,1.0088808198444823,0.3949154281903371,1.083419911240712
6JXF,-6.880128256563012,-177.64299293808352,7.27266437536347,-175.78433797053327,165.7829077178663,14.82894194827781
6KKZ,-0.7912605383950525,2.9826183501542523,3.0857908973710497,-0.7912605383950525,2.9826183501542523,3.0857908973710617
6KL0,-0.35239730698018346,2.3073870476639953,2.3341419943299315,-0.3523973069801834,2.307387047663996,2.3341419943299204
6KL1,-0.16629564947342718,2.3573638341261076,2.363222056743628,-0.1662956494734271,2.357363834126108,2.3632220567436173
6KRG,-8.948425185082103,-175.5926516180756,9.974920202821842,-8.948425185082103,-175.5926516180756,9.974920202821844
6L02,-1.4708737105106129,5.910565301409416,6.090833412144523,-1.4708737105106129,5.910565301409416,6.090833412144535
6L27,0.28803862335563374,1.7801558582732335,1.8033083841343323,0.2880386233556337,1.7801558582732335,1.803308384134317
6LNP,-5.377781160024169,3.6001434314815186,6.471596629298708,-5.377781160024169,3.6001434314815186,6.47159662929871
6LOF,-5.793120537639573,2.690819382689895,6.387546830660492,-5.793120537639573,2.690819382689895,6.387546830660503
6LR7,-6.278088400485213,-168.63828472286372,12.980869308448455,-6.278088400485213,-168.63828472286372,12.980869308448453
6M63,-12.744587230927142,-174.89589012288647,13.728672234573853,-12.744587230927142,-174.89589012288647,13.728672234573844
6M9X,0.1788931222262494,-9.886750342761275,9.888368676848069,0.1788931222262494,-9.886750342761276,9.88836867684807
6M9Z,2.401100297719225,-7.739530411136827,8.103432212625652,2.401100297719225,-7.739530411136827,8.103432212625655
6MAS,-3.050754233970526,-10.586659783008788,11.017461901784143,-3.050754233970526,-10.586659783008788,11.017461901784127
6MXW,-162.9702784066657,179.40465925954987,17.04012465164845,-162.9702784066657,179.40465925954987,17.040124651648423
6MYB,-160.4680998354242,178.0696206974895,19.62706010309535,-160.4680998354242,178.0696206974895,19.627060103095346
6MYC,-167.9936762940485,-0.6478719378615007,12.023790873928299,-167.9936762940485,-0.6478719378615007,12.023790873928297
6MZ3,-34.10055844355474,17.824753705727616,38.478174733634965,-34.10055844355474,17.824753705727616,38.47817473363495
6NQJ,-17.95353769815796,-162.72280317209925,24.916481415103593,-17.95353769815796,-162.72280317209925,24.9164814151036
6NQK,-20.851540928794986,-152.29735687584503,34.67309036081876,-20.55880119922216,22.10323259014048,30.18637437127862
6NQL,-16.101583331236075,-151.25424849488127,32.94812916338005,-16.101583331236075,-151.25424849488127,32.94812916338005
6NQN,-17.51858122331835,-147.095557697681,37.27737935135251,-17.51858122331835,-147.095557697681,37.27737935135252
6NQO,-17.46872093936448,-149.53761734441417,35.11570828436653,-17.46872093936448,-149.53761734441417,35.11570828436652
6NQP,-19.384232553572296,-155.85459141439924,30.96367593578927,-19.384232553572296,-155.85459141439924,30.96367593578926
6NQQ,-2.303473091482504,-151.88889147821843,28.205325926260205,-2.303473091482504,-151.88889147821843,28.20532592626018
6NQR,3.6596674283184614,-174.892476407396,6.283308279473629,3.659667428318461,-174.892476407396,6.283308279473601
6NQS,-19.93477745280436,-160.05362461132796,28.200234808218504,-19.93477745280436,-160.05362461132796,28.200234808218507
6NQV,-17.715749011761094,-157.20236482248146,28.871784370470504,-17.715749011761094,-157.20236482248146,28.871784370470507
6OA8,-6.436586809347085,1.592864023503491,6.63075150730539,-6.436586809347085,1.592864023503491,6.630751507305384
6OFK,-2.809486305435759,8.179561029302876,8.64860867033082,-2.809486305435759,8.179561029302876,8.648608670330818
6OFN,0.2924421574553091,-0.9209424555098052,0.9662595002469885,0.2924421574553091,-0.9209424555098052,0.9662595002469808
6OFO,-15.340683516155238,-161.48004822980667,24.048392551543305,-15.340683516155238,-161.48004822980667,24.04839255154329
6OG8,-3.9336710288269825,-165.64969324540408,14.87968654622919,-15.291608616276685,23.15873679731143,27.7517636218049
6PFR,-11.520304165524186,12.881360733090577,17.28140221168994,-11.520304165524186,12.881360733090576,17.281402211689933
6PFS,-11.911831459732248,15.270826793675466,19.36723727555129,-11.911831459732248,15.270826793675466,19.367237275551293
6PFT,173.13535061020397,31.917979994064897,32.64783083370706,173.13535061020397,31.917979994064897,32.64783083370706
6PFU,-11.98914598093577,15.527749199618873,19.617609858452514,-11.98914598093577,15.527749199618873,19.617609858452504
6QQ8,-6.2800158496571665,5.835858792191777,8.572971883445504,-6.280015849657167,5.835858792191777,8.572971883445513
6QQ9,-8.576816432824337,8.360543635407083,11.977498486825676,-8.576816432824337,8.360543635407083,11.97749848682568
6QQA,-5.698741073310112,6.754616318432318,8.83744824199066,-5.698741073310112,6.754616318432318,8.837448241990662
6QQB,-5.177531593294198,6.229787010005804,8.100436999915278,-5.177531593294198,6.229787010005804,8.100436999915289
6QSL,-3.133461405120531,6.791678132681786,7.479670596712665,-3.133461405120531,6.791678132681786,7.4796705967126575
6QSM,-5.403011442771399,8.23999916086661,9.853431829662243,-5.403011442771399,8.23999916086661,9.853431829662249
6QSO,-4.956911563967002,6.866060757098278,8.46839787522732,-4.956911563967002,6.866060757098278,8.46839787522733
6QUH,-12.588328770108701,8.504123530344506,15.191646989174854,-12.5883287701087,8.504123530344506,15.191646989174858
6QUI,-15.014190671105885,8.946681226980589,17.47767222731706,-15.014190671105885,8.946681226980589,17.477672227317054
6QUJ,-16.696586576358957,11.760261841318355,20.422530741272464,-16.696586576358957,11.760261841318355,20.42253074127246
6S67,-1.1984013173279653,-173.05424765209082,7.048378635960166,-1.1984013173279653,-173.05424765209082,7.048378635960135
6S68,23.047216298538217,39.480790197201685,45.71550036592689,23.047216298538217,39.480790197201685,45.7155003659269
6SM0,0.8978216746731265,-6.104354095930907,6.17002614970321,0.8978216746731265,-6.104354095930907,6.1700261497032
6T39,169.39958195967546,-136.12626126270536,45.136169680401814,-178.30734762380644,176.1437848329323,4.211349840770367
6T3A,-13.248280075953142,2.384473471717295,13.461152948697247,-13.248280075953142,2.384473471717295,13.461152948697244
6U1A,0.548065872788938,-170.25384446226957,9.761553358280096,0.548065872788938,-170.25384446226957,9.761553358280096
6UHJ,-10.312780603594828,1.5468095928102048,10.428138074186181,-10.312780603594828,1.5468095928102048,10.428138074186176
6UHK,-3.302661452079655,0.11643381467488353,3.304713225115408,-3.302661452079655,0.1164338146748835,3.304713225115402
6UHL,-2.5132451435637133,-3.850333302112788,4.597985177118941,-2.5132451435637133,-3.850333302112788,4.597985177118925
6UHM,-2.904975811525122,2.304632498865986,3.708128290711562,-2.904975811525122,2.304632498865986,3.708128290711545
6UHN,-7.960866497100799,-0.3026118188898154,7.9666159250709265,-7.960866497100799,-0.3026118188898154,7.966615925070929
6UHO,-6.621448504525395,-3.8507261476708177,7.659743609445261,-6.621448504525395,-3.8507261476708177,7.659743609445248
6UHP,-10.429027615743008,1.555112422790431,10.544334576323305,-10.429027615743008,1.555112422790431,10.544334576323315
6UHQ,-6.322629185673802,5.81995280153541,8.593456256456655,-6.322629185673802,5.81995280153541,8.593456256456655
6UHR,-7.436584193720855,14.557382306711332,16.3468701620234,-7.436584193720855,14.557382306711332,16.346870162023404
6UN4,-12.086055323950704,14.452560612903895,18.840096644212263,-18.764501052696744,-159.50471490128157,27.787824870514907
6UN6,-7.259672223944217,16.57763037165194,18.097532139444425,-7.259672223944217,16.57763037165194,18.097532139444425
6VIO,-8.73173286344561,1.0406449306537582,8.793526065820897,-8.73173286344561,1.0406449306537582,8.79352606582089
6WEM,-4.210746360613563,-171.28887479591057,9.67543731490944,-4.210746360613563,-171.28887479591057,9.675437314909436
6WV3,-26.56158856537934,15.81206397959764,30.911799598395746,-26.56158856537934,15.81206397959764,30.91179959839575
6WV4,-17.678145161219273,13.013757194064976,21.951644417838455,-17.678145161219273,13.013757194064976,21.95164441783846
6WV5,-27.085948511705567,14.207837635694471,30.586128507233816,-27.085948511705567,14.207837635694473,30.58612850723382
6WV6,-25.4954923407472,7.967412306523974,26.711416820514206,-25.4954923407472,7.967412306523974,26.7114168205142
6WV7,-20.565510475525503,18.867804020243057,27.909393573942978,-20.565510475525503,18.867804020243057,27.90939357394297
6WV8,-21.317898822348788,11.278647952723373,24.117643123683756,-21.317898822348788,11.278647952723372,24.117643123683767
6WV9,-13.767399027824455,14.060420111517908,19.678330460273287,-13.767399027824457,14.060420111517908,19.67833046027328
6WVA,-24.822281461196084,24.086866030445336,34.587899215006686,-24.822281461196084,24.086866030445336,34.587899215006686
6WVB,-30.330568683794077,24.378839711039674,38.913637999278805,-30.33056868379408,24.378839711039674,38.913637999278805
6WVD,-22.637413277911385,12.783537738430274,25.99752520962004,-22.637413277911385,12.783537738430274,25.997525209620044
6WVE,-35.57250419766543,24.73989868444166,43.32973161478575,-35.57250419766543,24.73989868444166,43.329731614785736
6WVF,-19.30955422128292,31.134563651564353,36.63631992979067,-19.30955422128292,31.13456365156436,36.63631992979068
6WVG,-12.74430674433119,12.824572090256874,18.080016695008922,-12.74430674433119,12.824572090256874,18.08001669500891
6WVH,-21.87260886917978,14.167856978861957,26.06029911796119,-21.87260886917978,14.167856978861955,26.0602991179612
6WVI,-22.980843045659746,18.316999033024338,29.387609645309063,-22.980843045659743,18.31699903302433,29.38760964530906
6XWY,-26.885847234964206,30.414855919685117,40.59448536632824,-26.885847234964206,30.41485591968512,40.59448536632824
6XZF,-8.49562859007887,8.421385227099398,11.96225038543222,-8.49562859007887,8.421385227099398,11.962250385432226
6Y1G,-173.90189718616213,142.44473286190274,38.04714112442596,-173.90189718616213,142.44473286190274,38.04714112442596
6YLM,2.1274526841598838,-3.1659078475385143,3.8143187363466393,2.127452684159884,-3.1659078475385143,3.814318736346642
6YLS,-1.158000140603856,3.8504481579643532,4.020810284359327,-1.158000140603856,3.850448157964353,4.020810284359314
6ZQO,0.2622214768686543,22.51252916785969,22.514056267955468,0.2622214768686543,22.51252916785969,22.514056267955457
6ZSM,-2.133309465560292,-2.0487167481542023,2.957744003462211,-2.133309465560292,-2.0487167481542023,2.957744003462212
6ZSN,-175.80089663951898,166.87937475792228,13.776185095121573,-175.80089663951898,166.87937475792228,13.776185095121576
6ZUI,-3.5355865174906373,-2.883298002619393,4.562212116349975,-3.5355865174906373,-2.883298002619393,4.562212116349979
7A7K,-24.011172549572482,13.861409105608992,27.724989983738553,-24.01117254957248,13.861409105608992,27.72498998373855
7A7L,166.4350531951801,-129.29017753868243,52.49279832392194,166.4350531951801,-129.29017753868243,52.49279832392194
7A7M,-18.07748940659589,7.1943280805054455,19.45646370169914,-18.07748940659589,7.1943280805054455,19.45646370169913
7A7N,167.45914547437707,-129.45183694377198,52.08060887309069,167.45914547437707,-129.45183694377198,52.08060887309068
7A7O,-13.990972967073736,10.28248215059991,17.363086238995468,-13.990972967073736,10.28248215059991,17.363086238995468
7A7P,-13.734265560762648,7.694815724805142,15.742942530933018,-13.734265560762648,7.694815724805142,15.742942530933009
7A7Q,-24.515144648664233,5.277184120511042,25.07670212341935,-24.51514464866424,5.277184120511042,25.07670212341936
7A7R,162.39634888659532,-114.19732404766441,68.11666972930014,162.39634888659532,-114.1973240476644,68.11666972930018
7A7S,-21.294128246334274,13.811710897735976,25.381159463152382,-21.294128246334274,13.811710897735976,25.381159463152382
7A7T,164.4687298840456,55.41581188763756,57.55112995051246,-21.239396312779256,-172.3289595729624,22.58222347255793
7A7U,-16.209633896895948,7.293100791740096,17.77474473037175,-16.209633896895948,7.293100791740096,17.774744730371747
7A7V,162.55464197395509,64.78752811919706,67.09518847467858,-22.76996538680842,-166.09109598349684,26.68199645185401
7A7W,-12.013564476547042,8.099067014489492,14.488637545930414,157.84338668198043,61.10514869955396,64.99811313660453
7A7X,159.15015566720305,-108.29209176014807,74.67757436363937,159.15015566720305,-108.29209176014808,74.67757436363937
7A7Y,-5.413996574469731,3.2223792391928754,6.300403706870805,-5.413996574469731,3.2223792391928754,6.300403706870794
7A7Z,-2.627140719829628,2.240405369964145,3.4527213301323934,-13.01083786361917,12.91234037814202,18.33058744160653
7A80,-19.471857790226377,9.340750415814437,21.596362289361075,-19.471857790226377,9.340750415814435,21.596362289361075
7A81,156.47521099186883,65.59864959189916,69.68929994021939,156.47521099186883,65.59864959189916,69.68929994021939
7A82,153.48015105424582,71.6573033285401,76.40727392352132,-30.64557227196984,-164.78107973489088,34.216467291529014
7A83,-24.983062058891708,12.236583912697563,27.818831314254073,-24.983062058891708,12.236583912697563,27.81883131425408
7A84,157.61636486391433,67.93309454917348,71.52574681142693,-38.73274761018882,36.64933200241041,53.323533956945234
7A85,-19.381751276040667,9.036453057482689,21.38480222930275,-19.381751276040667,9.036453057482689,21.38480222930276
7A86,-19.761174127350746,-162.74776415198875,26.23249215470923,-19.761174127350746,-162.74776415198875,26.232492154709224
7A87,-14.147084754778898,8.40578409215623,16.45591727199806,-14.147084754778898,8.40578409215623,16.455917271998064
7A88,154.53871443344903,-112.74374830806522,71.9143967113007,154.53871443344903,-112.74374830806522,71.91439671130068
7A89,-23.18529045271152,7.611085454816068,24.402588288480967,-23.18529045271152,7.611085454816068,24.40258828848097
7A8A,155.29694978734443,76.47322851424478,80.36414230986905,-27.69649813795596,9.571853102714291,29.303862901087616
7A8B,-22.85146953248838,13.531972159445328,26.55755881699687,150.21188245289105,-111.01412464552745,75.14241775071658
7A8C,158.92626446258373,-118.6394126643917,64.87853271824032,158.92626446258373,-118.6394126643917,64.87853271824028
7A8D,-26.288666573390348,21.28251802488453,33.82365390797431,152.6753935801007,-113.85495932757404,71.56675570094879
7A8E,158.96327271715847,-116.72731875436973,66.67815299469372,-28.19066968737713,20.360971597788247,34.77474689812628
7A8F,-15.553296006495781,5.177748158115447,16.392501110402435,-15.55329600649578,5.177748158115447,16.39250111040245
7A8G,-12.878905428406934,16.176583857681766,20.67723555842174,-12.878905428406934,16.176583857681766,20.677235558421728
7A8H,-11.358037954208553,3.6186266732317405,11.92054886192185,-11.358037954208552,3.618626673231741,11.920548861921844
7A8I,-15.177973265369552,8.083802944506708,17.196474711111243,-15.177973265369552,8.083802944506708,17.196474711111232
7A8J,-8.621985317439117,3.9453890504727167,9.48181024771777,-8.621985317439117,3.9453890504727167,9.48181024771777
7A8K,-161.7901626227659,144.60630841654378,39.80341167802241,-19.556865650489783,169.7215236065926,22.093394285196208
7A8L,-12.6047169709951,7.149691289770897,14.491272389197489,-12.6047169709951,7.149691289770897,14.491272389197496
7A8M,-12.264991828728459,8.769588139733202,15.077655676507707,-12.26499182872846,8.769588139733202,15.077655676507709
7A8N,-21.216933813886286,19.513415642686788,28.825885424511842,-21.21693381388629,19.513415642686788,28.825885424511853
7A8O,-7.822900949491023,7.648508873225255,10.940633768176003,-7.822900949491023,7.648508873225255,10.940633768176
7AMB,2.652614886280526,-5.439922711517909,6.052200000182201,2.652614886280526,-5.439922711517909,6.052200000182199
7AMF,-6.573479980173863,2.2576980393203083,6.950384125103967,-177.80889407624298,170.74641111666136,9.50946120403104
7AMU,-5.437269969226508,-2.1483124249388132,5.846293782679675,-5.437269969226508,-2.148312424938813,5.846293782679665
7BHG,-179.23865293236943,-1.254651345251736,1.4675828274859712,-179.23865293236943,-1.254651345251736,1.4675828274859493
7CAO,-177.6883983591966,-43.27774127889909,43.339432303031984,-177.6883983591966,-43.27774127889909,43.33943230303198
7CD7,-7.779837491048174,4.345799726070594,8.911332484327692,-7.779837491048174,4.345799726070594,8.911332484327694
7CD8,-13.684741673921172,12.923607678250452,18.822640359505588,-13.684741673921172,12.923607678250452,18.822640359505595
7DNA,-21.5152459018102,-164.60323065458263,26.456876468913443,-21.5152459018102,-164.60323065458263,26.456876468913418
7E53,-13.634522984685972,13.921935310204942,19.48641834205202,-13.634522984685972,13.921935310204942,19.486418342052016
7KM4,-7.51062565713027,16.092106211832476,17.758529784147147,-7.51062565713027,16.092106211832476,17.758529784147136
7LG4,-5.69751655645797,-173.56611188617657,8.593986919486829,-5.69751655645797,-173.56611188617657,8.593986919486829
7LQO,-26.22774759619125,-156.05123013423113,35.516732986763806,-26.22774759619125,-156.05123013423113,35.516732986763785
7LUG,-27.49312103524117,-147.83479021978562,42.31397434020606,-27.49312103524117,-147.83479021978562,42.31397434020607
7O7C,165.79040190760816,-126.55902726589751,55.29783218820059,-11.863561352766984,7.527997589312677,14.050438985155012
7O7D,-11.737384966482237,7.455206984939638,13.904902626041515,-11.737384966482235,7.455206984939638,13.904902626041505
7O7E,-11.298527967154858,9.507014216642943,14.766179381953595,-11.298527967154858,9.507014216642943,14.766179381953595
7O7H,-166.63452456684885,175.0853396096646,14.240429077331124,-11.38949116306495,9.573493781192193,14.878585017805294
7O7U,170.00650927302357,-132.95235310687508,48.097306942180566,-178.0167513582494,173.66009301502302,6.642868036711665
7O7V,-11.618774456199825,10.045685492059642,15.35941785581143,-11.618774456199825,10.045685492059642,15.359417855811431
7O7W,-164.78812460950004,172.65906352742846,16.89054472746301,-164.78812460950004,172.65906352742846,16.89054472746301
7O7X,169.1930824804815,-132.3873959096464,48.823657529300625,-9.818522001975987,7.4868111121916305,12.3472958550819
7OIN,-15.675434370643018,-167.39106078227547,20.117270960659848,-15.675434370643018,-167.39106078227547,20.117270960659848
7PCA,-3.680843121194493,5.2570346642647685,6.417555573902447,-3.680843121194493,5.2570346642647685,6.417555573902434
7PCZ,-7.618962857223954,7.595438350288386,10.75821912552397,-7.618962857223954,7.595438350288386,10.75821912552397
7PD0,-18.328672404047342,16.243841149075028,24.490867836221522,-18.328672404047342,16.243841149075028,24.49086783622152
7PNN,-8.521084722062552,-0.3171769253618006,8.526985753626517,-8.521084722062552,-0.3171769253618006,8.52698575362653
7Q6B,177.5272990456699,-122.24282875163196,57.8100776735584,177.5272990456699,-122.24282875163196,57.8100776735584
7QGK,0.4676988239236072,1.623688885692091,1.689706420482441,0.4676988239236072,1.623688885692091,1.6897064204824308
7QLI,-9.034595410231777,12.600636476969864,15.504836466448943,-9.034595410231775,12.600636476969864,15.50483646644893
7QLJ,-175.89137291634177,161.40384937197928,19.04462219873646,-175.89137291634177,161.40384937197928,19.04462219873646
7QLK,-6.1262451339001025,9.328930326918329,11.160637100324136,-6.126245133900103,9.328930326918329,11.160637100324122
7QLL,-15.655282314484028,16.741951285549902,22.92118664454182,-15.655282314484028,16.741951285549902,22.921186644541823
7QLM,-167.2067640023724,163.03338961548496,21.2493001115549,-167.2067640023724,163.03338961548496,21.249300111554906
7QLN,176.22161120489625,179.14678998578034,3.8735241338257187,176.22161120489625,179.14678998578034,3.8735241338257183
7QLO,-177.25241483517792,177.87110060666015,3.4758361389618666,-177.25241483517792,177.87110060666015,3.475836138961844
7RHA,150.92684751258315,-137.01913219131964,51.89029960545467,-0.8585476779432477,-162.5089863629299,17.51207189819277
7RHB,-152.75338446869142,133.00678044899527,54.32072110787815,-152.75338446869142,133.00678044899527,54.32072110787812
7RHC,-157.62163687805588,161.16940266984892,29.24692345919279,-157.62163687805588,161.16940266984892,29.24692345919279
7RRH,-27.926606452697254,-157.86955303727046,35.632176901418994,-27.926606452697254,-157.86955303727046,35.63217690141899
7RRI,-26.064003447177893,-133.70276759174573,53.129709244060535,-26.064003447177893,-133.70276759174573,53.12970924406053
7RRJ,-127.47255426969878,118.23105331800753,81.08350836731579,-127.47255426969878,118.23105331800753,81.08350836731579
7RRK,-24.558195694632303,-154.34367071743122,35.5155206639499,-24.558195694632303,-154.34367071743122,35.51552066394991
7RY2,-34.47707804982173,20.158687391712732,39.93797175884495,-34.47707804982173,20.15868739171273,39.93797175884495
7SAH,-10.236334761433035,6.901085544391661,12.345344508726104,-10.236334761433035,6.901085544391661,12.345344508726107
7SAI,-17.096656742273645,12.495795266811333,21.176415445329628,-17.096656742273645,12.495795266811331,21.17641544532963
7SAJ,-45.97965791741619,37.3410166415646,59.232427487215304,-45.97965791741619,37.3410166415646,59.2324274872153
7SAK,-14.837446462816894,8.180494205531131,16.94314914600252,-14.837446462816894,8.180494205531131,16.943149146002522
7SAL,-28.36466719655043,20.174728547861456,34.80767181457215,-28.36466719655043,20.174728547861456,34.80767181457214
7SFA,-1.75906587561085,-9.568814850029684,9.729158770874664,-1.75906587561085,-9.568814850029684,9.729158770874651
7SWR,-177.08738849266638,-25.692497737426272,25.857063750169043,-177.08738849266638,-25.692497737426272,25.85706375016905
7SWS,-177.16006554034885,-34.26462042142853,34.38210930643568,-177.16006554034885,-34.26462042142853,34.38210930643569
7SWT,-23.367719209618393,-179.82326975900352,23.368387506151368,-23.3677192096184,-179.82326975900352,23.368387506151368
7SWU,-152.7995065717723,-141.9995315016725,46.7322420693833,-152.7995065717723,-141.9995315016725,46.7322420693833
7TSR,-13.545999221749314,-165.76049882167908,19.65343452740603,-175.72125518543663,-7.123035478701163,8.309349650784254
7TSS,-170.38281352624716,-50.10659382062985,51.02118207153296,-54.519513524483095,-125.72502422657398,76.92951546807166
7TSU,-11.638451187394791,-169.7638964736825,15.49939874455976,-177.41580886374592,-3.465204755525209,4.322694509956552
7TSV,-166.73406540869303,127.27951643214608,54.36390721985672,-24.85964385394689,34.64562258806409,42.641775960431765
7UGR,-4.724382863834427,178.08056386793754,5.099414526115642,-4.724382863834427,178.08056386793754,5.099414526115647
7UGS,2.0125714916749433,175.5210439632668,4.91034532269284,2.012571491674944,175.5210439632668,4.910345322692812
7UGT,-1.5236748313684534,-175.09517108515624,5.136042413729937,-1.5236748313684534,-175.09517108515624,5.136042413729937
7VCM,-23.457454341183887,13.808109931874228,27.219773402059214,-23.457454341183887,13.808109931874228,27.21977340205921
7X2B,-3.4487980229398425,8.695994683817835,9.354920167699031,-3.4487980229398425,8.695994683817835,9.354920167699015
7Y40,-4.670927861833088,-167.88463200157113,12.984595058291278,-4.670927861833088,-167.88463200157113,12.984595058291276
7Y96,-12.843476189624445,4.813165108074678,13.7157369102443,-12.843476189624443,4.813165108074678,13.715736910244289
7YAO,-8.593434987999695,-163.65161366178913,18.46934922395417,-8.593434987999695,-163.65161366178913,18.469349223954165
7YEU,-5.554847844676543,-0.2777442275898181,5.561787161827312,-5.554847844676543,-0.2777442275898181,5.561787161827311
7YRE,-5.39078306414838,-165.07238654851494,15.871174669874518,-5.39078306414838,-165.07238654851494,15.871174669874522
7YV3,-6.7972037774141105,7.866656743732306,10.396454564677397,-6.797203777414111,7.866656743732306,10.396454564677404
7YV5,-19.449600330017535,22.72208753654954,29.909533848190254,-19.44960033001753,22.72208753654954,29.909533848190247
7ZCT,-2.170491335332416,179.7260411109765,2.1877125290193273,-2.170491335332416,179.7260411109765,2.187712529019315
8A6G,-178.06553767258242,166.26627221398664,13.86929786962964,-179.72497612213945,45.04512708276533,45.04596665669272
8A6N,-178.06553767258242,166.26627221398664,13.86929786962964,-179.72497612213945,45.04512708276533,45.04596665669272
8A6O,-178.06553767258242,166.26627221398664,13.86929786962964,179.8141199008693,148.53925494710245,31.46129416751114
8A6P,-178.06553767258242,166.26627221398664,13.86929786962964,-179.86573334445168,154.9075689701427,25.092790249849376
8A6Q,-178.06553767258242,166.26627221398664,13.86929786962964,-179.72497612213945,45.04512708276533,45.04596665669272
8A6R,-178.06553767258242,166.26627221398664,13.86929786962964,-179.72497612213945,45.04512708276533,45.04596665669272
8A6S,-178.06553767258242,166.26627221398664,13.86929786962964,-179.72497612213945,45.04512708276533,45.04596665669272
8A7V,173.12974052628624,-129.62583236877623,50.840507764722275,-17.51474014377693,5.62406902285036,18.395550404318325
8A83,-174.5470361097287,157.62993288302323,23.025088881623194,-174.5470361097287,157.62993288302323,23.02508888162319
8AHA,-8.857819208814286,2.7048467792554685,9.26159582551991,-8.857819208814286,2.7048467792554685,9.26159582551992
8AHB,164.29228075162195,-127.92465604425041,54.39277426364178,164.29228075162197,-127.9246560442504,54.39277426364177
8AM4,-0.38131279066914175,9.312454453053098,9.32025790332631,-0.3813127906691417,9.312454453053098,9.3202579033263
8ARM,-13.626508411567356,-168.59586951037178,17.76895955634384,-13.626508411567356,-168.59586951037178,17.76895955634384
8B65,-161.9065346256275,135.54166722140494,47.99913377037045,-161.9065346256275,135.54166722140494,47.99913377037042
8B6S,-5.658643901687662,7.442050197447504,9.349030000349535,-5.658643901687662,7.442050197447504,9.349030000349524
8B6T,-0.02977214777384041,2.4743408423240685,2.4745199503693733,-0.0297721477738404,2.4743408423240685,2.4745199503693738
8BAN,-4.2341672418064205,11.637057115949883,12.383427253852892,-4.2341672418064205,11.637057115949885,12.383427253852886
8BAV,-2.6422079068596167,-1.4643779457375978,3.0208716276985657,-2.6422079068596167,-1.4643779457375978,3.0208716276985594
8BBJ,-15.520360752388225,17.13453297166244,23.118689799408195,-15.520360752388225,17.13453297166244,23.118689799408184
8BGL,-161.41625931954582,129.78447953245362,53.543943761222316,-161.41625931954582,129.78447953245362,53.54394376122231
8BVG,-13.12938222425433,10.76899585077953,16.98092898591453,-13.12938222425433,10.76899585077953,16.98092898591453
8BXP,8.819183396070509,-7.788084938566553,11.765724065430613,8.819183396070509,-7.788084938566553,11.765724065430607
8BXT,-2.9104504936068043,6.02392880412522,6.690174908991979,-2.9104504936068043,6.02392880412522,6.6901749089919615
8C0T,-5.015086194761247,7.105727767524217,8.697267194185173,-5.015086194761247,7.105727767524217,8.69726719418517
8C1X,-0.8420186591680884,-8.409312315384057,8.45136255523671,-0.8420186591680884,-8.409312315384057,8.451362555236711
8C7I,-22.019922857412592,14.784948490076873,26.523041011554987,-22.019922857412592,14.784948490076872,26.523041011554987
8DHR,-4.511063626905759,3.054991312258291,5.448180151570407,-4.511063626905759,3.054991312258291,5.44818015157041
8DPD,-3.119320503708761,2.728780911200091,4.1444427449523165,-3.119320503708761,2.728780911200091,4.144442744952315
8DTA,-3.264407176587327,1.1192051363712279,3.450938184296346,-3.264407176587327,1.119205136371228,3.450938184296349
8G0I,-19.043930095856258,8.285289586856315,20.768179916254816,-19.043930095856258,8.285289586856315,20.768179916254805
8GOS,-10.330796690071338,-2.4638946986272185,10.620552590967774,-10.330796690071338,-2.4638946986272185,10.62055259096777
8GYF,-12.135177359972564,-155.34200000496898,27.482348759029662,-12.135177359972564,-155.34200000496898,27.48234875902966
8I4J,-0.6135574609127142,-174.01404516047995,6.01731735066509,-0.6135574609127142,-174.01404516047995,6.01731735066509
8I4K,-7.004038084787529,-1.3027184803110268,7.124157840201055,-7.004038084787529,-1.3027184803110268,7.124157840201046
8IYY,-0.6207651224634674,-167.62130568871783,12.394249561366625,-0.6207651224634674,-167.62130568871785,12.394249561366596
8IYZ,-6.017322234881252,-0.5095570294196317,6.038858770051442,-6.017322234881252,-0.5095570294196317,6.038858770051446
8IZ0,-4.664799712157366,-172.24671384789056,9.048414364463856,-4.664799712157366,-172.24671384789056,9.048414364463833
8IZ1,-8.474304529312345,5.451655407300699,10.076427141376788,-8.474304529312345,5.451655407300699,10.07642714137678
8IZ2,-7.601690282808644,0.6533383237309374,7.629714681493861,-7.601690282808644,0.6533383237309374,7.629714681493857
8IZ3,-2.0282236658699486,3.36276522358095,3.927070305930397,-2.0282236658699486,3.36276522358095,3.927070305930411
8J2H,5.902058309000291,-174.4735516158472,8.085537955234912,5.902058309000291,-174.4735516158472,8.08553795523491
8J2I,-18.733341393406306,10.539144892358934,21.494456374238577,-18.733341393406302,10.539144892358934,21.494456374238577
8J2J,-12.1000067669273,10.238954023032488,15.850752135007953,-12.1000067669273,10.238954023032488,15.850752135007967
8J2K,3.03354680888283,-2.771667847687562,4.109081271961907,3.03354680888283,-2.771667847687562,4.109081271961921
8J2L,-9.2487509147915,-156.38176579088295,25.364549683378275,-9.2487509147915,-156.38176579088295,25.364549683378247
8J3J,-16.055992546834023,9.790389459305942,18.80549447445823,-16.055992546834023,9.790389459305942,18.80549447445821
8JKC,-12.280012410256418,9.386443398410512,15.456520451499278,-12.280012410256418,9.386443398410512,15.456520451499294
8JKG,-12.333297743476157,9.415252340622798,15.516352982155215,-12.333297743476155,9.415252340622798,15.516352982155215
8JKI,-12.2527675053233,9.389716607314558,15.436874343764856,-12.2527675053233,9.389716607314558,15.436874343764847
8JL2,-12.205792325873569,9.35633217838999,15.379282107261396,-12.205792325873569,9.35633217838999,15.379282107261382
8JL5,-10.874591424429985,6.912645801641475,12.885705670518691,-10.874591424429983,6.912645801641475,12.885705670518696
8JL6,-12.350856850020913,9.493607641023315,15.577941166001512,-12.350856850020913,9.493607641023315,15.57794116600152
8JL7,-12.26633354105366,9.444318187061603,15.480894178271505,-12.26633354105366,9.444318187061604,15.480894178271509
8JLL,-12.303230026879946,9.381721557870458,15.472109374087687,-12.303230026879946,9.381721557870458,15.472109374087673
8JLM,-12.24669336213806,9.396167746943988,15.435979613712464,-12.24669336213806,9.396167746943988,15.435979613712467
8JLS,-12.301878109797338,9.399943524008586,15.482091050076605,-12.301878109797338,9.399943524008586,15.482091050076598
8JLT,-12.273090329690309,9.363726002936792,15.43723132231984,-12.273090329690309,9.363726002936792,15.437231322319828
8JLU,-12.288320911332605,9.441319664884091,15.49649469507286,-12.288320911332605,9.441319664884093,15.496494695072858
8OSI,-14.09871033597587,-172.00394190133554,16.208349029280257,-14.09871033597587,-172.00394190133554,16.208349029280246
8OVN,0.5886784081755493,5.360016870427425,5.39224657443617,0.5886784081755493,5.360016870427425,5.392246574436179
8OVO,4.070704654329289,-5.850472734343092,7.127318401619937,4.070704654329289,-5.850472734343092,7.12731840161993
8OVP,1.7618328334210973,-5.487182753454505,5.763092008872421,1.7618328334210973,-5.487182753454505,5.763092008872423
8OVY,0.9461468867599524,-0.19825914671685624,0.9666957228530781,0.9461468867599524,-0.1982591467168562,0.9666957228530836
8PEI,-24.798437515290217,-148.08100254103175,40.42010517038984,-24.798437515290217,-148.08100254103175,40.42010517038983
8Q6W,-15.299079248289635,2.9518670391241253,15.581249784985612,-15.299079248289637,2.9518670391241253,15.581249784985609
8Q79,-7.945228881774361,-164.39744301428541,17.509038993509993,-7.945228881774361,-164.3974430142854,17.509038993509993
8QBJ,-2.3537399696446415,-166.2299441727794,13.969771985593594,-2.353739969644641,-166.2299441727794,13.969771985593567
8QDD,-15.354122503493606,-151.5708221815068,32.310481724786996,-15.354122503493606,-151.5708221815068,32.310481724787
8QWJ,-7.975368176989971,11.927586300517786,14.348303471659777,-7.975368176989971,11.927586300517786,14.348303471659774
8RZZ,-20.892723660363142,-152.93035094582032,34.194616562622066,-20.892723660363146,-152.93035094582032,34.194616562622066
8S0G,-19.16427218397887,-169.42410046700556,21.888786610354124,-19.16427218397887,-169.42410046700556,21.88878661035412
8S1L,-16.97850807735516,-161.62125492889308,25.02095135924193,-16.97850807735516,-161.62125492889308,25.02095135924192
8S1V,-20.680215688777007,-163.28125094496968,26.59300454817801,-20.680215688777007,-163.28125094496968,26.593004548178
8SFS,-7.82629657675947,-175.5908550949338,8.982843475273759,-7.82629657675947,-175.5908550949338,8.982843475273752
8SFV,-0.5807514521680625,-6.594190983162553,6.619715021933917,-0.5807514521680625,-6.594190983162553,6.6197150219339225
8SFX,-1.2328819104161783,-2.6367272772021173,2.910726462478589,-1.2328819104161783,-2.6367272772021173,2.910726462478592
8SFZ,-5.3309509264998,-172.41704749200647,9.269315320951945,-5.3309509264998,-172.41704749200647,9.26931532095194
8SG3,-1.1625367602125067,-1.6015921611106698,1.9790374350619282,-1.1625367602125067,-1.6015921611106698,1.9790374350619384
8SLC,-1.2231692856652896,0.6027243553601981,1.3636054231115713,-1.2231692856652896,0.6027243553601981,1.3636054231115764
8SMU,1.623112757383652,-1.140207714063921,1.9835747161104134,1.623112757383652,-1.140207714063921,1.983574716110395
8SXC,5.196331598599956,-172.71374338102228,8.949379732708035,5.196331598599956,-172.71374338102228,8.949379732708014
8U20,-16.332250136472037,-166.83322114470394,20.978714449283157,-16.332250136472037,-166.83322114470394,20.978714449283167
8U21,-12.594905032828807,-173.8986823870155,13.994917270226788,-12.594905032828809,-173.8986823870155,13.994917270226765
8U22,-12.891428737868779,-165.32372904609454,19.534120507870295,-12.89142873786878,-165.32372904609454,19.53412050787028
8U23,-16.220144524100505,-164.67692984247574,22.31343916645569,-16.220144524100505,-164.67692984247574,22.31343916645568
8U24,-12.24075278086382,-173.61556122748132,13.805690387744676,-12.24075278086382,-173.61556122748132,13.805690387744654
8UL0,-170.0793683166443,-33.21275655640299,34.66274846390129,-170.0793683166443,-33.21275655640299,34.66274846390128
8UL1,-9.526386151670259,12.064479422284053,15.372172808079224,-9.52638615167026,12.064479422284052,15.372172808079222
8UL2,-11.317770430831754,11.201616263295792,15.923822858696413,-11.317770430831754,11.201616263295792,15.923822858696411
8UL3,-10.00820283781663,11.381734412283182,15.156120950778671,-10.00820283781663,11.381734412283182,15.156120950778666
8UL4,-11.870728958574004,10.859774426937141,16.088782011447776,-11.870728958574004,10.85977442693714,16.08878201144777
8UL5,-7.05719289237864,8.266531913255198,10.869200586662588,-7.05719289237864,8.266531913255198,10.869200586662584
8UQQ,-8.350649449141827,2.8656979863572167,8.82867890295397,-8.350649449141827,2.8656979863572167,8.82867890295397
8WGP,24.841948578792994,-167.8885497491856,27.637106150415743,24.841948578792994,-167.8885497491856,27.637106150415747
8XC6,3.3569938577580802,22.77387646254576,23.01996648330143,3.35699385775808,22.77387646254576,23.01996648330143
8XLD,-10.82045412685571,-157.98337149929938,24.53190082421767,-10.82045412685571,-157.98337149929938,24.53190082421767
8YDO,-11.945973396511262,23.866827878685285,26.68954389608304,-11.945973396511262,23.866827878685285,26.68954389608305
8YQ4,-14.38215754073315,-167.42493822477434,19.104413997220878,-14.38215754073315,-167.42493822477434,19.10441399722088
8ZBO,-0.15302495437397726,-165.0444952942995,14.95628756205532,-0.1530249543739772,-165.0444952942995,14.95628756205532
8ZUP,-7.8267567544161025,0.6243297597241383,7.851618237132723,-7.8267567544161025,0.6243297597241383,7.85161823713273
8ZUQ,-8.177579974827383,4.684461865926706,9.424277013013741,-8.177579974827383,4.684461865926706,9.424277013013748
8ZUR,-3.022960178132438,1.5530315416973797,3.3985578129673644,-3.022960178132438,1.5530315416973797,3.3985578129673537
8ZUS,-6.927063684502176,7.506019697714933,10.21393866202618,-6.927063684502176,7.506019697714933,10.213938662026194
8ZUT,-7.597410860587759,8.978751205789557,11.761744130869552,-7.597410860587759,8.978751205789557,11.761744130869548
8ZXH,-46.931570752275036,-120.450619263477,75.82018912782516,-46.93157075227504,-120.450619263477,75.82018912782515
8ZXO,-26.872137327425865,-156.60474681116088,35.629336736935194,-26.872137327425865,-156.60474681116088,35.6293367369352
9BCF,-6.255194564179946,-1.5491440910661394,6.4441684064455975,-6.255194564179946,-1.5491440910661394,6.444168406445589
9C74,-4.3298788381460716,14.791469558268533,15.412184220486411,-4.329878838146072,14.791469558268531,15.412184220486395
9CJM,-175.35010178578852,3.845760995249977,6.034188515046008,-175.35010178578852,3.845760995249977,6.034188515046009
9F22,-21.321819665320294,-159.27179514494745,29.73682011166401,-21.32181966532029,-159.27179514494745,29.736820111663977
9F23,7.644042092979389,179.2435807971049,7.681376799099833,7.644042092979389,179.2435807971049,7.681376799099833
9F24,-3.6762185305254698,4.28592605503041,5.646569297668041,-3.6762185305254698,4.28592605503041,5.646569297668044
9FEL,-16.55321078558591,11.310279382010494,20.04822204114793,-16.55321078558591,11.310279382010494,20.048222041147923
9FEM,-8.127540275789775,8.4674042460918,11.736858421286275,-8.127540275789775,8.4674042460918,11.736858421286268
9FEN,-0.7975721265088646,-7.687299942616919,7.728564013110208,-0.7975721265088646,-7.687299942616919,7.728564013110195
9FEO,-13.738026595765517,7.327504568814345,15.570025624640303,-13.738026595765517,7.327504568814345,15.570025624640309
9FEQ,-1.5164686500432814,3.618304648256507,3.9232391839089678,-1.5164686500432814,3.618304648256507,3.923239183908972
9FER,-14.214764624896494,2.9376648189857706,14.515144089188912,-14.214764624896494,2.9376648189857706,14.5151440891889
9FES,-17.675715898770797,3.436437778883171,18.00666646390147,-17.675715898770797,3.436437778883171,18.00666646390148
9FGI,-2.5667561966739902,-10.88729941002749,11.185773366949157,-2.5667561966739902,-10.88729941002749,11.185773366949164
9G7Q,-10.719672501570644,22.27716501332588,24.722124900013764,-10.719672501570644,22.27716501332588,24.72212490001376
9GVR,-2.6098349202513544,11.796705743746681,12.08194954117544,-2.6098349202513544,11.79670574374668,12.081949541175437
9H25,-165.49875624301598,110.25525398751644,71.23633670287452,-165.49875624301598,110.25525398751644,71.23633670287454
9IRJ,-4.751540012377064,3.3470766787027606,5.812061147504915,-4.751540012377064,3.3470766787027606,5.812061147504913
9J0Q,-8.27815598618205,-158.9378202156802,22.63058293103764,-8.27815598618205,-158.9378202156802,22.63058293103761
9J0R,-10.432471840730313,-154.0921353919984,27.92944534454941,-10.432471840730312,-154.0921353919984,27.92944534454941
9J11,-9.090781187865932,-159.66347315441948,22.27592033444801,-9.090781187865932,-159.66347315441948,22.27592033444801
9JX2,-164.9954248983739,120.74055325984284,61.12952888686334,-164.9954248983739,120.74055325984284,61.12952888686334
9K8W,-10.840085777231545,-2.9400169073439044,11.231703302402776,-10.840085777231543,-2.9400169073439044,11.231703302402783
9K8X,-9.41795332891421,-177.8628146295491,9.657401628454506,-9.41795332891421,-177.8628146295491,9.657401628454494
9LD5,-22.206466139676447,5.581378547133737,22.89713791937764,-22.206466139676447,5.581378547133737,22.89713791937764
9LD8,-12.079496182961806,6.213439950736015,13.58385306367789,-12.079496182961806,6.213439950736015,13.583853063677893
9LD9,-19.493860176236705,8.033116937595533,21.08415405710533,-19.493860176236705,8.033116937595533,21.08415405710534
9LPU,3.0035109605008707,-7.574302296602072,8.148075439645874,172.1965955345065,152.9858626255091,28.118619086647016
9LSA,-26.78230594771844,14.832665147040482,30.61535345609166,-26.78230594771844,14.832665147040482,30.61535345609167
9LSC,-27.2324387091775,15.76144454715454,31.464723934306768,-27.2324387091775,15.76144454715454,31.46472393430676
9LSF,-29.666374616327232,16.983836090426788,34.183979745236634,-29.666374616327232,16.983836090426788,34.18397974523663
9LSW,-20.542147977987522,16.485038895461347,26.338875278462638,-20.54214797798752,16.485038895461347,26.33887527846264
9LYL,-1.346330578126967,21.7346184539415,21.77627712360434,-1.346330578126967,21.7346184539415,21.77627712360435
9MUS,-26.548839766279926,-156.51954773710338,35.442524337379986,-26.54883976627993,-156.51954773710338,35.44252433738
9MUT,-26.2777715021216,-153.0891362226217,37.612708814472846,-26.2777715021216,-153.0891362226217,37.61270881447285
9MUU,-14.39156345132641,8.190795753503448,16.55917370067614,-14.39156345132641,8.190795753503448,16.559173700676137
9MUV,-10.539040955411194,9.504656014275719,14.191894525028792,-10.539040955411194,9.50465601427572,14.191894525028788
9R6H,-2.167425684207968,10.580852820225617,10.800563897308372,-2.167425684207968,10.580852820225616,10.80056389730836
9S0T,-4.406590194132752,-1.8947768971534942,4.796688089610735,-4.406590194132752,-1.8947768971534944,4.7966880896107424
9TAD,-2.1497337257259197,-4.709844866054445,5.177257358275996,-2.14973372572592,-4.709844866054445,5.177257358275988
9U9D,-12.45231746235078,9.958430213802481,15.944608571750518,-12.45231746235078,9.95843021380248,15.944608571750525
