pdb_id,tau,phi_canon,d_canonical,d_cd1_occ,cd1_was_far
1B9C,2.383488765761248,-3.1882987625983503,3.9807370794987564,3.9807370794987564,0
1BFP,-2.4340142546373253,3.2252052545009633,4.040590838656935,4.040590838656935,1
1C4F,0.4492202698342444,-0.12631890706916238,0.46664260104828625,0.46664260104828625,0
1CV7,34.64550029533548,-36.299928729103954,50.17963248622011,50.17963248622011,0
1EMA,-17.557120105736356,13.024501170160818,21.86069754465241,21.86069754465241,0
1EMB,-7.140300101303171,5.68586155000952,9.12759043244968,9.12759043244968,0
1EMC,0.286329813496538,0.7888289975201417,0.8391876723508233,0.8391876723508233,0
1EME,0.5589024645915488,5.282585298377455,5.312069220140126,5.312069220140126,0
1EMF,-0.3434444088314389,3.8145935117717613,3.830023201236357,3.830023201236357,1
1EMG,-3.9547527139399694,4.188976161904549,5.76086714943333,5.76086714943333,0
1EMK,1.0369190309041765,1.852480530880399,2.122942579049703,2.122942579049703,0
1EML,0.4245132978178218,4.284392629698004,4.305372428191867,4.305372428191867,0
1EMM,0.20317701021365797,-0.6497236430817566,0.680750842716183,0.680750842716183,0
1F09,-5.140145256908789,2.93548140274342,5.919302689335498,5.919302689335498,0
1F0B,13.261595544788863,-16.717904037172673,21.339124438216253,21.339124438216253,0
1G7K,-0.0009165894373260186,-3.524214472325866,3.5242145915206806,3.5242145915206806,0
1GGX,-2.0115462085299853,-2.3621550327190164,3.1025948088094113,3.1025948088094113,0
1H6R,-7.310253708142118,-4.201266840668779,8.431515423926387,8.431515423926387,0
1HCJ,-2.981023167498054,3.402922341986084,4.523978292470927,4.523978292470927,0
1HUY,-1.6819564037932873,-0.5828992973937659,1.7800980127968837,1.7800980127968837,0
1JBY,-0.12872500595141914,1.927343224381275,1.9316371376957946,1.9316371376957946,0
1JBZ,-1.8621884842468144,1.4203206271359363,2.342019776758785,2.342019776758785,0
1JC0,-1.6849956471508385,1.6427276439180503,2.3532455126930096,2.3532455126930096,0
1JC1,0.8059605611882708,0.47402250224601516,0.9350239348949776,0.9350239348949776,0
1KP5,-1.203527766953806,11.944673101163318,12.005152834490834,13.142587202076907,1
1KYP,-8.867061095103432,13.64041055271639,16.269160166122692,16.269160166122692,1
1KYR,-13.146579991046094,9.108673137992696,15.993764153436892,15.993764153436892,1
1KYS,-15.182085985051232,17.44751469739333,23.12815392488655,23.12815392488655,1
1MOU,-169.47983112272405,-43.141234623552464,44.40540595525288,44.6298784652952,1
1MOV,-169.18144094914018,-42.43694547687187,43.79424118926981,43.93896764428477,1
1MYW,-0.7796261178646376,0.4068439103930359,0.8793968677909777,0.8793968677909777,0
1Q4A,-1.6669911411549936,2.575678442806435,3.0680578393222984,3.0680578393222984,0
1Q4B,-5.211534506713278,0.8920527774226343,5.287329200302435,5.287329200302435,0
1Q4C,-2.255063846299217,1.179873981235204,2.5450767301756527,2.5450767301756527,0
1Q4D,-3.2301332470316515,2.466013666093005,4.063863210657656,4.063863210657656,0
1Q4E,-2.2429023472396485,3.743784135679334,4.364233104889944,4.364233104889944,0
1Q73,-1.1576851052794634,3.3284262463863286,3.524011362158086,3.524011362158086,0
1QYF,11.130628217281695,-5.879669203551629,12.58814499656486,12.58814499656486,0
1RMM,-2.0628836141492672,-1.0696181942893475,2.3236978906648567,2.3155221169627387,1
1RMO,-2.046548011231303,0.528481349909498,2.113681929590385,2.8455285169156497,1
1RMP,0.933027069371555,-0.4004799958029537,1.0153441481677001,1.42053724048645,1
1RRX,-0.2804284662612414,2.5950266281932386,2.610134733250681,2.610134733250681,0
1S6Z,15.185881632794866,-69.61634598888543,71.25339732117662,71.25339732117662,0
1UIS,-176.18400773401947,-7.081621018336648,8.044324286189026,7.795306630193753,1
1W7S,-0.15532651728891106,0.057649094992626715,0.16567964608414448,0.16567964608414448,0
1W7T,-0.0059682336803282676,-0.06744336116861405,0.06770691825052445,0.06770691825052445,0
1W7U,-0.07537335211595703,0.03849428675670197,0.08463422665861368,0.08463422665861368,0
1XA9,-1.5786748654874692,0.8177281763817064,1.7778902388422175,1.7778902388422175,0
1XAE,-0.11005290370820536,0.03968908686834993,0.11699087670007265,0.11699087670007265,0
1XMZ,-171.7405517875706,-8.13927776152019,11.595961678661249,18.647857742857997,1
1XQM,-158.9228969508033,-31.07565618520175,37.54917682569519,37.633725949679466,1
1XSS,-0.5987317326480941,2.2216930821389553,2.300956287916807,2.300956287916807,0
1YFP,-4.66782640264423,2.3449234358305375,5.223721780984314,5.223721780984314,0
1YZW,-174.33183670727072,-47.23873565289455,47.57758107761568,48.46214742906582,1
1Z1P,3.309457271739263,-19.568554121486585,19.846430858948356,19.846430858948356,0
1Z1Q,-6.510421789806256,-7.620861504467939,10.023129349233475,10.023129349233475,0
1ZGO,-0.8764416162574855,-3.3091896813364485,3.4232858854865853,3.4232858854865853,0
1ZGP,-1.133883103571698,-0.4848002027829068,1.2331756278745203,1.2331756278745203,0
1ZGQ,-0.22802738833204025,-0.316148793943114,0.38980321925455597,0.38980321925455597,0
2A46,1.7315983589675166,1.6583219489085366,2.3975955795360497,2.3975955795360497,0
2A47,-162.03827366844857,-46.21491554750037,49.58267874845144,48.144665289746655,1
2A48,-0.1282239478863423,-0.6088945793918015,0.6222491379056123,0.6222491379056123,0
2A50,-164.90157403623053,-29.327974683313585,32.98624812870526,30.953058832246246,1
2A52,-15.238553659372181,12.586048395166216,19.764162816447126,18.307634055690723,1
2A53,-160.38654786531765,-29.998887676602948,35.84160663911309,36.11243535139248,1
2A54,-28.734396435257125,19.649778613043907,34.810621052204084,34.48743892942834,1
2A56,-31.184835633644973,19.814444558133346,36.94734343149442,36.29417799060757,1
2AH8,0.753345439403411,-0.6880513925600837,1.0202666660602893,1.0202666660602893,0
2AHA,-1.0286191870862043,0.19129292325834513,1.0462554250901699,1.0462554250901699,0
2ARL,-163.8026073698375,-47.7891345908657,50.459458112028116,50.750061988609204,1
2AWK,-9.25357610283769,7.83325364211197,12.12388276554459,12.12388276554459,0
2AWL,-4.736384817374275,3.111313103148717,5.666887184696588,5.666887184696588,0
2AWM,-10.666545121421002,10.542776818131415,14.99751072225785,14.99751072225785,0
2B3P,-1.4004453893842375,-0.3999887071026649,1.456447134109993,1.456447134109993,0
2B3Q,-1.063666484944975,-0.18423023796896132,1.0795032060060301,1.0795032060060301,0
2BTJ,0.12152243396213142,2.7796332596433615,2.782288403467847,4.450058930840448,1
2C9I,0.450192148721896,-0.4683042714373187,0.6496013095871006,0.47522761749434833,1
2C9J,-13.250308990349835,14.509888965034406,19.649619999312264,18.763959377769588,1
2DD7,1.6062466030049902,1.091805127872334,1.9421808841900887,1.9421808841900887,0
2DD9,1.569826668860434,2.87182931600222,3.2728824284589275,3.2728824284589275,0
2DUE,-5.735546435409682,4.196243059064727,7.106683384215841,7.106683384215841,0
2DUF,-16.767058740793733,7.15868208259198,18.2313188765062,18.2313188765062,0
2DUG,-2.864611069327633,-5.1365486629212285,5.881337326244108,5.881337326244108,0
2DUH,-4.163161487084242,4.425091226135862,6.075635434023838,6.075635434023838,0
2DUI,-15.075989153528983,9.472147781757315,17.80469130753952,17.80469130753952,0
2EMD,-1.7414365032142698,3.166102952564245,3.6134206786593697,3.6134206786593697,1
2EMN,0.4077145954551635,2.8643221380361297,2.8931941693897825,2.8931941693897825,1
2EMO,-2.237304860981434,-14.428059845380233,14.60049464719756,14.60049464719756,1
2FL1,-2.810911342008506,5.6074381574692325,6.27252622652739,6.27252622652739,0
2FWQ,92.29536301093583,-5.650195118868254,87.8864497762016,87.8864497762016,0
2FZU,-1.1085048737835206,-7.412644476204321,7.495070459028669,7.495070459028669,0
2G3O,-3.4257675801594774,4.166200944705622,5.393803280148231,5.393803280148231,0
2G6X,0.14183168094042042,-0.5947512231298901,0.6114288536967188,0.6114288536967188,0
2G6Y,0.3954535288533882,-1.982186536037517,2.0212488607618315,2.0212488607618315,0
2GW4,-0.8019038876436537,0.48819346478649095,0.9388198464445846,0.9388198464445846,0
2GX0,-0.9650705442291304,0.4691401447406065,1.0730580742652887,1.0730580742652887,0
2GX2,-0.8539158634377175,0.6616749202317749,1.0802712631067777,1.0802712631067777,0
2H5O,3.745392118066283,-3.2217186376198015,4.940387950157345,4.940387950157345,0
2H5P,-9.357761347539205,6.222191140939259,11.237586931004431,11.237586931004431,0
2H5Q,-26.197385913003835,13.11521514623172,29.29696054212447,29.29696054212447,0
2H5R,-21.00748537423137,21.382135102671185,29.975158770178826,29.975158770178826,0
2H6V,4.625705535432893,-7.585484202814399,8.88463405502339,8.88463405502339,0
2H8Q,3.3723141822062987,-1.5281557357789382,3.702399613264873,3.702399613264873,0
2H9W,3.252097630703871,-2.8110126136289466,4.2985963887774785,4.2985963887774785,0
2HGD,-0.8487481771230816,-0.2701896703767659,0.8907165240120115,0.8907165240120115,0
2HJO,-8.465581455355315,7.17862483261618,11.099492054355881,11.099492054355881,0
2HPW,-0.4678504487832796,-0.8091996184608661,0.9347128248526009,1.5236074839741989,1
2HQK,-2.516056208907603,16.808430336409174,16.99570149244516,16.99570149244516,0
2HQZ,-7.360802726756657,7.141352257601454,10.25574613811094,10.25574613811094,0
2HRS,0.368718446751618,1.2848953175960673,1.3367532570206149,1.3367532570206149,0
2IB5,-179.05642223951122,-34.60802889854733,34.620889694413925,34.620889694413925,0
2IB6,140.20094693660732,-37.08402913510693,54.39843602196855,77.48412280421911,1
2ICR,-1.6969971132252033,3.7134690869821156,4.0828484985689135,4.0828484985689135,0
2IE2,-1.8193170801847731,7.388269058941603,7.608970648226069,7.608970648226069,0
2IOV,-13.408687477618166,20.344708998408578,24.36596158788652,24.36596158788652,0
2JAD,-6.044389474292095,8.754856902561528,10.638710612722877,10.638710612722877,0
2O24,-8.116311478642256,7.471613347152726,11.031750451659548,11.031750451659548,0
2O29,-11.194553714726505,7.656155205039084,13.56225443632231,13.56225443632231,0
2O2B,-12.327812219739616,7.077663558933722,14.215072127098757,14.215072127098757,0
2OGR,-3.1738484817576103,-2.3666413989160446,3.9590788949221922,3.9590788949221922,0
2OJK,-2.547054332545899,1.9851835110013667,3.2293094223521868,8.23882475989419,1
2OKW,-1.8530506836851377,-0.48914141468816297,1.9165218913096325,1.9165218913096325,0
2OKY,-3.1325029130688167,-0.24087213382230743,3.141750130936046,3.141750130936046,0
2OTB,-15.138700147043311,18.834654063615176,24.164528462979472,24.164528462979472,0
2OTE,-164.21413029478725,-67.02906828020748,68.86283233256292,68.86283233256292,0
2P4M,-178.1979361612635,-30.144894958420906,30.198710670045365,32.6173381907011,1
2POX,-163.91380529024028,-42.879015773604635,45.79711403520246,42.52737002556239,1
2PXS,-5.498134791202696,0.33423372538331364,5.508284521102467,9.539581325713018,1
2PXW,-1.4821633747738912,-0.09542836715621661,1.4852322521340795,6.845560135872646,1
2Q57,0.9971312516554708,-2.537753233493504,2.726621023746195,0.9991956923600145,1
2Q6P,-1.445095229950478,0.04422706361930295,1.445771855024859,1.445771855024859,0
2QLE,-17.026700430689033,17.690554185033847,24.55329376947306,24.55329376947306,0
2QLG,3.2183846333154222,-1.8314545895340757,3.7030022362248562,3.7030022362248562,0
2QLH,3.424732935970099,-3.6168752865750946,4.981022236585182,4.981022236585182,0
2QLI,-10.983971114286739,3.9909939630108227,11.686558700159518,11.686558700159518,0
2QRF,78.75584768723992,-62.69526566085561,100.66369693797756,100.66369693797756,0
2QT2,-55.91421074335698,57.422050112138095,80.14793074143235,80.14793074143235,0
2QU1,-7.432106085761828,1.946228294617697,7.682708210311553,7.682708210311553,0
2QZ0,10.082368970605538,-11.043552186955651,14.953735619083352,14.953735619083352,0
2RH7,-5.420191631984792,-3.0400093853771466,6.214509987973224,6.214509987973224,0
2V4E,6.291281008565194,-14.873186292818446,16.14905220839959,16.14905220839959,0
2VAD,-10.137029610657422,10.289754865490863,14.444321531980586,13.578740610480823,1
2VAE,5.681594214446069,-5.8211892431147305,8.134295115237817,8.134295115237817,0
2VVH,-6.40334795887351,12.091692549478807,13.682539742077516,19.990391215792513,1
2VVI,-175.54625781215395,-41.832390455579116,42.06880923800704,42.06880923800704,0
2VVJ,-15.570988282273113,25.030922988712945,29.478853128192835,29.173347703309712,1
2VZX,-2.712889287741195,5.905903688036062,6.4991896925616,10.452260261698386,1
2WHS,1.3071403833218573,-0.8919382801502422,1.5824569116750715,1.4589810463188242,1
2WHT,-172.47280844185295,-32.97062047274545,33.81893592517159,33.46368854728943,1
2WHU,-160.77638248538778,-38.386105404325065,42.93064824178712,42.01425204078163,1
2WIQ,-27.874567107053952,12.694782522766587,30.629217990441653,30.256351701816385,1
2WIS,107.75683381384027,-55.82359334250114,91.29813050807793,90.76531201758502,1
2WSN,-6.6179577899221345,6.858654423265989,9.530923659697276,9.530923659697276,0
2WSO,-5.255210666058888,6.387025267898963,8.271114248844532,8.271114248844532,0
2WUR,1.0031563872504057,1.297343316145998,1.639945858017879,1.639945858017879,0
2Y0G,0.31694071420752407,1.801050719756006,1.8287249961259917,4.967059642842277,1
2YDZ,-8.84413857972876,8.57817461578253,12.320871193073257,12.320871193073257,0
2YE0,-6.97174807945266,6.431754550029154,9.485396031540933,9.485396031540933,0
2YE1,-7.319329983821468,5.430348360419572,9.113795846274998,9.113795846274998,0
2YFP,4.025351901808478,-2.3535244255316172,4.662889142470263,4.662889142470263,0
2Z1O,-15.121940671683946,16.918582711912507,22.691662139599952,22.691662139599952,0
2Z6X,-1.5521412507235663,2.661983416188491,3.0814441695835186,3.0814441695835186,0
2Z6Y,0.4434775395661998,1.6940674638533721,1.7511530202087677,1.7511530202087677,0
2Z6Z,-12.580416134858217,14.646117617652152,19.307398359082498,19.307398359082498,0
2ZMU,0.15926512749064714,0.3344764063133425,0.3704589683283407,29.405524834770382,1
2ZMW,-0.6378966024472017,0.009249435432792552,0.6379636568563334,30.493935834671152,1
2ZO6,4.210846225403376,0.23728741615659033,4.217526674706408,4.217526674706408,0
2ZO7,6.007554572032683,-0.11331296629808207,6.008623117177689,6.008623117177689,0
3A8S,-28.383337756081794,24.44526925832966,37.45911172582788,36.939129847483514,1
3ADF,-30.971741448039392,30.227858124467417,43.27784855000455,41.337265401029505,1
3AI4,-15.93494324075378,8.669037087119335,18.1404140003445,18.1404140003445,0
3AI5,-26.240298748630615,14.071228774456614,29.77503581258099,29.77503581258099,0
3BX9,-171.96064429736663,-21.171831378894012,22.646802954275575,29.89507184059016,1
3BXA,-177.35141320262002,-17.91780660713374,18.112504123778717,21.524759221514145,1
3BXB,-0.37617907552704233,23.59973153956642,23.602729491236186,24.126460264277213,1
3BXC,-0.793115308493598,8.03668113910635,8.07572136866018,10.133235744969289,1
3CB9,-4.415534124124829,2.2802940015944273,4.969575669513281,4.969575669513281,0
3CBE,-7.294254421257698,3.0514337634232334,7.906794266616328,7.906794266616328,0
3CD1,-6.600401929864867,1.9270311443071364,6.875954818561087,6.875954818561087,0
3CD9,-6.549808767745965,4.715957907172481,8.070951237386117,8.070951237386117,0
3CFA,-12.375591068986116,4.747464145749916,13.254948891713996,21.62318208019234,1
3CFF,-8.166383914815018,5.770785023287601,9.999589293023483,17.905155151035633,1
3CFH,-5.983330574998951,1.2556878131258884,6.1136729266252114,9.090490065215713,1
3CGL,-0.08242971875547529,-2.632309478214438,2.6335997888122016,2.6335997888122016,0
3DPW,-1.4277055776895602,-9.254605405383302,9.364083747271577,9.364083747271577,0
3DPX,-3.6265053743805917,-6.04049502180257,7.045503625634793,7.045503625634793,0
3DPZ,-9.498567942785725,-0.6160233304340466,9.518522874236078,9.518522874236078,0
3DQ1,-11.695533763944313,1.4053606459605703,11.779666742687436,11.779666742687436,0
3DQ2,-2.078708857651397,-8.62010122808482,8.867196608698142,8.867196608698142,0
3DQ3,-4.46654654219992,-5.255467961717557,6.897099499809885,6.897099499809885,0
3DQ4,-8.514818255126311,-3.9942407937704445,9.405109751430444,9.405109751430444,0
3DQ5,-8.24288870420925,-2.5315656149599874,8.622878791495793,8.622878791495793,0
3DQ6,-8.697884480651007,-4.5579151008520284,9.819764992367405,9.819764992367405,0
3DQ7,-0.5265025363818001,-8.065985160187267,8.083150470279374,8.083150470279374,0
3DQ8,0.747203367881213,-6.482066219548074,6.524990064941041,6.524990064941041,0
3DQ9,-4.929294117272189,-6.379384302836797,8.061915689081264,8.061915689081264,0
3DQA,-11.002998624085558,0.5988244581721176,11.019281712223076,11.019281712223076,0
3DQC,-12.989703675314814,-2.645659166478481,13.256391439515463,13.256391439515463,0
3DQD,-4.862618260269795,-4.9589604746067835,6.945239040797766,6.945239040797766,0
3DQE,-6.306075290008962,-7.66654831457214,9.926859957858293,9.926859957858293,0
3DQF,0.35437750909356697,-10.134874689012435,10.141068404312056,10.141068404312056,0
3DQH,3.827816775404759,-12.38857033952496,12.966451184631346,12.966451184631346,0
3DQI,-6.417607961445538,-3.903650399578396,7.511602917416333,7.511602917416333,0
3DQJ,-7.10581137772673,-4.822509175493593,8.587732534467435,8.587732534467435,0
3DQK,-5.649734491166987,-10.679956843708595,12.082258812165874,12.082258812165874,0
3DQL,-10.51074766823601,-4.291039752603808,11.35292203372131,11.35292203372131,0
3DQM,-4.147620317757504,-8.224700037027844,9.211321566385617,9.211321566385617,0
3DQN,-10.736615950744433,-5.235736102713247,11.945202158650758,11.945202158650758,0
3DQO,-1.6799568201406974,-6.969184500762026,7.168806561987767,7.168806561987767,0
3DQU,-12.767167561436318,-3.6823191740992627,13.287589775490911,13.287589775490911,0
3E5T,-174.29755342086676,-9.277373373323456,10.889791260438363,7.607945335062549,1
3E5V,-1.4943371009658502,14.43874832030042,14.515870501912765,14.515870501912765,0
3E5W,1.1514061338904404,-1.924623169169024,2.2427461801244393,2.2427461801244393,0
3ED8,-6.256071524287172,-3.5907212338858585,7.213300901562025,7.213300901562025,0
3EVP,-20.797290222327025,12.528690269422896,24.279525540233102,24.279525540233102,0
3EVR,-19.554671071323767,16.553655369302618,25.620473586436834,25.620473586436834,0
3G9A,-8.63106077305878,8.780273057937137,12.312124310620437,12.312124310620437,0
3GB3,-24.82886358506047,16.923189123433247,30.047741962301117,29.397464628184665,1
3GEX,-10.125401054894764,13.246467326277468,16.673111381760762,16.673111381760762,0
3GJ1,-7.374247814496492,-2.8431911691332914,7.903370600816079,7.903370600816079,0
3GJ2,-4.779434948451626,-2.497630661483413,5.392694813139621,5.392694813139621,0
3GL4,-34.03985622786943,21.01399393726635,40.00374673964287,40.00374673964287,0
3H1O,179.75354526427512,-41.52668377061261,41.527415100403516,42.496356386505134,1
3H1R,-179.2198513434177,-32.164085144186515,32.1735451122323,33.25530892515761,1
3I19,-9.130683341508778,10.463888320017418,13.887488507887342,13.887488507887342,0
3IP2,-5.309723439169352,9.402092839339218,10.797801292856715,10.150279903180174,1
3IR8,-1.2571532046424037,9.806674915259265,9.88692606797067,9.88692606797067,0
3K1K,-11.437320016708265,11.152503045105533,15.974686642800974,15.974686642800974,0
3KCS,-89.65958832137252,81.88578628544536,121.4253835635022,121.4253835635022,0
3KCT,-154.8234322110917,-51.371829618673786,57.209478620238656,56.02645789778111,1
3LA1,-1.7744360443863152,3.1789959396732286,3.6406920303805146,3.6406920303805146,0
3LF3,0.6592063046962431,-9.62141521898684,9.643971369114638,9.643971369114638,0
3LF4,-90.34938091005854,-79.95793725466011,120.12703789418076,120.52074614372505,1
3LS3,-17.437593617577008,29.738856407430546,34.47418239195145,33.5361480474156,1
3LSA,-158.7449267192776,2.3241792842996745,21.38176675381263,21.514713658750107,1
3LVA,9.960656096939509,-10.379241965616245,14.385525143779345,14.385525143779345,0
3LVC,53.500086524434046,-40.489581992440975,67.09445214057962,67.09445214057962,0
3LVD,11.359181197085753,-9.329011873008767,14.699029219474493,14.699029219474493,0
3MGF,-6.816174921216861,4.185033033240046,7.998421222087268,29.10362665667556,1
3NED,-19.125229402501088,-6.765264887785889,20.286527763523267,20.286527763523267,0
3NEZ,-21.381564452524653,5.22723271445949,22.01125303767556,22.01125303767556,0
3NF0,-37.98546173425516,0.9238758658428878,37.99669524814032,37.99669524814032,0
3OGO,-5.396424203147123,12.134016397891799,13.279900154919051,13.279900154919051,0
3P28,-5.206284376655189,-0.4597692154503079,5.22654615803589,5.22654615803589,0
3PIB,-175.16384729474345,-7.264461272084958,8.727013839921561,8.727013839921561,0
3PJ5,-172.36293856293716,-16.089480268811144,17.809999514709006,17.809999514709006,0
3PJ7,2.626697502829368,7.536390033642732,7.981022146978386,5.071358030487268,1
3PJB,4.489881390345259,30.679164342557584,31.00596974224521,31.00596974224521,0
3RWA,-6.238791487481834,18.25777175865022,19.294267252612666,16.615286838578147,1
3RWT,-2.0462554695527873,9.745379605746706,9.957890595240466,7.9902609924254815,1
3SRY,5.142754606978577,-15.031142048512152,15.886571569415137,15.886571569415137,0
3SS0,-1.2564390437430548,-6.287878921674604,6.412180627858338,6.412180627858338,0
3SSH,2.5209292520241404,-12.35604169129482,12.61058486235776,12.61058486235776,0
3SSK,2.1166351113188444,-10.826981777111712,11.031939022509908,11.031939022509908,0
3SSL,-0.2631446091157971,-8.514120953693038,8.51818646775366,8.51818646775366,0
3SSP,-3.6671467951928025,-4.819433922564315,6.055981254219371,6.055981254219371,0
3SST,2.6822542494877473,-13.192340330649131,13.462255801260305,13.462255801260305,0
3SSV,-0.8395062919646903,-10.211746850993364,10.246196590102162,10.246196590102162,0
3SSY,4.182208594208736,-12.499619760654298,13.180719361492104,13.180719361492104,0
3ST0,-9.015969522294895,2.1190203782764456,9.261638828549785,9.261638828549785,0
3ST2,-13.066914414207114,10.178294072738481,16.56327028516279,16.56327028516279,0
3ST4,-14.538714990227362,8.684316633267542,16.93492217147481,16.93492217147481,0
3SV5,-7.000305391479609,0.22043967689853616,7.003775355130222,7.003775355130222,0
3SVB,-5.255227427952984,-4.327963034769681,6.807986438723422,6.807986438723422,0
3SVC,3.4974436969725144,-12.853603337777173,13.320932068680825,13.320932068680825,0
3SVD,-11.513985663369,5.135927906650693,12.607522409997145,12.607522409997145,0
3SVE,4.10068979120031,-15.559671399974548,16.09096115335688,16.09096115335688,0
3U0K,3.866405038682625,5.556136095201424,6.769027716854943,6.769027716854943,0
3U0L,-170.77424650866098,-3.125643094372947,9.740850693669156,9.740850693669156,0
3U0M,-172.18063052319218,-2.7369675266920126,8.28453560901276,8.28453560901276,0
3U0N,2.6778169462274097,14.656225719231713,14.898847469874031,14.898847469874031,0
3U8P,0.5947680714984699,-0.6206266479392184,0.8596083381437576,0.8596083381437576,0
3UFZ,-9.139439857230785,1.5835848817159786,9.275618684569688,9.275618684569688,0
3UG0,-6.874032031171162,2.8078173260160497,7.425372347690258,7.425372347690258,0
3V3D,-8.611673006510522,3.9735957543482527,9.484217162741293,9.484217162741293,0
3VHT,-14.599821113290918,11.442899940386809,18.549790715417778,18.549790715417778,0
3VIC,177.46917294562914,-52.64254422318851,52.703344750304915,49.42424879656852,1
3VK1,174.76944186827117,-42.07161605448249,42.39551410002223,38.47947767986044,1
3W1C,0.06722269478526409,-5.110514210440016,5.110956308344217,5.110956308344217,0
3W1D,-0.12369883164127178,-7.823396059142539,7.824373923781789,7.824373923781789,0
3WCK,-3.904026731506388,-4.602453491833387,6.035230141826052,6.035230141826052,0
3ZTF,-6.169707704253886,3.3168097841385134,7.004749838508629,7.004749838508629,0
3ZUF,-163.6616111521333,-0.5763792913204782,16.34855232831204,16.34855232831204,0
3ZUJ,-6.238034847780791,4.923956377008636,7.947227514348107,7.308346860639751,1
3ZUL,-11.29027625025205,1.3142661621280922,11.366513685027629,11.367818074519286,1
4ANJ,-2.303875395311706,-15.475698823419691,15.646248621005494,14.852356528417534,1
4AR7,-4.731684824500425,5.255413578803029,7.071648546320366,7.071648546320366,0
4AS8,-4.605391038698493,6.558182383348765,8.013699694435173,8.013699694435173,0
4B30,-28.16264833118168,14.341437251342455,31.603980500247175,29.574625267512424,1
4B5Y,-7.417826533008649,5.103258662824658,9.003743635483078,9.003743635483078,0
4BDU,-4.33812512064086,0.6455032389974349,4.385886910750367,4.385886910750367,0
4DKM,-0.35185944200474284,2.508213828998578,2.5327735151228197,5.970532121242349,1
4DKN,-0.07035411968570375,6.836110417268657,6.836472433883267,6.836472433883267,0
4EDO,-0.5352868835279474,21.684835353402434,21.69144108518033,21.69144108518033,0
4EDS,-1.8620094157143365,13.909930064197823,14.034002759550937,14.034002759550937,0
4EMQ,-18.658892257206677,16.458843215005345,24.88067081575926,24.88067081575926,0
4EN1,-3.1328504840566893,-0.41976855029781746,3.160847638098579,3.160847638098579,0
4EUL,6.930339532317996,-4.966563704274819,8.526216104570041,8.526216104570041,0
4H3L,-29.96149189293785,15.57807148360817,33.769324950300486,33.769324950300486,0
4H3M,-22.29108911368942,1.9969815657476033,22.38036168716625,22.38036168716625,0
4H3N,-22.156726986275068,3.707768518924297,22.4648191208889,22.4648191208889,0
4H47,-10.48110939190149,8.093759672016375,13.242454444451166,31.37325772197932,1
4H48,-11.559516176034172,11.081611718490791,16.013261145169285,35.26600138065057,1
4HE4,-6.143115765064971,-1.957412119508973,6.447428441525386,6.3570916329348135,1
4HQC,-16.431798463887155,27.90508403702887,32.38360257709831,32.38360257709831,0
4HVF,-9.649549665141697,1.8659060185958936,9.828296597593543,9.828296597593543,0
4IK1,-24.027170772448777,18.061227778517917,30.058491049883465,30.058491049883465,0
4IK3,-21.133730732992596,15.245185141193474,26.058592530754655,26.058592530754655,0
4IK4,-17.982819059663424,20.67705512280949,27.402963158831867,27.402963158831867,0
4IK5,-8.434497924220933,3.4263126700665225,9.103865868231221,9.103865868231221,0
4IK8,-21.69531687983973,14.361988628085754,26.01832992084472,26.01832992084472,0
4IK9,-22.004889527641378,8.466266778827048,23.577379758869977,23.577379758869977,0
4J88,-15.356148159264889,3.1123053945267145,15.668367214170534,15.668367214170534,0
4J89,10.658898235487818,-10.29093906078316,14.81605677456852,14.81605677456852,0
4J8A,2.8137116715639916,-8.028490124439259,8.507269071148164,8.507269071148164,0
4JC2,-0.7941463313645307,3.159271004684399,3.2575545546712394,8.507382896113034,1
4JEO,-13.315723658436712,-5.993961522920273,14.602604948641876,14.602604948641876,0
4JF9,-3.6796410192300693,-16.481221903969498,16.88699006567732,16.88699006567732,0
4JGE,-5.197504015385859,-19.008936497492527,19.706692131244537,19.706692131244537,0
4JRB,-17.48126374506031,15.254787226099808,23.201360206633105,22.94521372974931,1
4KA9,6.2050620285256795,-9.79616064572636,11.596014753988934,11.596014753988934,0
4KAG,1.7257579901299562,-3.030395812617968,3.487339877561388,3.487339877561388,0
4KEX,-2.7863921422105236,1.3083917698012897,3.078290141207671,3.078290141207671,0
4KF4,-27.93841612342234,10.06543161345229,29.696262543468166,29.696262543468166,0
4KF5,-3.4901211885176613,24.606689361455608,24.85296978716452,24.85296978716452,0
4KPI,-177.55605003300397,-3.436683193601567,4.217070406616805,5.616275425170972,1
4KW4,-9.317427704338701,7.771353314536043,12.132946524440339,12.269479555400087,1
4KW8,-17.38527955204678,22.59675844631289,28.510724953670124,27.29863551905725,1
4KW9,-22.084442405293018,18.57651113849954,28.858436590215735,27.284631063769044,1
4L12,-2.160274303243781,1.2294740399381965,2.485637037086729,2.485637037086729,0
4L13,0.7474126696954511,-1.476143130615867,1.654576755815726,1.654576755815726,0
4L1I,-16.739048923138007,9.319853616312116,19.158690724595285,19.158690724595285,0
4LQT,-1.9541466765616649,-0.9469969766222732,2.171518479601019,2.171518479601019,0
4LQU,-5.757076007826193,1.1208264737782088,5.865166335596117,5.865166335596117,0
4LW5,-0.02376882889121832,1.6451198005986498,1.645291498655664,1.645291498655664,0
4N3D,-1.4988269041433582,4.066515428034336,4.333939295263057,4.472659846432161,1
4NDJ,-7.660751814236941,2.254605067872859,7.985634750689041,7.985634750689041,0
4NDK,-5.952550680856763,0.30958085719834116,5.9605956007191185,5.9605956007191185,0
4NWS,-20.80755093820275,46.799472031003035,51.216645325777996,49.30521003262142,1
4OGS,-2.6155149558671695,-0.18614950652022344,2.622130836389107,2.622130836389107,0
4OHS,-154.43225431773556,-83.68390885377391,87.50260693442048,87.82174425220308,1
4OJ0,-17.231287409341544,26.188097975765828,31.34858435992992,29.522683246706553,1
4OQW,7.843602298260057,10.804480948897975,13.351363435558552,12.291687185062703,1
4ORN,-2.8210491560762647,-1.4478126886089626,3.170879991783945,3.170879991783945,0
4P1Q,11.608377694974596,-8.002000647127119,14.099164764829386,14.099164764829386,0
4P7H,0.08549265891726428,35.036225543655405,35.036329849751965,35.036329849751965,0
4PA0,-27.9466130888146,45.504544286707244,53.401093002641865,53.401093002641865,0
4PFE,-3.4737370494536,8.781120855862412,9.443247988589965,9.443247988589965,0
4Q7R,-3.6107691361368612,-5.827231462891945,6.85523743400594,6.85523743400594,0
4Q7T,-9.625896125403756,4.475501037482331,10.61545975234085,10.61545975234085,0
4Q7U,-14.74171477014344,12.723299498836269,19.473071265246073,19.473071265246073,0
4Q9W,-1.3021202715681,8.159181613213377,8.262430743977696,8.262430743977696,0
4Q9X,-5.136660295776852,8.926187655999001,10.298645787884901,10.298645787884901,0
4R6D,-7.242185598655112,7.583310626113217,10.485983611349445,10.485983611349445,0
4U2V,0.4436810001152203,-13.612825352604915,13.62005385122931,13.62005385122931,0
4UTS,-3.90255284585754,9.05949198874464,9.864294896688719,14.421680329790387,1
4XBI,-10.732034953469471,9.579759636649271,14.385700154614138,14.385700154614138,0
4XGY,-6.661970345636459,5.4877587728431365,8.63118446304193,8.63118446304193,0
4XL5,-6.437533620551012,5.820088635146419,8.678437119475214,8.678437119475214,0
4XOV,161.41888908985365,60.91107989595227,63.68215870042599,63.60957749608562,1
4XOW,-10.702451312596352,11.344948222342936,15.596484035388785,15.596484035388785,0
4XVP,-3.8042554272675106,8.53297161274486,9.342588715115527,9.342588715115527,0
4Z4K,-5.093835671863745,-0.4270034328437191,5.111701652445301,5.111701652445301,0
4Z4M,-3.257832840648586,-11.372380840139698,11.829814909405172,11.829814909405172,0
4ZB1,-170.28716673005846,-44.1774596322,45.23258858040676,45.23258858040676,0
4ZBL,178.24391717504088,-25.723715367585072,25.783587011908345,25.783587011908345,0
4ZF3,-16.798507963310062,12.810201761779439,21.125603872336736,21.125603872336736,0
4ZFS,-174.14059883861546,-18.201152430329245,19.121049441966164,19.121049441966164,0
4ZIO,-148.21494905292673,-23.77679432563221,39.69414833588774,39.69414833588774,0
5AQB,-8.285767883509665,7.264544669506392,11.019417347330753,10.97926799301275,1
5BQL,-5.878051046859784,2.208416954909552,6.279218865131343,6.510018930363524,1
5BT0,-3.205853368983434,-5.4968023729433355,6.363358559017239,6.363358559017239,0
5BTT,-4.766725744257617,3.236706695993661,5.7617657499119685,5.7617657499119685,0
5DPG,-12.158589271987061,8.504279269277077,14.837589392308134,14.837589392308134,0
5DPH,-11.801393967148265,5.935370533820958,13.209902457686571,13.209902457686571,0
5DPI,-9.036701636071506,4.534462277125243,10.110555108501678,10.110555108501678,0
5DPJ,-18.998062300592057,22.764644837927733,29.65055523551233,29.65055523551233,0
5DQB,-1.3550144747180075,2.871914442123625,3.175524647924119,3.175524647924119,0
5DQM,4.834449576290838,0.9525035431251183,4.927389339738088,4.927389339738088,0
5DRF,7.469701004892344,-4.941774149591737,8.95642589697827,8.95642589697827,0
5DRG,7.469701004892344,-4.941774149591737,8.95642589697827,8.95642589697827,0
5DTL,-11.185485773078591,21.874886340091933,24.568796152267705,24.568796152267705,0
5DTX,-5.633548921854542,3.1184674954006653,6.439077028177183,6.439077028177183,0
5DTY,179.51172986358017,18.826089448996584,18.832420228630728,37.25423240473894,1
5DTZ,2.7082010255197573,-1.9049433552219455,3.3110665926904246,3.3110665926904246,0
5DU0,-161.9120310974305,-15.62961179485987,23.90521666662623,22.766311535617653,1
5DY6,-2.7645371062413835,-3.9164776316235645,4.793898460626096,4.793898460626096,0
5EHU,-3.193886406185426,7.542616754501779,8.190969288240979,8.190969288240979,0
5EXB,-29.512405261033145,28.068525624963996,40.72866552013111,39.976431758862425,1
5EXC,1.5011506908744534,7.031702464897819,7.1901524984914555,5.496386260403914,1
5F9G,-10.163506604617638,-1.8070810565478723,10.32290697657594,10.32290697657594,0
5FGU,-25.32522109758253,12.741669054372892,28.34990218559145,27.454782502070366,1
5FHV,-27.981676971997445,16.457426850999468,32.4626114895461,32.4626114895461,0
5FVF,-7.577604500050896,20.051362510269513,21.43541995103975,21.43541995103975,0
5FVG,-14.15572784288193,20.989598827971633,25.316948665290035,23.839581684774544,1
5FVI,-28.649633551695775,33.67951924767277,44.21664301369806,44.21664301369806,0
5H87,4.608600330017498,6.883858501084433,8.284123663055126,8.284123663055126,0
5H88,0.47127009173774775,5.009596511775953,5.031714688867435,5.031714688867435,0
5H89,-0.2710012269314637,4.510068208525752,4.518202840793345,4.518202840793345,0
5HBD,-1.8206876861056493,-3.389433871702238,3.847488222331447,3.847488222331447,0
5HGE,-20.577208632969235,13.335092515145845,24.52032233703796,24.52032233703796,0
5HW9,-8.641243563750784,10.815528692909936,13.8436538253173,13.8436538253173,0
5HZO,-7.341840180650413,8.834569758464283,11.487046620232055,11.487046620232055,0
5HZS,-3.325085024137836,-0.5134057577452324,3.364487463170543,3.364487463170543,0
5HZT,-3.0846676393919634,4.86719661940225,5.762358664421428,5.762358664421428,0
5HZU,-9.618964269736308,11.691623829771743,15.139965039568287,15.139965039568287,0
5J2O,-6.000919973704173,5.193241962613797,7.936044519346817,7.936044519346817,0
5J3N,-9.524314605491927,7.2190747694898505,11.95105054929782,11.95105054929782,0
5JZK,-6.539802633659364,7.5563923502585055,9.993402015243028,9.993402015243028,0
5JZL,-14.755806277683602,17.073170340508568,22.566057794407694,22.566057794407694,0
5KTG,-28.39421150290794,29.409592370790705,40.87976724845607,40.87976724845607,0
5LEL,-21.856554536035535,33.38609724469413,39.904140955781365,37.34727224495362,1
5LEM,-11.147724894222485,-2.7443148994927924,11.480550273608216,11.480550273608216,0
5LK4,-1.0441387717579942,1.4573925965442243,1.7928242956715505,1.8072221164317142,1
5LTP,-6.505424087175388,-1.7844916415295131,6.7457359103874195,6.7457359103874195,0
5LTQ,-2.776470983096556,1.6835402070454961,3.2470138202224956,3.2470138202224956,0
5LTR,-0.47972208010694894,-4.123018906323352,4.150833431498057,4.150833431498057,0
5MA3,-10.403101720632263,9.388019087030415,14.01283082707664,13.451797812653746,1
5MA4,-7.452018759028866,10.72975632537225,13.063699873572727,9.883931834096378,1
5MA5,-9.146564593094613,12.383892343145817,15.395467950740489,14.153745194857825,1
5MA6,-5.5393374611449655,8.508243531862632,10.152559652911483,15.059129694165176,1
5MA8,-13.701710249158815,16.417589073170745,21.38396817074416,20.873301237969375,1
5MA9,-11.62984885874203,13.009249665892185,17.449755337731798,16.781380201519102,1
5MAD,-10.009343117560402,11.359701997690905,15.140336162760606,13.99410764914936,1
5MAK,-2.1526007444841833,1.8755838679631722,2.8550840286964445,2.716720056031113,1
5MFC,-5.318579167633436,5.806220013808883,7.873974549815305,5.7092865268355455,1
5MSE,-0.19238460180780909,5.03843449357899,5.042106105696242,5.042106105696242,0
5N9O,-0.4903158020477981,-7.8385537037137,7.853873805437769,7.853873805437769,0
5NHN,3.611263415483799,1.5014115725161332,3.9109410844574253,3.9109410844574253,0
5NI3,-2.4131085563465633,-2.5979086330438292,3.5457329524876364,3.5457329524876364,0
5O89,-8.2758812901206,6.440017220118676,10.486373678426359,10.486373678426359,0
5O8A,165.88683334022974,49.10390397744047,51.091827712386106,46.86596851915759,1
5O8B,-141.88171406731084,-5.803228334261604,38.557504866703,38.47919075460044,1
5O8C,165.8404675944111,49.15033766852031,51.14927224188521,46.88589411171165,1
5OX8,-6.991117911937332,7.183691478142549,10.024028776482474,10.024028776482474,0
5OX9,-18.7229532791903,18.009670912314817,25.978784149082525,25.96786651478704,1
5OXA,-14.777028268872321,14.925319887134606,21.002993553118745,20.995327780599876,1
5OXB,-6.516448880272923,8.070688510156913,10.37304772172523,10.37304772172523,0
5OXC,-5.32973882991108,5.488978958344944,7.650817341971746,7.650817341971746,0
5T3I,2.271954463697425,-0.41814951569341474,2.310113872212644,2.310113872212644,0
5WJ2,0.1664192455598883,0.7333141550862479,0.7519607804550592,2.863989421434744,1
5WJ3,-4.90895940074775,-5.254606879230096,7.190881437865741,5.378429429936942,1
5WJ4,-15.018245535423912,7.537311155813285,16.803534105116928,16.803534105116928,0
5WWK,-27.810196882308293,27.963404453340928,39.43804050981587,39.43804050981587,0
5Y8Q,-7.1627720802498125,1.8315308172229265,7.393227239037337,7.393227239037337,0
5Y8R,0.40971903051898384,2.127933976770805,2.167019310819592,2.167019310819592,0
5YR3,-2.4206388024236514,8.14021486495713,8.492502002323459,8.492502002323459,0
5YT1,-3.6008521967492677,7.905701739797479,8.687131663643118,8.970903402654837,1
5Z6Y,-4.853036183682947,9.086422004501856,10.301214736332383,10.301214736332383,0
6AA2,5.201939775635487,-23.797962044886788,24.359868121958513,24.359868121958513,0
6AA6,-2.1530417036218332,-4.23620549464701,4.75194965991984,4.75194965991984,0
6AA7,-1.8647148003961984,12.574266798611177,12.711779844281132,9.171676892888664,1
6AS9,-25.334551023691528,9.327232993063774,26.996976698862525,26.996976698862525,0
6B7R,-17.528523621197287,11.779871509954546,21.119055687456996,21.119055687456996,0
6B7T,-9.009629998759953,7.462768133042715,11.698988884605072,11.698988884605072,0
6B9C,-3.217393851503958,2.6037245904026634,4.13896181890617,4.13896181890617,0
6CIU,-12.870480029537122,19.089740755999856,23.023193920957105,18.287364656341623,1
6D38,-10.522605826834342,19.0863233568615,21.794792329123137,21.794792329123137,0
6D39,-3.255700344829912,22.842475660989606,23.073323970729234,23.073323970729234,0
6DEJ,-9.716271976615845,4.8049737117704865,10.839451715579335,10.839451715579335,0
6DQ0,-3.481954692421974,0.6121755420670354,3.53535958204882,3.53535958204882,0
6DQ1,-0.2355558349410781,1.6149508785115358,1.632039488302892,1.632039488302892,0
6EFR,-8.301445150089263,3.9593155226821466,9.197291502833437,9.197291502833437,0
6FLL,-5.924204756816715,6.297337855254881,8.645962413977752,8.645962413977752,0
6FP7,-2.373033786335186,8.996023623748073,9.303748190386587,9.303748190386587,0
6FP8,-0.17383493195419059,8.013774588029122,8.01565978140969,8.01565978140969,0
6FWW,-9.106686635321966,9.892915934346092,13.446245838820245,13.446245838820245,0
6GEL,-5.451345362218857,-2.2186184485987326,5.885527510652525,5.885527510652525,0
6GEZ,-2.7194067220010725,-0.2758057052373317,2.7333572226670513,2.7333572226670513,0
6GO8,-3.777361884359916,-3.2225412035815566,4.965202373941669,4.965202373941669,0
6GO9,-4.298809047312051,-4.634047717092926,6.320930111110722,6.320930111110722,0
6GOY,-14.755597998635043,23.616758470251483,27.84742273424091,27.84742273424091,0
6GOZ,-155.27070436150234,-51.939474369818385,57.52605549304803,57.53053234813148,1
6GP0,-15.235059969499199,21.004596759391916,25.948027618662923,24.82908747817472,1
6GP1,-152.51582189812027,-83.16927526706645,87.59285584101545,87.14716551482806,1
6GQG,-4.379997065473446,-0.3817619425293799,4.396602833361209,4.396602833361209,0
6GQH,-4.83108781060223,-5.203790290355329,7.1006227064776475,7.1006227064776475,0
6GRM,-4.360816094504794,-0.9347049047786413,4.4598643778829565,4.4598643778829565,0
6H01,-20.844177801761113,12.018399202319443,24.060791084620288,24.060791084620288,0
6HR1,-2.6239738842992946,-6.3042133698417615,6.828495087350968,6.828495087350968,0
6HUT,-0.4961677915436892,-1.077284288433873,1.1860539260386993,1.1860539260386993,0
6IR6,-19.74639226157464,19.57255244738502,27.802964170275303,27.802964170275303,0
6IR7,-11.039064203501495,9.270049301261992,14.415087670106475,14.415087670106475,0
6J1A,-1.2600262949744574,-17.35865321010266,17.404324391731915,1.2620988373287456,1
6J1B,-177.87572107873928,-2.9287486623647965,3.6180284220299064,8.950960511915813,1
6J1C,1.3965752318007343,-22.48876754286627,22.532090182119248,7.396630676018513,1
6JC6,-165.78445134487168,-35.606789023031155,38.33960417240862,36.99791579980522,1
6JGH,-0.6339515525914333,5.59370071025333,5.629509943762574,5.629509943762574,0
6JGI,0.45586315007133643,1.9535321343126668,2.0060157056676218,2.0060157056676218,0
6JGJ,1.0088808198444823,0.39491542819033043,1.0834199112407057,1.0834199112407057,0
6JXF,-6.880128256563012,-14.868765831472246,16.383417292430575,7.27266437536347,1
6KKZ,-0.7912605383950525,2.9826183501542403,3.0857908973710497,3.0857908973710497,0
6KL0,-0.35239730698018346,2.307387047664008,2.3341419943299315,2.3341419943299315,0
6KL1,-0.16629564947342718,2.3573638341261187,2.363222056743628,2.363222056743628,0
6KRG,-8.948425185082103,4.500455820018885,10.016407334017197,9.974920202821842,1
6L02,-1.4708737105106129,5.910565301409406,6.090833412144523,6.090833412144523,0
6L27,0.28803862335563374,1.7801558582732468,1.8033083841343323,1.8033083841343323,0
6LNP,-5.377781160024169,3.600143431481513,6.471596629298708,6.471596629298708,0
6LOF,-5.793120537639573,2.690819382689881,6.387546830660492,6.387546830660492,0
6LR7,-6.278088400485213,1.6116047737147028,6.481640526206853,12.980869308448455,1
6M63,-12.744587230927142,6.414222722094934,14.267682250994742,13.728672234573853,1
6M9X,0.1788931222262494,-9.886750342761275,9.888368676848069,9.888368676848069,0
6M9Z,2.401100297719225,-7.739530411136826,8.103432212625652,8.103432212625652,0
6MAS,-3.050754233970526,-10.586659783008798,11.017461901784143,11.017461901784143,0
6MXW,-162.9702784066657,0.04503600086323445,17.02978114327519,17.04012465164845,1
6MYB,-160.4680998354242,-1.0752756598234896,19.561475961275647,19.62706010309535,1
6MYC,-167.9936762940485,-0.6478719378615097,12.023790873928299,12.023790873928299,0
6MZ3,-34.10055844355474,17.82475370572763,38.478174733634965,38.478174733634965,0
6NQJ,-17.95353769815796,17.462730387364047,25.04548798608138,24.916481415103593,1
6NQK,-20.851540928794986,28.76186444351137,35.52508417121817,34.67309036081876,1
6NQL,-16.101583331236075,29.440416356711836,33.555910076010235,32.94812916338005,1
6NQN,-17.51858122331835,35.486530399942865,39.575175652220054,37.27737935135251,1
6NQO,-17.46872093936448,32.0382410250557,36.4911646736159,35.11570828436653,1
6NQP,-19.384232553572296,24.59485072673965,31.315413999523912,30.96367593578927,1
6NQQ,-2.303473091482504,28.147716030267105,28.241811308833217,28.205325926260205,1
6NQR,3.6596674283184614,4.5928064089467,5.8725664232903325,6.283308279473629,1
6NQS,-19.93477745280436,20.663791910207692,28.71215157735835,28.200234808218504,1
6NQV,-17.715749011761094,22.74716472142663,28.83194870124859,28.871784370470504,1
6OA8,-6.436586809347085,1.5928640235034948,6.63075150730539,6.63075150730539,0
6OFK,-2.809486305435759,8.179561029302874,8.64860867033082,8.64860867033082,0
6OFN,0.2924421574553091,-0.9209424555098167,0.9662595002469885,0.9662595002469885,0
6OFO,-15.340683516155238,21.036242415310312,26.035745921685017,24.048392551543305,1
6OG8,-3.9336710288269825,16.139373404063917,16.61183739502763,14.87968654622919,1
6PFR,-11.520304165524186,12.881360733090588,17.28140221168994,17.28140221168994,0
6PFS,-11.911831459732248,15.270826793675468,19.36723727555129,19.36723727555129,0
6PFT,173.13535061020397,31.917979994064893,32.64783083370706,32.64783083370706,0
6PFU,-11.98914598093577,15.527749199618881,19.617609858452514,19.617609858452514,0
6QQ8,-6.2800158496571665,5.835858792191772,8.572971883445504,8.572971883445504,0
6QQ9,-8.576816432824337,8.360543635407083,11.977498486825676,11.977498486825676,0
6QQA,-5.698741073310112,6.754616318432312,8.83744824199066,8.83744824199066,0
6QQB,-5.177531593294198,6.2297870100057935,8.100436999915278,8.100436999915278,0
6QSL,-3.133461405120531,6.791678132681795,7.479670596712665,7.479670596712665,0
6QSM,-5.403011442771399,8.239999160866603,9.853431829662243,9.853431829662243,0
6QSO,-4.956911563967002,6.866060757098268,8.46839787522732,8.46839787522732,0
6QUH,-12.588328770108701,8.504123530344515,15.191646989174854,15.191646989174854,0
6QUI,-15.014190671105885,8.946681226980587,17.47767222731706,17.47767222731706,0
6QUJ,-16.696586576358957,11.760261841318368,20.422530741272464,20.422530741272464,0
6S67,-1.1984013173279653,4.543093860169961,4.698496306233243,7.048378635960166,1
6S68,23.047216298538217,39.480790197201685,45.71550036592689,45.71550036592689,0
6SM0,0.8978216746731265,-6.1043540959309155,6.17002614970321,6.17002614970321,0
6T39,169.39958195967546,45.09478064886696,46.32394741814501,45.136169680401814,1
6T3A,-13.248280075953142,2.3844734717172855,13.461152948697247,13.461152948697247,0
6U1A,0.548065872788938,7.579718093406143,7.599506732441543,9.761553358280096,1
6UHJ,-10.312780603594828,1.546809592810206,10.428138074186181,10.428138074186181,0
6UHK,-3.302661452079655,0.11643381467487757,3.304713225115408,3.304713225115408,0
6UHL,-2.5132451435637133,-3.8503333021128014,4.597985177118941,4.597985177118941,0
6UHM,-2.904975811525122,2.304632498865999,3.708128290711562,3.708128290711562,0
6UHN,-7.960866497100799,-0.30261181888982946,7.9666159250709265,7.9666159250709265,0
6UHO,-6.621448504525395,-3.8507261476708265,7.659743609445261,7.659743609445261,0
6UHP,-10.429027615743008,1.5551124227904438,10.544334576323305,10.544334576323305,0
6UHQ,-6.322629185673802,5.819952801535408,8.593456256456655,8.593456256456655,0
6UHR,-7.436584193720855,14.557382306711332,16.3468701620234,16.3468701620234,0
6UN4,-12.086055323950704,14.45256061290388,18.840096644212263,18.840096644212263,0
6UN6,-7.259672223944217,16.577630371651935,18.097532139444425,18.097532139444425,0
6VIO,-8.73173286344561,1.0406449306537695,8.793526065820897,8.793526065820897,0
6WEM,-4.210746360613563,10.489250812001302,11.302865455736894,9.67543731490944,1
6WV3,-26.56158856537934,15.812063979597639,30.911799598395746,30.911799598395746,0
6WV4,-17.678145161219273,13.013757194064965,21.951644417838455,21.951644417838455,0
6WV5,-27.085948511705567,14.20783763569446,30.586128507233816,30.586128507233816,0
6WV6,-25.4954923407472,7.967412306523983,26.711416820514206,26.711416820514206,0
6WV7,-20.565510475525503,18.867804020243057,27.909393573942978,27.909393573942978,0
6WV8,-21.317898822348788,11.278647952723361,24.117643123683756,24.117643123683756,0
6WV9,-13.767399027824455,14.060420111517914,19.678330460273287,19.678330460273287,0
6WVA,-24.822281461196084,24.08686603044532,34.587899215006686,34.587899215006686,0
6WVB,-30.330568683794077,24.37883971103969,38.913637999278805,38.913637999278805,0
6WVD,-22.637413277911385,12.783537738430283,25.99752520962004,25.99752520962004,0
6WVE,-35.57250419766543,24.73989868444167,43.32973161478575,43.32973161478575,0
6WVF,-19.30955422128292,31.13456365156435,36.63631992979067,36.63631992979067,0
6WVG,-12.74430674433119,12.82457209025688,18.080016695008922,18.080016695008922,0
6WVH,-21.87260886917978,14.167856978861948,26.06029911796119,26.06029911796119,0
6WVI,-22.980843045659746,18.31699903302433,29.387609645309063,29.387609645309063,0
6XWY,-26.885847234964206,30.414855919685124,40.59448536632824,40.59448536632824,0
6XZF,-8.49562859007887,8.421385227099393,11.96225038543222,11.96225038543222,0
6Y1G,-173.90189718616213,-33.49814379629066,34.048678325672256,38.04714112442596,1
6YLM,2.1274526841598838,-3.165907847538506,3.8143187363466393,3.8143187363466393,0
6YLS,-1.158000140603856,3.8504481579643652,4.020810284359327,4.020810284359327,0
6ZQO,0.2622214768686543,22.512529167859697,22.514056267955468,22.514056267955468,0
6ZSM,-2.133309465560292,-2.0487167481541917,2.957744003462211,2.957744003462211,0
6ZSN,-175.80089663951898,-4.388687223238122,6.073964485854053,13.776185095121573,1
6ZUI,-3.5355865174906373,-2.883298002619398,4.562212116349975,4.562212116349975,0
7A7K,-24.011172549572482,13.861409105608999,27.724989983738553,27.724989983738553,0
7A7L,166.4350531951801,53.4714313683516,55.16522232709598,52.49279832392194,1
7A7M,-18.07748940659589,7.194328080505443,19.45646370169914,19.45646370169914,0
7A7N,167.45914547437707,47.65566591168937,49.27814450361732,52.08060887309069,1
7A7O,-13.990972967073736,10.282482150599918,17.363086238995468,17.363086238995468,0
7A7P,-13.734265560762648,7.694815724805153,15.742942530933018,15.742942530933018,0
7A7Q,-24.515144648664233,5.277184120511038,25.07670212341935,25.07670212341935,0
7A7R,162.39634888659532,66.85565768125184,69.1344161508232,68.11666972930014,1
7A7S,-21.294128246334274,13.811710897735963,25.381159463152382,25.381159463152382,0
7A7T,164.4687298840456,55.415811887637574,57.55112995051246,57.55112995051246,0
7A7U,-16.209633896895948,7.293100791740102,17.77474473037175,17.77474473037175,0
7A7V,162.55464197395509,64.78752811919708,67.09518847467858,67.09518847467858,0
7A7W,-12.013564476547042,8.099067014489492,14.488637545930414,14.488637545930414,0
7A7X,159.15015566720305,71.09883072429392,74.09291288013763,74.67757436363937,1
7A7Y,-5.413996574469731,3.2223792391928896,6.300403706870805,6.300403706870805,0
7A7Z,-2.627140719829628,2.240405369964151,3.4527213301323934,3.4527213301323934,0
7A80,-19.471857790226377,9.340750415814426,21.596362289361075,21.596362289361075,0
7A81,156.47521099186883,65.59864959189917,69.68929994021939,69.68929994021939,0
7A82,153.48015105424582,71.65730332854008,76.40727392352132,76.40727392352132,0
7A83,-24.983062058891708,12.236583912697569,27.818831314254073,27.818831314254073,0
7A84,157.61636486391433,67.93309454917346,71.52574681142693,71.52574681142693,0
7A85,-19.381751276040667,9.036453057482674,21.38480222930275,21.38480222930275,0
7A86,-19.761174127350746,18.04361474238749,26.759597079612018,26.23249215470923,1
7A87,-14.147084754778898,8.405784092156239,16.45591727199806,16.45591727199806,0
7A88,154.53871443344903,68.04822620893407,72.65561336114175,71.9143967113007,1
7A89,-23.18529045271152,7.611085454816077,24.402588288480967,24.402588288480967,0
7A8A,155.29694978734443,76.4732285142448,80.36414230986905,80.36414230986905,0
7A8B,-22.85146953248838,13.531972159445331,26.55755881699687,26.55755881699687,0
7A8C,158.92626446258373,62.850546450726796,66.28946762990277,64.87853271824032,1
7A8D,-26.288666573390348,21.282518024884524,33.82365390797431,33.82365390797431,0
7A8E,158.96327271715847,64.41581741453513,67.76386520820205,66.67815299469372,1
7A8F,-15.553296006495781,5.177748158115435,16.392501110402435,16.392501110402435,0
7A8G,-12.878905428406934,16.176583857681777,20.67723555842174,20.67723555842174,0
7A8H,-11.358037954208553,3.618626673231745,11.92054886192185,11.92054886192185,0
7A8I,-15.177973265369552,8.083802944506715,17.196474711111243,17.196474711111243,0
7A8J,-8.621985317439117,3.945389050472727,9.48181024771777,9.48181024771777,0
7A8K,-161.7901626227659,-36.622724277727684,40.900148053861315,39.80341167802241,1
7A8L,-12.6047169709951,7.149691289770885,14.491272389197489,14.491272389197489,0
7A8M,-12.264991828728459,8.769588139733202,15.077655676507707,15.077655676507707,0
7A8N,-21.216933813886286,19.513415642686795,28.825885424511842,28.825885424511842,0
7A8O,-7.822900949491023,7.648508873225268,10.940633768176003,10.940633768176003,0
7AMB,2.652614886280526,-5.439922711517909,6.052200000182201,6.052200000182201,0
7AMF,-6.573479980173863,2.257698039320303,6.950384125103967,6.950384125103967,0
7AMU,-5.437269969226508,-2.1483124249388084,5.846293782679675,5.846293782679675,0
7BHG,-179.23865293236943,-1.2546513452517445,1.4675828274859712,1.4675828274859712,0
7CAO,-177.6883983591966,-43.2777412788991,43.339432303031984,43.339432303031984,0
7CD7,-7.779837491048174,4.345799726070595,8.911332484327692,8.911332484327692,0
7CD8,-13.684741673921172,12.923607678250448,18.822640359505588,18.822640359505588,0
7DNA,-21.5152459018102,16.369290449262195,27.034412810854004,26.456876468913443,1
7E53,-13.634522984685972,13.92193531020493,19.48641834205202,19.48641834205202,0
7KM4,-7.51062565713027,16.092106211832487,17.758529784147147,17.758529784147147,0
7LG4,-5.69751655645797,10.426895532137507,11.881996690338783,8.593986919486829,1
7LQO,-26.22774759619125,24.689221644018033,36.02016670362541,35.516732986763806,1
7LUG,-27.49312103524117,26.91398627544592,38.47381397123648,42.31397434020606,1
7O7C,165.79040190760816,53.62319531900013,55.4739556383619,55.29783218820059,1
7O7D,-11.737384966482237,7.45520698493965,13.904902626041515,13.904902626041515,0
7O7E,-11.298527967154858,9.507014216642943,14.766179381953595,14.766179381953595,0
7O7H,-166.63452456684885,-6.6027061612226134,14.907436473304626,14.240429077331124,1
7O7U,170.00650927302357,47.76162505763716,48.795928980361445,48.097306942180566,1
7O7V,-11.618774456199825,10.045685492059647,15.35941785581143,15.35941785581143,0
7O7W,-164.78812460950004,-9.453339369507034,17.90996309686787,16.89054472746301,1
7O7X,169.1930824804815,50.17610535989172,51.32670859660329,48.823657529300625,1
7OIN,-15.675434370643018,14.274689341847989,21.201084842870777,20.117270960659848,1
7PCA,-3.680843121194493,5.257034664264779,6.417555573902447,6.417555573902447,0
7PCZ,-7.618962857223954,7.59543835028839,10.75821912552397,10.75821912552397,0
7PD0,-18.328672404047342,16.243841149075024,24.490867836221522,24.490867836221522,0
7PNN,-8.521084722062552,-0.31717692536179243,8.526985753626517,8.526985753626517,0
7Q6B,177.5272990456699,49.71221958672294,49.773678046213384,57.8100776735584,1
7QGK,0.4676988239236072,1.6236888856921041,1.689706420482441,1.689706420482441,0
7QLI,-9.034595410231777,12.600636476969868,15.504836466448943,15.504836466448943,0
7QLJ,-175.89137291634177,-19.218896171811082,19.653162253831436,19.04462219873646,1
7QLK,-6.1262451339001025,9.32893032691834,11.160637100324136,11.160637100324136,0
7QLL,-15.655282314484028,16.741951285549902,22.92118664454182,22.92118664454182,0
7QLM,-167.2067640023724,-19.786717648920018,23.56228092967819,21.2493001115549,1
7QLN,176.22161120489625,-1.4699052039578362,4.054237683657423,3.8735241338257187,1
7QLO,-177.25241483517792,-2.523289145784503,3.7304439884797147,3.4758361389618666,1
7RHA,150.92684751258315,46.309825629859404,54.67950388787901,51.89029960545467,1
7RHB,-152.75338446869142,-49.28378011311543,56.31402170107244,54.32072110787815,1
7RHC,-157.62163687805588,-23.528077535619047,32.47093421107083,29.24692345919279,1
7RRH,-27.926606452697254,24.54497506948914,37.17998317812524,35.632176901418994,1
7RRI,-26.064003447177893,45.56809628064036,52.495558615336314,53.129709244060535,1
7RRJ,-127.47255426969878,-63.37855945688338,82.3163067306803,81.08350836731579,1
7RRK,-24.558195694632303,25.920938635820562,35.70714264034343,35.5155206639499,1
7RY2,-34.47707804982173,20.158687391712732,39.93797175884495,39.93797175884495,0
7SAH,-10.236334761433035,6.9010855443916626,12.345344508726104,12.345344508726104,0
7SAI,-17.096656742273645,12.495795266811342,21.176415445329628,21.176415445329628,0
7SAJ,-45.97965791741619,37.34101664156461,59.232427487215304,59.232427487215304,0
7SAK,-14.837446462816894,8.180494205531119,16.94314914600252,16.94314914600252,0
7SAL,-28.36466719655043,20.174728547861463,34.80767181457215,34.80767181457215,0
7SFA,-1.75906587561085,-9.568814850029696,9.729158770874664,9.729158770874664,0
7SWR,-177.08738849266638,-25.692497737426265,25.857063750169043,25.857063750169043,0
7SWS,-177.16006554034885,-34.26462042142853,34.38210930643568,34.38210930643568,0
7SWT,-23.367719209618393,3.2904293899709955,23.59824626174483,23.368387506151368,1
7SWU,-152.7995065717723,36.79806774505133,45.759858309531985,46.7322420693833,1
7TSR,-13.545999221749314,18.68531686958181,23.078889952341985,19.65343452740603,1
7TSS,-170.38281352624716,-50.106593820629854,51.02118207153296,51.02118207153296,0
7TSU,-11.638451187394791,13.733645644944431,18.001849036759317,15.49939874455976,1
7TSV,-166.73406540869303,-58.20552482312601,59.698141851454416,54.36390721985672,1
7UGR,-4.724382863834427,-2.6247185991873607,5.4045296899001665,5.099414526115642,1
7UGS,2.0125714916749433,-8.054637307911065,8.302266327400943,4.91034532269284,1
7UGT,-1.5236748313684534,1.1934425846733632,1.9354302350272203,5.136042413729937,1
7VCM,-23.457454341183887,13.808109931874242,27.219773402059214,27.219773402059214,0
7X2B,-3.4487980229398425,8.695994683817844,9.354920167699031,9.354920167699031,0
7Y40,-4.670927861833088,4.017151508673777,6.160768891468716,12.984595058291278,1
7Y96,-12.843476189624445,4.813165108074685,13.7157369102443,13.7157369102443,0
7YAO,-8.593434987999695,4.989823531216132,9.937075211834498,18.46934922395417,1
7YEU,-5.554847844676543,-0.27774422758980677,5.561787161827312,5.561787161827312,0
7YRE,-5.39078306414838,6.4912858699046865,8.437851283918974,15.871174669874518,1
7YV3,-6.7972037774141105,7.866656743732307,10.396454564677397,10.396454564677397,0
7YV5,-19.449600330017535,22.722087536549537,29.909533848190254,29.909533848190254,0
7ZCT,-2.170491335332416,-0.1811573911043638,2.178038254279499,2.1877125290193273,1
8A6G,-178.06553767258242,-6.725319265247066,6.998004266624961,13.86929786962964,1
8A6N,-178.06553767258242,-6.725319265247066,6.998004266624961,13.86929786962964,1
8A6O,-178.06553767258242,-6.725319265247066,6.998004266624961,13.86929786962964,1
8A6P,-178.06553767258242,-6.725319265247066,6.998004266624961,13.86929786962964,1
8A6Q,-178.06553767258242,-6.725319265247066,6.998004266624961,13.86929786962964,1
8A6R,-178.06553767258242,-6.725319265247066,6.998004266624961,13.86929786962964,1
8A6S,-178.06553767258242,-6.725319265247066,6.998004266624961,13.86929786962964,1
8A7V,173.12974052628624,41.58482804667466,42.14852771933621,50.840507764722275,1
8A83,-174.5470361097287,-15.323278455894808,16.264614284559368,23.025088881623194,1
8AHA,-8.857819208814286,2.704846779255462,9.26159582551991,9.26159582551991,0
8AHB,164.29228075162195,52.94173462970633,55.222818739974805,54.39277426364178,1
8AM4,-0.38131279066914175,9.312454453053107,9.32025790332631,9.32025790332631,0
8ARM,-13.626508411567356,16.14590272021502,21.12751538021361,17.76895955634384,1
8B65,-161.9065346256275,-45.59214854509432,49.051172240952226,47.99913377037045,1
8B6S,-5.658643901687662,7.442050197447514,9.349030000349535,9.349030000349535,0
8B6T,-0.02977214777384041,2.474340842324068,2.4745199503693733,2.4745199503693733,0
8BAN,-4.2341672418064205,11.637057115949887,12.383427253852892,12.383427253852892,0
8BAV,-2.6422079068596167,-1.4643779457375956,3.0208716276985657,3.0208716276985657,0
8BBJ,-15.520360752388225,17.134532971662452,23.118689799408195,23.118689799408195,0
8BGL,-161.41625931954582,-51.509501366076194,54.759329329897504,53.543943761222316,1
8BVG,-13.12938222425433,10.768995850779532,16.98092898591453,16.98092898591453,0
8BXP,8.819183396070509,-7.788084938566556,11.765724065430613,11.765724065430613,0
8BXT,-2.9104504936068043,6.023928804125234,6.690174908991979,6.690174908991979,0
8C0T,-5.015086194761247,7.105727767524229,8.697267194185173,8.697267194185173,0
8C1X,-0.8420186591680884,-8.409312315384057,8.45136255523671,8.45136255523671,0
8C7I,-22.019922857412592,14.784948490076886,26.523041011554987,26.523041011554987,0
8DHR,-4.511063626905759,3.054991312258295,5.448180151570407,5.448180151570407,0
8DPD,-3.119320503708761,2.72878091120009,4.1444427449523165,4.1444427449523165,0
8DTA,-3.264407176587327,1.119205136371221,3.450938184296346,3.450938184296346,0
8G0I,-19.043930095856258,8.285289586856322,20.768179916254816,20.768179916254816,0
8GOS,-10.330796690071338,-2.4638946986272288,10.620552590967774,10.620552590967774,0
8GYF,-12.135177359972564,9.685112017812912,15.526233424613164,27.482348759029662,1
8I4J,-0.6135574609127142,7.777323017917354,7.801487427591534,6.01731735066509,1
8I4K,-7.004038084787529,-1.3027184803110288,7.124157840201055,7.124157840201055,0
8IYY,-0.6207651224634674,11.830861140246697,11.847135715313911,12.394249561366625,1
8IYZ,-6.017322234881252,-0.509557029419625,6.038858770051442,6.038858770051442,0
8IZ0,-4.664799712157366,1.3881023014666596,4.866948156070746,9.048414364463856,1
8IZ1,-8.474304529312345,5.451655407300706,10.076427141376788,10.076427141376788,0
8IZ2,-7.601690282808644,0.6533383237309351,7.629714681493861,7.629714681493861,0
8IZ3,-2.0282236658699486,3.3627652235809364,3.927070305930397,3.927070305930397,0
8J2H,5.902058309000291,-5.757193765122054,8.244972548893035,8.085537955234912,1
8J2I,-18.733341393406306,10.539144892358934,21.494456374238577,21.494456374238577,0
8J2J,-12.1000067669273,10.238954023032477,15.850752135007953,15.850752135007953,0
8J2K,3.03354680888283,-2.771667847687553,4.109081271961907,4.109081271961907,0
8J2L,-9.2487509147915,8.224286649843407,12.376521497684612,25.364549683378275,1
8J3J,-16.055992546834023,9.790389459305942,18.80549447445823,18.80549447445823,0
8JKC,-12.280012410256418,9.386443398410506,15.456520451499278,15.456520451499278,0
8JKG,-12.333297743476157,9.4152523406228,15.516352982155215,15.516352982155215,0
8JKI,-12.2527675053233,9.389716607314568,15.436874343764856,15.436874343764856,0
8JL2,-12.205792325873569,9.356332178390005,15.379282107261396,15.379282107261396,0
8JL5,-10.874591424429985,6.9126458016414745,12.885705670518691,12.885705670518691,0
8JL6,-12.350856850020913,9.493607641023317,15.577941166001512,15.577941166001512,0
8JL7,-12.26633354105366,9.444318187061612,15.480894178271505,15.480894178271505,0
8JLL,-12.303230026879946,9.381721557870463,15.472109374087687,15.472109374087687,0
8JLM,-12.24669336213806,9.396167746944002,15.435979613712464,15.435979613712464,0
8JLS,-12.301878109797338,9.399943524008592,15.482091050076605,15.482091050076605,0
8JLT,-12.273090329690309,9.3637260029368,15.43723132231984,15.43723132231984,0
8JLU,-12.288320911332605,9.441319664884077,15.49649469507286,15.49649469507286,0
8OSI,-14.09871033597587,6.388670850977405,15.478654604967499,16.208349029280257,1
8OVN,0.5886784081755493,5.360016870427415,5.39224657443617,5.39224657443617,0
8OVO,4.070704654329289,-5.8504727343431,7.127318401619937,7.127318401619937,0
8OVP,1.7618328334210973,-5.487182753454505,5.763092008872421,5.763092008872421,0
8OVY,0.9461468867599524,-0.1982591467168504,0.9666957228530781,0.9666957228530781,0
8PEI,-24.798437515290217,38.64384891570538,45.91633219476069,40.42010517038984,1
8Q6W,-15.299079248289635,2.9518670391241244,15.581249784985612,15.581249784985612,0
8Q79,-7.945228881774361,10.834908551663005,13.435844048911918,17.509038993509993,1
8QBJ,-2.3537399696446415,10.075213641752839,10.34649804386321,13.969771985593594,1
8QDD,-15.354122503493606,15.133764707905016,21.558754882565005,32.310481724786996,1
8QWJ,-7.975368176989971,11.927586300517788,14.348303471659777,14.348303471659777,0
8RZZ,-20.892723660363142,27.640482236267133,34.64826345145882,34.194616562622066,1
8S0G,-19.16427218397887,10.889804084868615,22.042167800569157,21.888786610354124,1
8S1L,-16.97850807735516,19.052986895733312,25.520306545607955,25.02095135924193,1
8S1V,-20.680215688777007,17.088721492445245,26.82714526707414,26.59300454817801,1
8SFS,-7.82629657675947,-6.322345791998885,10.060962897307734,8.982843475273759,1
8SFV,-0.5807514521680625,-6.594190983162548,6.619715021933917,6.619715021933917,0
8SFX,-1.2328819104161783,-2.6367272772021124,2.910726462478589,2.910726462478589,0
8SFZ,-5.3309509264998,-4.313970220149315,6.857796792052409,9.269315320951945,1
8SG3,-1.1625367602125067,-1.6015921611106592,1.9790374350619282,1.9790374350619282,0
8SLC,-1.2231692856652896,0.6027243553602091,1.3636054231115713,1.3636054231115713,0
8SMU,1.623112757383652,-1.1402077140639335,1.9835747161104134,1.9835747161104134,0
8SXC,5.196331598599956,0.8413082723803313,5.2639967412398665,8.949379732708035,1
8U20,-16.332250136472037,14.709865641146052,21.980048719255826,20.978714449283157,1
8U21,-12.594905032828807,7.367764097651786,14.591627071187892,13.994917270226788,1
8U22,-12.891428737868779,16.17615959868931,20.684706289087533,19.534120507870295,1
8U23,-16.220144524100505,17.297820735093325,23.713027865840587,22.31343916645569,1
8U24,-12.24075278086382,8.361536933995183,14.824011890874587,13.805690387744676,1
8UL0,-170.0793683166443,-33.21275655640298,34.66274846390129,34.66274846390129,0
8UL1,-9.526386151670259,12.064479422284052,15.372172808079224,15.372172808079224,0
8UL2,-11.317770430831754,11.20161626329579,15.923822858696413,15.923822858696413,0
8UL3,-10.00820283781663,11.38173441228318,15.156120950778671,15.156120950778671,0
8UL4,-11.870728958574004,10.85977442693715,16.088782011447776,16.088782011447776,0
8UL5,-7.05719289237864,8.266531913255193,10.869200586662588,10.869200586662588,0
8UQQ,-8.350649449141827,2.865697986357219,8.82867890295397,8.82867890295397,0
8WGP,24.841948578792994,10.793621057290835,27.08550654353334,27.637106150415743,1
8XC6,3.3569938577580802,22.773876462545758,23.01996648330143,23.01996648330143,0
8XLD,-10.82045412685571,15.83990582139569,19.18293105711621,24.53190082421767,1
8YDO,-11.945973396511262,23.866827878685285,26.68954389608304,26.68954389608304,0
8YQ4,-14.38215754073315,13.815935966431482,19.943082564012073,19.104413997220878,1
8ZBO,-0.15302495437397726,16.715684183171078,16.716384607569214,14.95628756205532,1
8ZUP,-7.8267567544161025,0.6243297597241337,7.851618237132723,7.851618237132723,0
8ZUQ,-8.177579974827383,4.684461865926693,9.424277013013741,9.424277013013741,0
8ZUR,-3.022960178132438,1.5530315416973792,3.3985578129673644,3.3985578129673644,0
8ZUS,-6.927063684502176,7.506019697714919,10.21393866202618,10.21393866202618,0
8ZUT,-7.597410860587759,8.978751205789564,11.761744130869552,11.761744130869552,0
8ZXH,-46.931570752275036,60.6901811094105,76.71942659045911,75.82018912782516,1
8ZXO,-26.872137327425865,27.218418643429516,38.24858269260478,35.629336736935194,1
9BCF,-6.255194564179946,-1.5491440910661254,6.4441684064455975,6.4441684064455975,0
9C74,-4.3298788381460716,14.791469558268545,15.412184220486411,15.412184220486411,0
9CJM,-175.35010178578852,3.845760995249975,6.034188515046008,6.034188515046008,0
9F22,-21.321819665320294,12.503742415957618,24.717677242108678,29.73682011166401,1
9F23,7.644042092979389,-14.77042712926729,16.631202515159146,7.681376799099833,1
9F24,-3.6762185305254698,4.285926055030416,5.646569297668041,5.646569297668041,0
9FEL,-16.55321078558591,11.310279382010492,20.04822204114793,20.04822204114793,0
9FEM,-8.127540275789775,8.467404246091803,11.736858421286275,11.736858421286275,0
9FEN,-0.7975721265088646,-7.6872999426169315,7.728564013110208,7.728564013110208,0
9FEO,-13.738026595765517,7.327504568814334,15.570025624640303,15.570025624640303,0
9FEQ,-1.5164686500432814,3.6183046482564976,3.9232391839089678,3.9232391839089678,0
9FER,-14.214764624896494,2.9376648189857804,14.515144089188912,14.515144089188912,0
9FES,-17.675715898770797,3.4364377788831746,18.00666646390147,18.00666646390147,0
9FGI,-2.5667561966739902,-10.887299410027481,11.185773366949157,11.185773366949157,0
9G7Q,-10.719672501570644,22.277165013325885,24.722124900013764,24.722124900013764,0
9GVR,-2.6098349202513544,11.796705743746685,12.08194954117544,12.08194954117544,0
9H25,-165.49875624301598,-70.72659051050624,72.19789938592604,71.23633670287452,1
9IRJ,-4.751540012377064,3.347076678702763,5.812061147504915,5.812061147504915,0
9J0Q,-8.27815598618205,15.8122406578982,17.84810413334846,22.63058293103764,1
9J0R,-10.432471840730313,20.491881585866963,22.99464458600794,27.92944534454941,1
9J11,-9.090781187865932,14.999444459002035,17.53925986706235,22.27592033444801,1
9JX2,-164.9954248983739,-59.99507407843711,61.8429154200988,61.12952888686334,1
9K8W,-10.840085777231545,-2.940016907343903,11.231703302402776,11.231703302402776,0
9K8X,-9.41795332891421,0.7102911007114869,9.44470001394202,9.657401628454506,1
9LD5,-22.206466139676447,5.581378547133738,22.89713791937764,22.89713791937764,0
9LD8,-12.079496182961806,6.213439950736017,13.58385306367789,13.58385306367789,0
9LD9,-19.493860176236705,8.033116937595537,21.08415405710533,21.08415405710533,0
9LPU,3.0035109605008707,-7.57430229660207,8.148075439645874,8.148075439645874,0
9LSA,-26.78230594771844,14.832665147040473,30.61535345609166,30.61535345609166,0
9LSC,-27.2324387091775,15.761444547154554,31.464723934306768,31.464723934306768,0
9LSF,-29.666374616327232,16.98383609042679,34.183979745236634,34.183979745236634,0
9LSW,-20.542147977987522,16.485038895461344,26.338875278462638,26.338875278462638,0
9LYL,-1.346330578126967,21.734618453941493,21.77627712360434,21.77627712360434,0
9MUS,-26.548839766279926,25.405369400893647,36.746070365842776,35.442524337379986,1
9MUT,-26.2777715021216,30.08198129244539,39.94304537208885,37.612708814472846,1
9MUU,-14.39156345132641,8.190795753503437,16.55917370067614,16.55917370067614,0
9MUV,-10.539040955411194,9.504656014275724,14.191894525028792,14.191894525028792,0
9R6H,-2.167425684207968,10.58085282022563,10.800563897308372,10.800563897308372,0
9S0T,-4.406590194132752,-1.8947768971534913,4.796688089610735,4.796688089610735,0
9TAD,-2.1497337257259197,-4.709844866054453,5.177257358275996,5.177257358275996,0
9U9D,-12.45231746235078,9.958430213802473,15.944608571750518,15.944608571750518,0
