color_class,sweep,resnum,resname,atomname,n_structures,n_total,frac
blue,phi_minus,62,THR,CG2,7,9,0.7777777777777778
blue,phi_minus,301,CU,CU,1,9,0.1111111111111111
blue,phi_minus,301,ZN,ZN,1,9,0.1111111111111111
blue,phi_plus,62,THR,CG2,6,9,0.6666666666666666
blue,phi_plus,203,VAL,CG1,1,9,0.1111111111111111
blue,phi_plus,301,CU,CU,1,9,0.1111111111111111
blue,phi_plus,301,ZN,ZN,1,9,0.1111111111111111
blue,tau_minus,62,THR,CG2,6,9,0.6666666666666666
blue,tau_minus,167,ILE,CD1,1,9,0.1111111111111111
blue,tau_minus,301,CU,CU,1,9,0.1111111111111111
blue,tau_minus,301,ZN,ZN,1,9,0.1111111111111111
blue,tau_plus,203,THR,CG2,2,9,0.2222222222222222
blue,tau_plus,203,THR,OG1,2,9,0.2222222222222222
blue,tau_plus,222,GLU,OE2,2,9,0.2222222222222222
blue,tau_plus,203,VAL,CG1,1,9,0.1111111111111111
blue,tau_plus,301,CU,CU,1,9,0.1111111111111111
blue,tau_plus,301,ZN,ZN,1,9,0.1111111111111111
cyan,phi_minus,203,THR,CB,13,34,0.38235294117647056
cyan,phi_minus,142,SER,OG,5,34,0.14705882352941177
cyan,phi_minus,61,VAL,CG1,3,34,0.08823529411764706
cyan,phi_minus,159,HIS,NE2,2,34,0.058823529411764705
cyan,phi_minus,61,LYS,NZ,1,34,0.029411764705882353
cyan,phi_minus,143,SER,OG,1,34,0.029411764705882353
cyan,phi_minus,148,ASP,OD2,1,34,0.029411764705882353
cyan,phi_minus,148,SER,OG,1,34,0.029411764705882353
cyan,phi_minus,150,VAL,CG1,1,34,0.029411764705882353
cyan,phi_minus,163,HIS,NE2,1,34,0.029411764705882353
cyan,phi_minus,193,HIS,CG,1,34,0.029411764705882353
cyan,phi_minus,198,THR,CG2,1,34,0.029411764705882353
cyan,phi_minus,203,THR,OG1,1,34,0.029411764705882353
cyan,phi_minus,204,THR,CB,1,34,0.029411764705882353
cyan,phi_plus,167,ILE,CD1,12,34,0.35294117647058826
cyan,phi_plus,159,HIS,NE2,4,34,0.11764705882352941
cyan,phi_plus,203,THR,CG2,3,34,0.08823529411764706
cyan,phi_plus,163,HIS,NE2,2,34,0.058823529411764705
cyan,phi_plus,211,GLU,OE2,2,34,0.058823529411764705
cyan,phi_plus,60,HIS,CD2,1,34,0.029411764705882353
cyan,phi_plus,61,LYS,NZ,1,34,0.029411764705882353
cyan,phi_plus,62,THR,CG2,1,34,0.029411764705882353
cyan,phi_plus,142,SER,OG,1,34,0.029411764705882353
cyan,phi_plus,148,ASP,OD2,1,34,0.029411764705882353
cyan,phi_plus,148,SER,OG,1,34,0.029411764705882353
cyan,phi_plus,166,PHE,CE2,1,34,0.029411764705882353
cyan,phi_plus,167,LEU,CD2,1,34,0.029411764705882353
cyan,phi_plus,193,HIS,CD2,1,34,0.029411764705882353
cyan,tau_minus,167,ILE,CD1,12,34,0.35294117647058826
cyan,tau_minus,159,HIS,NE2,8,34,0.23529411764705882
cyan,tau_minus,61,VAL,CG1,3,34,0.08823529411764706
cyan,tau_minus,163,HIS,NE2,2,34,0.058823529411764705
cyan,tau_minus,60,HIS,CD2,1,34,0.029411764705882353
cyan,tau_minus,61,LYS,NZ,1,34,0.029411764705882353
cyan,tau_minus,62,THR,CG2,1,34,0.029411764705882353
cyan,tau_minus,63,THR,CG2,1,34,0.029411764705882353
cyan,tau_minus,65,THR,CG2,1,34,0.029411764705882353
cyan,tau_minus,148,ASP,OD2,1,34,0.029411764705882353
cyan,tau_minus,167,LEU,CD2,1,34,0.029411764705882353
cyan,tau_plus,203,THR,CG2,14,34,0.4117647058823529
cyan,tau_plus,142,SER,OG,7,34,0.20588235294117646
cyan,tau_plus,205,SER,OG,3,34,0.08823529411764706
cyan,tau_plus,146,SER,OG,2,34,0.058823529411764705
cyan,tau_plus,61,LYS,NZ,1,34,0.029411764705882353
cyan,tau_plus,143,SER,OG,1,34,0.029411764705882353
cyan,tau_plus,148,ASP,OD2,1,34,0.029411764705882353
cyan,tau_plus,148,SER,OG,1,34,0.029411764705882353
cyan,tau_plus,150,VAL,CB,1,34,0.029411764705882353
cyan,tau_plus,193,HIS,CB,1,34,0.029411764705882353
cyan,tau_plus,203,THR,OG1,1,34,0.029411764705882353
cyan,tau_plus,206,SER,OG,1,34,0.029411764705882353
green,phi_minus,203,THR,OG1,51,281,0.18149466192170818
green,phi_minus,62,THR,CG2,27,281,0.09608540925266904
green,phi_minus,203,THR,CG2,24,281,0.08540925266903915
green,phi_minus,142,SER,OG,11,281,0.03914590747330961
green,phi_minus,204,THR,CG2,10,281,0.03558718861209965
green,phi_minus,147,ASP,OD1,9,281,0.03202846975088968
green,phi_minus,148,HIS,NE2,5,281,0.017793594306049824
green,phi_minus,151,VAL,CG1,5,281,0.017793594306049824
green,phi_minus,193,HIS,CG,5,281,0.017793594306049824
green,phi_minus,203,CYS,SG,5,281,0.017793594306049824
green,phi_minus,55,PRO,CB,4,281,0.014234875444839857
green,phi_minus,63,THR,CG2,4,281,0.014234875444839857
green,phi_minus,146,SER,OG,4,281,0.014234875444839857
green,phi_minus,148,SER,OG,4,281,0.014234875444839857
green,phi_minus,149,HIS,NE2,4,281,0.014234875444839857
green,phi_minus,203,THR,CB,4,281,0.014234875444839857
green,phi_minus,1203,TYR,CG,4,281,0.014234875444839857
green,phi_minus,138,THR,OG1,3,281,0.010676156583629894
green,phi_minus,148,HIS,ND1,3,281,0.010676156583629894
green,phi_minus,192,LYS,CD,3,281,0.010676156583629894
green,phi_minus,201,THR,CG2,3,281,0.010676156583629894
green,phi_minus,203,HIS,CG,3,281,0.010676156583629894
green,phi_minus,98,ASP,OD2,2,281,0.0071174377224199285
green,phi_minus,139,SER,OG,2,281,0.0071174377224199285
green,phi_minus,145,SER,OG,2,281,0.0071174377224199285
green,phi_minus,149,HIS,CE1,2,281,0.0071174377224199285
green,phi_minus,151,VAL,CG2,2,281,0.0071174377224199285
green,phi_minus,194,HIS,CG,2,281,0.0071174377224199285
green,phi_minus,197,HIS,CG,2,281,0.0071174377224199285
green,phi_minus,203,TYR,CG,2,281,0.0071174377224199285
green,phi_minus,204,THR,OG1,2,281,0.0071174377224199285
green,phi_minus,13,THR,CG2,1,281,0.0035587188612099642
green,phi_minus,63,CR8,C11,1,281,0.0035587188612099642
green,phi_minus,64,THR,CB,1,281,0.0035587188612099642
green,phi_minus,66,ARG,CZ,1,281,0.0035587188612099642
green,phi_minus,66,DYG,CD1,1,281,0.0035587188612099642
green,phi_minus,72,THR,CG2,1,281,0.0035587188612099642
green,phi_minus,100,HIS,NE2,1,281,0.0035587188612099642
green,phi_minus,116,THR,CG2,1,281,0.0035587188612099642
green,phi_minus,116,THR,OG1,1,281,0.0035587188612099642
green,phi_minus,136,THR,OG1,1,281,0.0035587188612099642
green,phi_minus,144,SER,OG,1,281,0.0035587188612099642
green,phi_minus,145,TYR,OH,1,281,0.0035587188612099642
green,phi_minus,146,ASP,OD2,1,281,0.0035587188612099642
green,phi_minus,147,SER,OG,1,281,0.0035587188612099642
green,phi_minus,148,ASN,OD1,1,281,0.0035587188612099642
green,phi_minus,148,ASP,OD2,1,281,0.0035587188612099642
green,phi_minus,148,HIS,CD2,1,281,0.0035587188612099642
green,phi_minus,149,HIS,CD2,1,281,0.0035587188612099642
green,phi_minus,149,HIS,ND1,1,281,0.0035587188612099642
green,phi_minus,150,VAL,CG2,1,281,0.0035587188612099642
green,phi_minus,153,3YM,CG,1,281,0.0035587188612099642
green,phi_minus,153,THR,OG1,1,281,0.0035587188612099642
green,phi_minus,155,THR,OG1,1,281,0.0035587188612099642
green,phi_minus,158,SER,OG,1,281,0.0035587188612099642
green,phi_minus,159,GLN,OE1,1,281,0.0035587188612099642
green,phi_minus,159,GLU,OE1,1,281,0.0035587188612099642
green,phi_minus,161,ILE,CD1,1,281,0.0035587188612099642
green,phi_minus,190,LYS,CD,1,281,0.0035587188612099642
green,phi_minus,192,TYR,CD2,1,281,0.0035587188612099642
green,phi_minus,195,ARG,CD,1,281,0.0035587188612099642
green,phi_minus,195,HIS,CE1,1,281,0.0035587188612099642
green,phi_minus,197,ARG,NH2,1,281,0.0035587188612099642
green,phi_minus,197,HIS,CB,1,281,0.0035587188612099642
green,phi_minus,198,HIS,CG,1,281,0.0035587188612099642
green,phi_minus,201,ALA,CB,1,281,0.0035587188612099642
green,phi_minus,203,HIS,CE1,1,281,0.0035587188612099642
green,phi_minus,203,ILE,CD1,1,281,0.0035587188612099642
green,phi_minus,203,TYR,CD1,1,281,0.0035587188612099642
green,phi_minus,203,TYR,CE1,1,281,0.0035587188612099642
green,phi_minus,203,VAL,CG1,1,281,0.0035587188612099642
green,phi_minus,204,THR,CB,1,281,0.0035587188612099642
green,phi_minus,205,THR,OG1,1,281,0.0035587188612099642
green,phi_minus,214,GLU,OE2,1,281,0.0035587188612099642
green,phi_minus,215,THR,CG2,1,281,0.0035587188612099642
green,phi_minus,216,THR,OG1,1,281,0.0035587188612099642
green,phi_minus,224,HIS,CE1,1,281,0.0035587188612099642
green,phi_minus,227,TYR,CG,1,281,0.0035587188612099642
green,phi_minus,269,THR,OG1,1,281,0.0035587188612099642
green,phi_minus,1203,THR,CG2,1,281,0.0035587188612099642
green,phi_minus,1203,THR,OG1,1,281,0.0035587188612099642
green,phi_minus,1203,TYR,CZ,1,281,0.0035587188612099642
green,phi_plus,62,THR,CG2,66,281,0.23487544483985764
green,phi_plus,203,THR,CG2,37,281,0.13167259786476868
green,phi_plus,203,THR,OG1,14,281,0.0498220640569395
green,phi_plus,204,THR,CG2,9,281,0.03202846975088968
green,phi_plus,63,THR,CG2,7,281,0.02491103202846975
green,phi_plus,159,MET,CE,6,281,0.021352313167259787
green,phi_plus,148,HIS,ND1,5,281,0.017793594306049824
green,phi_plus,148,HIS,NE2,5,281,0.017793594306049824
green,phi_plus,151,VAL,CG1,5,281,0.017793594306049824
green,phi_plus,195,ARG,CD,5,281,0.017793594306049824
green,phi_plus,1203,TYR,CE2,5,281,0.017793594306049824
green,phi_plus,149,HIS,NE2,4,281,0.014234875444839857
green,phi_plus,193,HIS,CB,4,281,0.014234875444839857
green,phi_plus,201,THR,CG2,4,281,0.014234875444839857
green,phi_plus,138,THR,OG1,3,281,0.010676156583629894
green,phi_plus,148,SER,OG,3,281,0.010676156583629894
green,phi_plus,192,LYS,CD,3,281,0.010676156583629894
green,phi_plus,193,HIS,CD2,3,281,0.010676156583629894
green,phi_plus,194,HIS,CB,3,281,0.010676156583629894
green,phi_plus,203,HIS,ND1,3,281,0.010676156583629894
green,phi_plus,98,ASP,OD2,2,281,0.0071174377224199285
green,phi_plus,142,SER,OG,2,281,0.0071174377224199285
green,phi_plus,145,SER,OG,2,281,0.0071174377224199285
green,phi_plus,146,SER,OG,2,281,0.0071174377224199285
green,phi_plus,147,ASP,OD1,2,281,0.0071174377224199285
green,phi_plus,151,VAL,CG2,2,281,0.0071174377224199285
green,phi_plus,197,HIS,CB,2,281,0.0071174377224199285
green,phi_plus,203,TYR,CD2,2,281,0.0071174377224199285
green,phi_plus,1062,THR,CG2,2,281,0.0071174377224199285
green,phi_plus,12,THR,CG2,1,281,0.0035587188612099642
green,phi_plus,63,CR8,C11,1,281,0.0035587188612099642
green,phi_plus,64,THR,CG2,1,281,0.0035587188612099642
green,phi_plus,66,DYG,CG2,1,281,0.0035587188612099642
green,phi_plus,69,LEU,CD2,1,281,0.0035587188612099642
green,phi_plus,70,LEU,CD2,1,281,0.0035587188612099642
green,phi_plus,91,ARG,NH2,1,281,0.0035587188612099642
green,phi_plus,95,ARG,NH2,1,281,0.0035587188612099642
green,phi_plus,100,HIS,NE2,1,281,0.0035587188612099642
green,phi_plus,116,THR,CG2,1,281,0.0035587188612099642
green,phi_plus,124,THR,CG2,1,281,0.0035587188612099642
green,phi_plus,136,THR,OG1,1,281,0.0035587188612099642
green,phi_plus,139,SER,OG,1,281,0.0035587188612099642
green,phi_plus,144,SER,OG,1,281,0.0035587188612099642
green,phi_plus,146,ASP,OD2,1,281,0.0035587188612099642
green,phi_plus,146,HIS,ND1,1,281,0.0035587188612099642
green,phi_plus,146,ILE,CD1,1,281,0.0035587188612099642
green,phi_plus,148,ASN,OD1,1,281,0.0035587188612099642
green,phi_plus,148,ASP,OD2,1,281,0.0035587188612099642
green,phi_plus,148,HIS,CD2,1,281,0.0035587188612099642
green,phi_plus,149,HIS,CD2,1,281,0.0035587188612099642
green,phi_plus,149,HIS,CE1,1,281,0.0035587188612099642
green,phi_plus,149,HIS,ND1,1,281,0.0035587188612099642
green,phi_plus,153,3YM,CD2,1,281,0.0035587188612099642
green,phi_plus,158,SER,OG,1,281,0.0035587188612099642
green,phi_plus,159,GLN,OE1,1,281,0.0035587188612099642
green,phi_plus,159,GLU,OE1,1,281,0.0035587188612099642
green,phi_plus,163,MET,SD,1,281,0.0035587188612099642
green,phi_plus,165,PHE,CE2,1,281,0.0035587188612099642
green,phi_plus,167,ILE,CD1,1,281,0.0035587188612099642
green,phi_plus,168,ILE,CD1,1,281,0.0035587188612099642
green,phi_plus,172,GLU,OE1,1,281,0.0035587188612099642
green,phi_plus,179,ILE,CD1,1,281,0.0035587188612099642
green,phi_plus,190,LYS,CD,1,281,0.0035587188612099642
green,phi_plus,192,TYR,CB,1,281,0.0035587188612099642
green,phi_plus,194,HIS,ND1,1,281,0.0035587188612099642
green,phi_plus,195,HIS,CE1,1,281,0.0035587188612099642
green,phi_plus,196,ARG,CD,1,281,0.0035587188612099642
green,phi_plus,197,ILE,CG2,1,281,0.0035587188612099642
green,phi_plus,198,HIS,CG,1,281,0.0035587188612099642
green,phi_plus,202,LEU,CB,1,281,0.0035587188612099642
green,phi_plus,203,CYS,SG,1,281,0.0035587188612099642
green,phi_plus,203,ILE,CG2,1,281,0.0035587188612099642
green,phi_plus,203,TYR,CE2,1,281,0.0035587188612099642
green,phi_plus,203,VAL,CG1,1,281,0.0035587188612099642
green,phi_plus,211,GLU,OE2,1,281,0.0035587188612099642
green,phi_plus,213,THR,CG2,1,281,0.0035587188612099642
green,phi_plus,214,GLU,OE2,1,281,0.0035587188612099642
green,phi_plus,215,GLU,OE2,1,281,0.0035587188612099642
green,phi_plus,216,THR,CG2,1,281,0.0035587188612099642
green,phi_plus,220,THR,CG2,1,281,0.0035587188612099642
green,phi_plus,222,GLU,OE2,1,281,0.0035587188612099642
green,phi_plus,224,HIS,CE1,1,281,0.0035587188612099642
green,phi_plus,227,TYR,CE2,1,281,0.0035587188612099642
green,phi_plus,306,GOL,O3,1,281,0.0035587188612099642
green,tau_minus,167,ILE,CD1,63,281,0.22419928825622776
green,tau_minus,148,HIS,ND1,40,281,0.1423487544483986
green,tau_minus,159,MET,CE,16,281,0.05693950177935943
green,tau_minus,62,THR,CG2,11,281,0.03914590747330961
green,tau_minus,145,PHE,CE2,9,281,0.03202846975088968
green,tau_minus,145,TYR,CE2,8,281,0.028469750889679714
green,tau_minus,149,HIS,ND1,8,281,0.028469750889679714
green,tau_minus,168,ILE,CD1,6,281,0.021352313167259787
green,tau_minus,148,HIS,NE2,5,281,0.017793594306049824
green,tau_minus,151,VAL,CG1,5,281,0.017793594306049824
green,tau_minus,1167,ILE,CD1,5,281,0.017793594306049824
green,tau_minus,145,PHE,CE1,4,281,0.014234875444839857
green,tau_minus,154,LEU,CD2,4,281,0.014234875444839857
green,tau_minus,165,ILE,CD1,4,281,0.014234875444839857
green,tau_minus,148,HIS,CD2,3,281,0.010676156583629894
green,tau_minus,149,HIS,NE2,3,281,0.010676156583629894
green,tau_minus,163,MET,CE,3,281,0.010676156583629894
green,tau_minus,63,THR,CG2,2,281,0.0071174377224199285
green,tau_minus,80,ILE,CD1,2,281,0.0071174377224199285
green,tau_minus,98,ASP,OD2,2,281,0.0071174377224199285
green,tau_minus,148,SER,OG,2,281,0.0071174377224199285
green,tau_minus,151,VAL,CG2,2,281,0.0071174377224199285
green,tau_minus,157,TRP,CZ3,2,281,0.0071174377224199285
green,tau_minus,162,ILE,CD1,2,281,0.0071174377224199285
green,tau_minus,163,MET,SD,2,281,0.0071174377224199285
green,tau_minus,28,ILE,CD1,1,281,0.0035587188612099642
green,tau_minus,54,HIS,CB,1,281,0.0035587188612099642
green,tau_minus,55,PRO,CB,1,281,0.0035587188612099642
green,tau_minus,59,THR,CG2,1,281,0.0035587188612099642
green,tau_minus,59,TYR,N,1,281,0.0035587188612099642
green,tau_minus,61,VAL,CG1,1,281,0.0035587188612099642
green,tau_minus,62,THR,CA,1,281,0.0035587188612099642
green,tau_minus,63,CR8,C7,1,281,0.0035587188612099642
green,tau_minus,64,PRO,CA,1,281,0.0035587188612099642
green,tau_minus,66,ARG,CZ,1,281,0.0035587188612099642
green,tau_minus,66,ARG,NH2,1,281,0.0035587188612099642
green,tau_minus,66,DYG,CG2,1,281,0.0035587188612099642
green,tau_minus,95,PHE,CE2,1,281,0.0035587188612099642
green,tau_minus,98,HIS,ND1,1,281,0.0035587188612099642
green,tau_minus,100,HIS,NE2,1,281,0.0035587188612099642
green,tau_minus,136,MET,CE,1,281,0.0035587188612099642
green,tau_minus,138,THR,OG1,1,281,0.0035587188612099642
green,tau_minus,142,SER,OG,1,281,0.0035587188612099642
green,tau_minus,143,MET,CE,1,281,0.0035587188612099642
green,tau_minus,144,SER,OG,1,281,0.0035587188612099642
green,tau_minus,145,GLU,CB,1,281,0.0035587188612099642
green,tau_minus,145,TYR,CE1,1,281,0.0035587188612099642
green,tau_minus,146,ASP,OD2,1,281,0.0035587188612099642
green,tau_minus,146,HIS,ND1,1,281,0.0035587188612099642
green,tau_minus,146,TRP,CE3,1,281,0.0035587188612099642
green,tau_minus,146,TYR,CE2,1,281,0.0035587188612099642
green,tau_minus,146,TYR,OH,1,281,0.0035587188612099642
green,tau_minus,147,PHE,CE1,1,281,0.0035587188612099642
green,tau_minus,148,ASP,OD2,1,281,0.0035587188612099642
green,tau_minus,149,HIS,CD2,1,281,0.0035587188612099642
green,tau_minus,149,HIS,CE1,1,281,0.0035587188612099642
green,tau_minus,151,LEU,CG,1,281,0.0035587188612099642
green,tau_minus,152,LEU,CD2,1,281,0.0035587188612099642
green,tau_minus,154,ARG,NE,1,281,0.0035587188612099642
green,tau_minus,155,THR,OG1,1,281,0.0035587188612099642
green,tau_minus,156,ARG,CD,1,281,0.0035587188612099642
green,tau_minus,157,TRP,NE1,1,281,0.0035587188612099642
green,tau_minus,158,TRP,CZ3,1,281,0.0035587188612099642
green,tau_minus,159,GLU,OE1,1,281,0.0035587188612099642
green,tau_minus,159,MET,SD,1,281,0.0035587188612099642
green,tau_minus,160,HIS,ND1,1,281,0.0035587188612099642
green,tau_minus,161,ILE,CD1,1,281,0.0035587188612099642
green,tau_minus,162,MET,CE,1,281,0.0035587188612099642
green,tau_minus,163,GLN,NE2,1,281,0.0035587188612099642
green,tau_minus,171,MET,CE,1,281,0.0035587188612099642
green,tau_minus,177,ILE,CD1,1,281,0.0035587188612099642
green,tau_minus,197,ARG,NH2,1,281,0.0035587188612099642
green,tau_minus,201,LEU,CD1,1,281,0.0035587188612099642
green,tau_minus,202,LEU,CD1,1,281,0.0035587188612099642
green,tau_minus,204,THR,CG2,1,281,0.0035587188612099642
green,tau_minus,207,PHE,CE2,1,281,0.0035587188612099642
green,tau_minus,214,GLU,OE2,1,281,0.0035587188612099642
green,tau_minus,214,HIS,ND1,1,281,0.0035587188612099642
green,tau_minus,1145,PHE,CE2,1,281,0.0035587188612099642
green,tau_minus,1148,HIS,ND1,1,281,0.0035587188612099642
green,tau_plus,203,THR,OG1,74,281,0.26334519572953735
green,tau_plus,203,THR,CG2,35,281,0.12455516014234876
green,tau_plus,142,SER,OG,15,281,0.05338078291814947
green,tau_plus,147,ASP,OD1,9,281,0.03202846975088968
green,tau_plus,204,THR,CG2,9,281,0.03202846975088968
green,tau_plus,204,THR,OG1,8,281,0.028469750889679714
green,tau_plus,151,VAL,CG1,6,281,0.021352313167259787
green,tau_plus,193,HIS,CB,6,281,0.021352313167259787
green,tau_plus,148,HIS,NE2,5,281,0.017793594306049824
green,tau_plus,203,CYS,CB,5,281,0.017793594306049824
green,tau_plus,1203,TYR,CD2,5,281,0.017793594306049824
green,tau_plus,146,SER,OG,4,281,0.014234875444839857
green,tau_plus,149,HIS,NE2,4,281,0.014234875444839857
green,tau_plus,201,THR,CG2,4,281,0.014234875444839857
green,tau_plus,203,HIS,CB,4,281,0.014234875444839857
green,tau_plus,138,THR,OG1,3,281,0.010676156583629894
green,tau_plus,139,SER,OG,3,281,0.010676156583629894
green,tau_plus,145,SER,OG,3,281,0.010676156583629894
green,tau_plus,149,HIS,CE1,3,281,0.010676156583629894
green,tau_plus,192,LYS,CB,3,281,0.010676156583629894
green,tau_plus,195,ARG,CD,3,281,0.010676156583629894
green,tau_plus,203,THR,CB,3,281,0.010676156583629894
green,tau_plus,203,TYR,CD2,3,281,0.010676156583629894
green,tau_plus,148,SER,OG,2,281,0.0071174377224199285
green,tau_plus,153,THR,OG1,2,281,0.0071174377224199285
green,tau_plus,194,HIS,CB,2,281,0.0071174377224199285
green,tau_plus,13,THR,CG2,1,281,0.0035587188612099642
green,tau_plus,63,CR8,C5,1,281,0.0035587188612099642
green,tau_plus,64,THR,CG2,1,281,0.0035587188612099642
green,tau_plus,66,DYG,CE1,1,281,0.0035587188612099642
green,tau_plus,69,GLN,NE2,1,281,0.0035587188612099642
green,tau_plus,95,ARG,NH2,1,281,0.0035587188612099642
green,tau_plus,98,ASP,OD2,1,281,0.0035587188612099642
green,tau_plus,100,HIS,NE2,1,281,0.0035587188612099642
green,tau_plus,116,THR,CG2,1,281,0.0035587188612099642
green,tau_plus,116,THR,OG1,1,281,0.0035587188612099642
green,tau_plus,136,THR,OG1,1,281,0.0035587188612099642
green,tau_plus,144,SER,OG,1,281,0.0035587188612099642
green,tau_plus,146,ILE,CD1,1,281,0.0035587188612099642
green,tau_plus,147,SER,OG,1,281,0.0035587188612099642
green,tau_plus,148,ASN,OD1,1,281,0.0035587188612099642
green,tau_plus,148,ASP,OD2,1,281,0.0035587188612099642
green,tau_plus,149,HIS,ND1,1,281,0.0035587188612099642
green,tau_plus,153,3YM,CD2,1,281,0.0035587188612099642
green,tau_plus,153,THR,CG2,1,281,0.0035587188612099642
green,tau_plus,158,SER,OG,1,281,0.0035587188612099642
green,tau_plus,159,GLN,OE1,1,281,0.0035587188612099642
green,tau_plus,165,PHE,CZ,1,281,0.0035587188612099642
green,tau_plus,166,PHE,CZ,1,281,0.0035587188612099642
green,tau_plus,173,PHE,CD2,1,281,0.0035587188612099642
green,tau_plus,190,LYS,CB,1,281,0.0035587188612099642
green,tau_plus,192,TYR,CB,1,281,0.0035587188612099642
green,tau_plus,195,HIS,CE1,1,281,0.0035587188612099642
green,tau_plus,196,ARG,CD,1,281,0.0035587188612099642
green,tau_plus,197,HIS,CB,1,281,0.0035587188612099642
green,tau_plus,197,ILE,CG2,1,281,0.0035587188612099642
green,tau_plus,198,HIS,CB,1,281,0.0035587188612099642
green,tau_plus,201,ALA,CB,1,281,0.0035587188612099642
green,tau_plus,201,VAL,CG1,1,281,0.0035587188612099642
green,tau_plus,203,CYS,SG,1,281,0.0035587188612099642
green,tau_plus,203,ILE,CG2,1,281,0.0035587188612099642
green,tau_plus,203,TYR,CB,1,281,0.0035587188612099642
green,tau_plus,203,TYR,CD1,1,281,0.0035587188612099642
green,tau_plus,203,VAL,CG1,1,281,0.0035587188612099642
green,tau_plus,204,ALA,CB,1,281,0.0035587188612099642
green,tau_plus,204,VAL,CG1,1,281,0.0035587188612099642
green,tau_plus,205,THR,OG1,1,281,0.0035587188612099642
green,tau_plus,213,THR,CG2,1,281,0.0035587188612099642
green,tau_plus,214,GLU,OE2,1,281,0.0035587188612099642
green,tau_plus,215,THR,OG1,1,281,0.0035587188612099642
green,tau_plus,216,THR,OG1,1,281,0.0035587188612099642
green,tau_plus,222,GLU,OE1,1,281,0.0035587188612099642
green,tau_plus,222,GLU,OE2,1,281,0.0035587188612099642
green,tau_plus,227,TYR,CD2,1,281,0.0035587188612099642
green,tau_plus,269,THR,OG1,1,281,0.0035587188612099642
green,tau_plus,1203,THR,CG2,1,281,0.0035587188612099642
green,tau_plus,1203,THR,OG1,1,281,0.0035587188612099642
orange,phi_minus,197,ILE,CD1,4,11,0.36363636363636365
orange,phi_minus,146,SER,OG,2,11,0.18181818181818182
orange,phi_minus,61,LYS,NZ,1,11,0.09090909090909091
orange,phi_minus,146,GLY,O,1,11,0.09090909090909091
orange,phi_minus,148,GLY,O,1,11,0.09090909090909091
orange,phi_minus,177,PHE,CD2,1,11,0.09090909090909091
orange,phi_plus,146,SER,OG,4,11,0.36363636363636365
orange,phi_plus,197,ILE,CG2,2,11,0.18181818181818182
orange,phi_plus,61,LYS,NZ,1,11,0.09090909090909091
orange,phi_plus,147,THR,CG2,1,11,0.09090909090909091
orange,phi_plus,165,ILE,CD1,1,11,0.09090909090909091
orange,phi_plus,167,ILE,CD1,1,11,0.09090909090909091
orange,tau_minus,163,LEU,CD2,2,11,0.18181818181818182
orange,tau_minus,163,MET,CE,2,11,0.18181818181818182
orange,tau_minus,61,LYS,NZ,1,11,0.09090909090909091
orange,tau_minus,143,MET,CE,1,11,0.09090909090909091
orange,tau_minus,146,SER,OG,1,11,0.09090909090909091
orange,tau_minus,147,THR,CG2,1,11,0.09090909090909091
orange,tau_minus,165,ILE,CD1,1,11,0.09090909090909091
orange,tau_minus,167,ILE,CD1,1,11,0.09090909090909091
orange,tau_minus,394,MET,CE,1,11,0.09090909090909091
orange,tau_plus,146,SER,OG,3,11,0.2727272727272727
orange,tau_plus,197,ILE,CG2,3,11,0.2727272727272727
orange,tau_plus,61,LYS,NZ,1,11,0.09090909090909091
orange,tau_plus,177,PHE,CZ,1,11,0.09090909090909091
orange,tau_plus,201,THR,CB,1,11,0.09090909090909091
orange,tau_plus,203,THR,CG2,1,11,0.09090909090909091
red,phi_minus,146,SER,OG,10,69,0.14492753623188406
red,phi_minus,158,SER,OG,4,69,0.057971014492753624
red,phi_minus,143,SER,OG,3,69,0.043478260869565216
red,phi_minus,148,SER,OG,3,69,0.043478260869565216
red,phi_minus,197,ILE,CG2,3,69,0.043478260869565216
red,phi_minus,62,TYR,OH,2,69,0.028985507246376812
red,phi_minus,63,PRO,CB,2,69,0.028985507246376812
red,phi_minus,142,SER,OG,2,69,0.028985507246376812
red,phi_minus,147,SER,OG,2,69,0.028985507246376812
red,phi_minus,148,ASP,OD2,2,69,0.028985507246376812
red,phi_minus,197,ARG,CD,2,69,0.028985507246376812
red,phi_minus,197,ILE,CD1,2,69,0.028985507246376812
red,phi_minus,203,ILE,CD1,2,69,0.028985507246376812
red,phi_minus,45,ARG,CD,1,69,0.014492753623188406
red,phi_minus,63,NRQ,CG2,1,69,0.014492753623188406
red,phi_minus,66,MCQ,CG2,1,69,0.014492753623188406
red,phi_minus,67,CH6,CB2,1,69,0.014492753623188406
red,phi_minus,142,ASP,OD1,1,69,0.014492753623188406
red,phi_minus,143,ASN,OD1,1,69,0.014492753623188406
red,phi_minus,143,HIS,CE1,1,69,0.014492753623188406
red,phi_minus,144,SER,OG,1,69,0.014492753623188406
red,phi_minus,158,THR,OG1,1,69,0.014492753623188406
red,phi_minus,160,GLU,OE2,1,69,0.014492753623188406
red,phi_minus,160,MET,CE,1,69,0.014492753623188406
red,phi_minus,163,GLN,NE2,1,69,0.014492753623188406
red,phi_minus,163,GLU,OE1,1,69,0.014492753623188406
red,phi_minus,163,THR,OG1,1,69,0.014492753623188406
red,phi_minus,164,HIS,NE2,1,69,0.014492753623188406
red,phi_minus,174,HIS,ND1,1,69,0.014492753623188406
red,phi_minus,194,ARG,CD,1,69,0.014492753623188406
red,phi_minus,194,ARG,NH1,1,69,0.014492753623188406
red,phi_minus,197,HIS,CG,1,69,0.014492753623188406
red,phi_minus,197,TYR,CG,1,69,0.014492753623188406
red,phi_minus,199,LEU,CB,1,69,0.014492753623188406
red,phi_minus,203,ILE,CG2,1,69,0.014492753623188406
red,phi_minus,294,THR,OG1,1,69,0.014492753623188406
red,phi_plus,146,SER,OG,11,69,0.15942028985507245
red,phi_plus,158,SER,OG,4,69,0.057971014492753624
red,phi_plus,148,SER,OG,3,69,0.043478260869565216
red,phi_plus,163,MET,CE,3,69,0.043478260869565216
red,phi_plus,197,ARG,CD,3,69,0.043478260869565216
red,phi_plus,62,TYR,OH,2,69,0.028985507246376812
red,phi_plus,142,SER,OG,2,69,0.028985507246376812
red,phi_plus,143,SER,OG,2,69,0.028985507246376812
red,phi_plus,147,SER,OG,2,69,0.028985507246376812
red,phi_plus,148,ASP,OD2,2,69,0.028985507246376812
red,phi_plus,160,MET,CE,2,69,0.028985507246376812
red,phi_plus,163,GLN,NE2,2,69,0.028985507246376812
red,phi_plus,164,HIS,NE2,2,69,0.028985507246376812
red,phi_plus,203,ILE,CG2,2,69,0.028985507246376812
red,phi_plus,8,MET,SD,1,69,0.014492753623188406
red,phi_plus,63,NRQ,CG2,1,69,0.014492753623188406
red,phi_plus,63,PRO,CB,1,69,0.014492753623188406
red,phi_plus,66,MCQ,CG2,1,69,0.014492753623188406
red,phi_plus,67,CH6,CB2,1,69,0.014492753623188406
red,phi_plus,70,LYS,NZ,1,69,0.014492753623188406
red,phi_plus,93,ARG,NH2,1,69,0.014492753623188406
red,phi_plus,142,ASP,OD1,1,69,0.014492753623188406
red,phi_plus,143,ASN,OD1,1,69,0.014492753623188406
red,phi_plus,143,HIS,CE1,1,69,0.014492753623188406
red,phi_plus,144,SER,OG,1,69,0.014492753623188406
red,phi_plus,158,THR,OG1,1,69,0.014492753623188406
red,phi_plus,160,GLU,OE2,1,69,0.014492753623188406
red,phi_plus,160,MET,SD,1,69,0.014492753623188406
red,phi_plus,163,GLU,OE1,1,69,0.014492753623188406
red,phi_plus,163,THR,OG1,1,69,0.014492753623188406
red,phi_plus,169,MET,CE,1,69,0.014492753623188406
red,phi_plus,197,HIS,CG,1,69,0.014492753623188406
red,phi_plus,197,ILE,CG2,1,69,0.014492753623188406
red,phi_plus,199,LEU,CB,1,69,0.014492753623188406
red,phi_plus,294,THR,OG1,1,69,0.014492753623188406
red,tau_minus,160,MET,CE,7,69,0.10144927536231885
red,tau_minus,146,SER,OG,6,69,0.08695652173913043
red,tau_minus,163,GLN,NE2,5,69,0.07246376811594203
red,tau_minus,163,MET,CE,5,69,0.07246376811594203
red,tau_minus,163,LYS,NZ,3,69,0.043478260869565216
red,tau_minus,62,TYR,OH,2,69,0.028985507246376812
red,tau_minus,148,ASP,OD2,2,69,0.028985507246376812
red,tau_minus,164,HIS,NE2,2,69,0.028985507246376812
red,tau_minus,164,MET,CE,2,69,0.028985507246376812
red,tau_minus,167,MET,CE,2,69,0.028985507246376812
red,tau_minus,197,HIS,CD2,2,69,0.028985507246376812
red,tau_minus,8,MET,CE,1,69,0.014492753623188406
red,tau_minus,63,NRQ,CB2,1,69,0.014492753623188406
red,tau_minus,66,MCQ,CG2,1,69,0.014492753623188406
red,tau_minus,67,CH6,CB2,1,69,0.014492753623188406
red,tau_minus,142,ASP,OD1,1,69,0.014492753623188406
red,tau_minus,142,SER,OG,1,69,0.014492753623188406
red,tau_minus,143,ASN,OD1,1,69,0.014492753623188406
red,tau_minus,143,HIS,CE1,1,69,0.014492753623188406
red,tau_minus,143,SER,OG,1,69,0.014492753623188406
red,tau_minus,146,GLU,CD,1,69,0.014492753623188406
red,tau_minus,146,GLU,CG,1,69,0.014492753623188406
red,tau_minus,158,SER,OG,1,69,0.014492753623188406
red,tau_minus,159,MET,CE,1,69,0.014492753623188406
red,tau_minus,160,GLU,OE2,1,69,0.014492753623188406
red,tau_minus,161,MET,SD,1,69,0.014492753623188406
red,tau_minus,163,GLU,OE1,1,69,0.014492753623188406
red,tau_minus,163,HIS,NE2,1,69,0.014492753623188406
red,tau_minus,163,THR,OG1,1,69,0.014492753623188406
red,tau_minus,165,MET,CE,1,69,0.014492753623188406
red,tau_minus,169,MET,CE,1,69,0.014492753623188406
red,tau_minus,177,VAL,CG1,1,69,0.014492753623188406
red,tau_minus,194,ARG,NH1,1,69,0.014492753623188406
red,tau_minus,197,ARG,CD,1,69,0.014492753623188406
red,tau_minus,197,HIS,CE1,1,69,0.014492753623188406
red,tau_minus,197,HIS,NE2,1,69,0.014492753623188406
red,tau_minus,199,LEU,CB,1,69,0.014492753623188406
red,tau_minus,230,MET,CE,1,69,0.014492753623188406
red,tau_minus,294,THR,OG1,1,69,0.014492753623188406
red,tau_plus,197,ILE,CG2,7,69,0.10144927536231885
red,tau_plus,146,SER,OG,6,69,0.08695652173913043
red,tau_plus,158,SER,OG,4,69,0.057971014492753624
red,tau_plus,203,ILE,CG2,4,69,0.057971014492753624
red,tau_plus,143,SER,OG,3,69,0.043478260869565216
red,tau_plus,148,SER,OG,3,69,0.043478260869565216
red,tau_plus,197,ARG,CD,3,69,0.043478260869565216
red,tau_plus,215,GLU,OE1,3,69,0.043478260869565216
red,tau_plus,62,TYR,OH,2,69,0.028985507246376812
red,tau_plus,142,SER,OG,2,69,0.028985507246376812
red,tau_plus,147,SER,OG,2,69,0.028985507246376812
red,tau_plus,148,ASP,OD2,2,69,0.028985507246376812
red,tau_plus,197,TYR,CB,2,69,0.028985507246376812
red,tau_plus,45,ARG,CD,1,69,0.014492753623188406
red,tau_plus,63,NRQ,CB2,1,69,0.014492753623188406
red,tau_plus,66,MCQ,CG2,1,69,0.014492753623188406
red,tau_plus,67,CH6,CB2,1,69,0.014492753623188406
red,tau_plus,142,ASP,OD1,1,69,0.014492753623188406
red,tau_plus,143,ASN,OD1,1,69,0.014492753623188406
red,tau_plus,143,HIS,CE1,1,69,0.014492753623188406
red,tau_plus,143,TRP,CD2,1,69,0.014492753623188406
red,tau_plus,144,SER,OG,1,69,0.014492753623188406
red,tau_plus,158,THR,OG1,1,69,0.014492753623188406
red,tau_plus,160,MET,CE,1,69,0.014492753623188406
red,tau_plus,163,THR,OG1,1,69,0.014492753623188406
red,tau_plus,174,HIS,CE1,1,69,0.014492753623188406
red,tau_plus,174,HIS,ND1,1,69,0.014492753623188406
red,tau_plus,194,ARG,CB,1,69,0.014492753623188406
red,tau_plus,197,ARG,CG,1,69,0.014492753623188406
red,tau_plus,197,HIS,CB,1,69,0.014492753623188406
red,tau_plus,199,LEU,CB,1,69,0.014492753623188406
red,tau_plus,216,GLU,OE1,1,69,0.014492753623188406
red,tau_plus,216,GLU,OE2,1,69,0.014492753623188406
red,tau_plus,294,THR,OG1,1,69,0.014492753623188406
unknown,phi_minus,62,THR,CG2,11,102,0.10784313725490197
unknown,phi_minus,203,THR,OG1,9,102,0.08823529411764706
unknown,phi_minus,148,HIS,NE2,5,102,0.049019607843137254
unknown,phi_minus,148,SER,OG,4,102,0.0392156862745098
unknown,phi_minus,66,Q2K,OB2,3,102,0.029411764705882353
unknown,phi_minus,148,HIS,CE1,3,102,0.029411764705882353
unknown,phi_minus,194,HIS,CG,2,102,0.0196078431372549
unknown,phi_minus,202,THR,CB,2,102,0.0196078431372549
unknown,phi_minus,203,THR,CB,2,102,0.0196078431372549
unknown,phi_minus,203,THR,CG2,2,102,0.0196078431372549
unknown,phi_minus,63,PHE,CD1,1,102,0.00980392156862745
unknown,phi_minus,64,A1BE5,CD2,1,102,0.00980392156862745
unknown,phi_minus,66,ARG,NH1,1,102,0.00980392156862745
unknown,phi_minus,67,CH6,CB2,1,102,0.00980392156862745
unknown,phi_minus,67,Q2K,OB2,1,102,0.00980392156862745
unknown,phi_minus,72,ARG,NH2,1,102,0.00980392156862745
unknown,phi_minus,141,SER,OG,1,102,0.00980392156862745
unknown,phi_minus,142,SER,OG,1,102,0.00980392156862745
unknown,phi_minus,143,SER,OG,1,102,0.00980392156862745
unknown,phi_minus,145,HIS,NE2,1,102,0.00980392156862745
unknown,phi_minus,145,SER,OG,1,102,0.00980392156862745
unknown,phi_minus,146,SER,OG,1,102,0.00980392156862745
unknown,phi_minus,147,SER,OG,1,102,0.00980392156862745
unknown,phi_minus,149,ASN,O,1,102,0.00980392156862745
unknown,phi_minus,151,VAL,CG2,1,102,0.00980392156862745
unknown,phi_minus,155,SER,OG,1,102,0.00980392156862745
unknown,phi_minus,157,SER,OG,1,102,0.00980392156862745
unknown,phi_minus,158,ASN,ND2,1,102,0.00980392156862745
unknown,phi_minus,158,THR,OG1,1,102,0.00980392156862745
unknown,phi_minus,161,THR,OG1,1,102,0.00980392156862745
unknown,phi_minus,163,ILE,CD1,1,102,0.00980392156862745
unknown,phi_minus,166,SER,OG,1,102,0.00980392156862745
unknown,phi_minus,192,LYS,CD,1,102,0.00980392156862745
unknown,phi_minus,193,ARG,CZ,1,102,0.00980392156862745
unknown,phi_minus,193,ARG,NH1,1,102,0.00980392156862745
unknown,phi_minus,194,HIS,CD2,1,102,0.00980392156862745
unknown,phi_minus,194,TYR,CE1,1,102,0.00980392156862745
unknown,phi_minus,195,HIS,CG,1,102,0.00980392156862745
unknown,phi_minus,197,ARG,CG,1,102,0.00980392156862745
unknown,phi_minus,197,ARG,CZ,1,102,0.00980392156862745
unknown,phi_minus,197,ARG,NH2,1,102,0.00980392156862745
unknown,phi_minus,197,ILE,CD1,1,102,0.00980392156862745
unknown,phi_minus,197,ILE,CG2,1,102,0.00980392156862745
unknown,phi_minus,197,TYR,CG,1,102,0.00980392156862745
unknown,phi_minus,199,ILE,CD1,1,102,0.00980392156862745
unknown,phi_minus,202,HIS,CD2,1,102,0.00980392156862745
unknown,phi_minus,203,CYS,SG,1,102,0.00980392156862745
unknown,phi_minus,203,GLU,CD,1,102,0.00980392156862745
unknown,phi_minus,203,GLU,CG,1,102,0.00980392156862745
unknown,phi_minus,203,HIS,CG,1,102,0.00980392156862745
unknown,phi_minus,203,TYR,CG,1,102,0.00980392156862745
unknown,phi_minus,215,GLU,OE1,1,102,0.00980392156862745
unknown,phi_plus,203,THR,CG2,17,102,0.16666666666666666
unknown,phi_plus,69,LEU,CD2,8,102,0.0784313725490196
unknown,phi_plus,148,HIS,NE2,5,102,0.049019607843137254
unknown,phi_plus,62,THR,CG2,4,102,0.0392156862745098
unknown,phi_plus,66,Q2K,OB2,3,102,0.029411764705882353
unknown,phi_plus,148,HIS,CE1,3,102,0.029411764705882353
unknown,phi_plus,148,SER,OG,3,102,0.029411764705882353
unknown,phi_plus,95,ARG,NH2,2,102,0.0196078431372549
unknown,phi_plus,197,ILE,CG2,2,102,0.0196078431372549
unknown,phi_plus,215,GLU,OE1,2,102,0.0196078431372549
unknown,phi_plus,223,GLU,OE2,2,102,0.0196078431372549
unknown,phi_plus,59,MET,SD,1,102,0.00980392156862745
unknown,phi_plus,64,A1BE5,CD2,1,102,0.00980392156862745
unknown,phi_plus,67,CH6,CB2,1,102,0.00980392156862745
unknown,phi_plus,67,Q2K,OB2,1,102,0.00980392156862745
unknown,phi_plus,142,SER,OG,1,102,0.00980392156862745
unknown,phi_plus,143,SER,OG,1,102,0.00980392156862745
unknown,phi_plus,145,HIS,NE2,1,102,0.00980392156862745
unknown,phi_plus,145,PHE,CE2,1,102,0.00980392156862745
unknown,phi_plus,145,SER,OG,1,102,0.00980392156862745
unknown,phi_plus,146,SER,OG,1,102,0.00980392156862745
unknown,phi_plus,147,SER,OG,1,102,0.00980392156862745
unknown,phi_plus,150,ALA,CB,1,102,0.00980392156862745
unknown,phi_plus,151,VAL,CG2,1,102,0.00980392156862745
unknown,phi_plus,158,ASN,ND2,1,102,0.00980392156862745
unknown,phi_plus,158,THR,OG1,1,102,0.00980392156862745
unknown,phi_plus,159,TYR,OH,1,102,0.00980392156862745
unknown,phi_plus,161,MET,SD,1,102,0.00980392156862745
unknown,phi_plus,161,THR,OG1,1,102,0.00980392156862745
unknown,phi_plus,164,PHE,CE2,1,102,0.00980392156862745
unknown,phi_plus,166,ILE,CD1,1,102,0.00980392156862745
unknown,phi_plus,166,SER,OG,1,102,0.00980392156862745
unknown,phi_plus,166,THR,O,1,102,0.00980392156862745
unknown,phi_plus,167,MET,CE,1,102,0.00980392156862745
unknown,phi_plus,192,LYS,CB,1,102,0.00980392156862745
unknown,phi_plus,192,LYS,CD,1,102,0.00980392156862745
unknown,phi_plus,193,ARG,CD,1,102,0.00980392156862745
unknown,phi_plus,194,HIS,ND1,1,102,0.00980392156862745
unknown,phi_plus,197,ARG,CG,1,102,0.00980392156862745
unknown,phi_plus,197,TYR,CD1,1,102,0.00980392156862745
unknown,phi_plus,199,HIS,ND1,1,102,0.00980392156862745
unknown,phi_plus,199,ILE,CD1,1,102,0.00980392156862745
unknown,phi_plus,199,ILE,CG2,1,102,0.00980392156862745
unknown,phi_plus,199,THR,CG2,1,102,0.00980392156862745
unknown,phi_plus,203,CYS,CB,1,102,0.00980392156862745
unknown,phi_plus,203,GLU,CD,1,102,0.00980392156862745
unknown,phi_plus,203,GLU,OE1,1,102,0.00980392156862745
unknown,phi_plus,203,HIS,ND1,1,102,0.00980392156862745
unknown,phi_plus,203,THR,OG1,1,102,0.00980392156862745
unknown,phi_plus,203,TYR,CD2,1,102,0.00980392156862745
unknown,phi_plus,208,GLU,OE2,1,102,0.00980392156862745
unknown,phi_plus,209,GLU,OE2,1,102,0.00980392156862745
unknown,phi_plus,222,GLU,OE2,1,102,0.00980392156862745
unknown,tau_minus,167,ILE,CD1,17,102,0.16666666666666666
unknown,tau_minus,145,PHE,CE2,6,102,0.058823529411764705
unknown,tau_minus,148,HIS,NE2,5,102,0.049019607843137254
unknown,tau_minus,148,HIS,CE1,4,102,0.0392156862745098
unknown,tau_minus,148,HIS,ND1,4,102,0.0392156862745098
unknown,tau_minus,62,THR,CG2,3,102,0.029411764705882353
unknown,tau_minus,201,LEU,CB,3,102,0.029411764705882353
unknown,tau_minus,59,THR,CG2,2,102,0.0196078431372549
unknown,tau_minus,65,THR,CG2,2,102,0.0196078431372549
unknown,tau_minus,66,Q2K,OB2,2,102,0.0196078431372549
unknown,tau_minus,145,GLU,CD,2,102,0.0196078431372549
unknown,tau_minus,159,LYS,NZ,2,102,0.0196078431372549
unknown,tau_minus,166,ILE,CD1,2,102,0.0196078431372549
unknown,tau_minus,167,MET,CE,2,102,0.0196078431372549
unknown,tau_minus,193,ARG,NH1,2,102,0.0196078431372549
unknown,tau_minus,201,LEU,CD1,2,102,0.0196078431372549
unknown,tau_minus,203,THR,OG1,2,102,0.0196078431372549
unknown,tau_minus,60,THR,CG2,1,102,0.00980392156862745
unknown,tau_minus,61,VAL,CG1,1,102,0.00980392156862745
unknown,tau_minus,63,LEU,CG,1,102,0.00980392156862745
unknown,tau_minus,63,PHE,CD1,1,102,0.00980392156862745
unknown,tau_minus,63,TYR,CD2,1,102,0.00980392156862745
unknown,tau_minus,64,A1BE5,CD2,1,102,0.00980392156862745
unknown,tau_minus,66,ARG,NH1,1,102,0.00980392156862745
unknown,tau_minus,67,CH6,CB2,1,102,0.00980392156862745
unknown,tau_minus,67,Q2K,OB2,1,102,0.00980392156862745
unknown,tau_minus,74,HIS,NE2,1,102,0.00980392156862745
unknown,tau_minus,143,SER,OG,1,102,0.00980392156862745
unknown,tau_minus,144,GLU,CG,1,102,0.00980392156862745
unknown,tau_minus,145,HIS,CE1,1,102,0.00980392156862745
unknown,tau_minus,145,HIS,NE2,1,102,0.00980392156862745
unknown,tau_minus,146,SER,OG,1,102,0.00980392156862745
unknown,tau_minus,151,VAL,CG2,1,102,0.00980392156862745
unknown,tau_minus,154,LEU,CD2,1,102,0.00980392156862745
unknown,tau_minus,161,MET,SD,1,102,0.00980392156862745
unknown,tau_minus,161,THR,OG1,1,102,0.00980392156862745
unknown,tau_minus,162,MET,CE,1,102,0.00980392156862745
unknown,tau_minus,163,GLN,NE2,1,102,0.00980392156862745
unknown,tau_minus,163,ILE,CG2,1,102,0.00980392156862745
unknown,tau_minus,164,LYS,NZ,1,102,0.00980392156862745
unknown,tau_minus,194,TYR,CE1,1,102,0.00980392156862745
unknown,tau_minus,197,ARG,CG,1,102,0.00980392156862745
unknown,tau_minus,197,ARG,CZ,1,102,0.00980392156862745
unknown,tau_minus,197,ARG,NH2,1,102,0.00980392156862745
unknown,tau_minus,199,ILE,CD1,1,102,0.00980392156862745
unknown,tau_minus,203,THR,CG2,1,102,0.00980392156862745
unknown,tau_minus,215,GLU,OE1,1,102,0.00980392156862745
unknown,tau_minus,401,PEG,C2,1,102,0.00980392156862745
unknown,tau_plus,203,THR,OG1,12,102,0.11764705882352941
unknown,tau_plus,203,THR,CG2,11,102,0.10784313725490197
unknown,tau_plus,148,HIS,NE2,6,102,0.058823529411764705
unknown,tau_plus,150,ALA,CB,6,102,0.058823529411764705
unknown,tau_plus,148,SER,OG,4,102,0.0392156862745098
unknown,tau_plus,66,Q2K,OB2,3,102,0.029411764705882353
unknown,tau_plus,148,HIS,CE1,3,102,0.029411764705882353
unknown,tau_plus,194,HIS,CB,3,102,0.029411764705882353
unknown,tau_plus,215,GLU,OE1,3,102,0.029411764705882353
unknown,tau_plus,146,SER,OG,2,102,0.0196078431372549
unknown,tau_plus,165,PHE,CZ,2,102,0.0196078431372549
unknown,tau_plus,173,PHE,CD2,2,102,0.0196078431372549
unknown,tau_plus,192,LYS,CB,2,102,0.0196078431372549
unknown,tau_plus,199,ILE,CG2,2,102,0.0196078431372549
unknown,tau_plus,202,THR,CG2,2,102,0.0196078431372549
unknown,tau_plus,203,GLU,CB,2,102,0.0196078431372549
unknown,tau_plus,223,GLU,OE2,2,102,0.0196078431372549
unknown,tau_plus,62,HIS,CB,1,102,0.00980392156862745
unknown,tau_plus,64,A1BE5,CD2,1,102,0.00980392156862745
unknown,tau_plus,67,CH6,CB2,1,102,0.00980392156862745
unknown,tau_plus,67,Q2K,OB2,1,102,0.00980392156862745
unknown,tau_plus,95,ARG,NH2,1,102,0.00980392156862745
unknown,tau_plus,141,SER,OG,1,102,0.00980392156862745
unknown,tau_plus,142,SER,OG,1,102,0.00980392156862745
unknown,tau_plus,143,SER,OG,1,102,0.00980392156862745
unknown,tau_plus,145,SER,OG,1,102,0.00980392156862745
unknown,tau_plus,147,SER,OG,1,102,0.00980392156862745
unknown,tau_plus,149,HIS,CE1,1,102,0.00980392156862745
unknown,tau_plus,157,SER,OG,1,102,0.00980392156862745
unknown,tau_plus,158,ASN,ND2,1,102,0.00980392156862745
unknown,tau_plus,158,THR,OG1,1,102,0.00980392156862745
unknown,tau_plus,159,TYR,OH,1,102,0.00980392156862745
unknown,tau_plus,165,TRP,CH2,1,102,0.00980392156862745
unknown,tau_plus,166,SER,OG,1,102,0.00980392156862745
unknown,tau_plus,177,PHE,CD2,1,102,0.00980392156862745
unknown,tau_plus,195,HIS,CB,1,102,0.00980392156862745
unknown,tau_plus,197,ARG,CG,1,102,0.00980392156862745
unknown,tau_plus,197,ILE,CG2,1,102,0.00980392156862745
unknown,tau_plus,202,HIS,CB,1,102,0.00980392156862745
unknown,tau_plus,203,ASP,OD2,1,102,0.00980392156862745
unknown,tau_plus,203,CYS,CB,1,102,0.00980392156862745
unknown,tau_plus,203,HIS,CB,1,102,0.00980392156862745
unknown,tau_plus,203,TYR,CD2,1,102,0.00980392156862745
unknown,tau_plus,205,ASN,ND2,1,102,0.00980392156862745
unknown,tau_plus,205,ASN,OD1,1,102,0.00980392156862745
yellow,phi_minus,203,TYR,CG,15,30,0.5
yellow,phi_minus,148,GLU,C,2,30,0.06666666666666667
yellow,phi_minus,37,TYR,CG,1,30,0.03333333333333333
yellow,phi_minus,55,PRO,CB,1,30,0.03333333333333333
yellow,phi_minus,66,ARG,NH2,1,30,0.03333333333333333
yellow,phi_minus,67,GLN,OE1,1,30,0.03333333333333333
yellow,phi_minus,149,ASN,O,1,30,0.03333333333333333
yellow,phi_minus,193,HIS,CG,1,30,0.03333333333333333
yellow,phi_minus,202,HIS,CD2,1,30,0.03333333333333333
yellow,phi_minus,202,TYR,CG,1,30,0.03333333333333333
yellow,phi_minus,203,PHE,CG,1,30,0.03333333333333333
yellow,phi_minus,203,TYR,CD2,1,30,0.03333333333333333
yellow,phi_minus,205,SER,OG,1,30,0.03333333333333333
yellow,phi_minus,206,TYR,CG,1,30,0.03333333333333333
yellow,phi_plus,203,TYR,CD2,9,30,0.3
yellow,phi_plus,203,TYR,CD1,4,30,0.13333333333333333
yellow,phi_plus,166,THR,O,2,30,0.06666666666666667
yellow,phi_plus,37,TYR,CD2,1,30,0.03333333333333333
yellow,phi_plus,62,THR,CG2,1,30,0.03333333333333333
yellow,phi_plus,67,GLN,OE1,1,30,0.03333333333333333
yellow,phi_plus,148,HIS,ND1,1,30,0.03333333333333333
yellow,phi_plus,170,ILE,CD1,1,30,0.03333333333333333
yellow,phi_plus,193,HIS,CB,1,30,0.03333333333333333
yellow,phi_plus,193,HIS,CE1,1,30,0.03333333333333333
yellow,phi_plus,195,ARG,CD,1,30,0.03333333333333333
yellow,phi_plus,202,TYR,CD2,1,30,0.03333333333333333
yellow,phi_plus,203,PHE,CD1,1,30,0.03333333333333333
yellow,phi_plus,203,TYR,CE1,1,30,0.03333333333333333
yellow,phi_plus,203,TYR,CE2,1,30,0.03333333333333333
yellow,tau_minus,167,ILE,CD1,5,30,0.16666666666666666
yellow,tau_minus,148,HIS,CD2,4,30,0.13333333333333333
yellow,tau_minus,148,HIS,ND1,4,30,0.13333333333333333
yellow,tau_minus,145,PHE,CE2,3,30,0.1
yellow,tau_minus,145,TYR,CE2,2,30,0.06666666666666667
yellow,tau_minus,59,MET,CE,1,30,0.03333333333333333
yellow,tau_minus,66,ARG,NH2,1,30,0.03333333333333333
yellow,tau_minus,67,GLN,OE1,1,30,0.03333333333333333
yellow,tau_minus,146,ASN,O,1,30,0.03333333333333333
yellow,tau_minus,146,HIS,ND1,1,30,0.03333333333333333
yellow,tau_minus,147,HIS,ND1,1,30,0.03333333333333333
yellow,tau_minus,157,TRP,CZ3,1,30,0.03333333333333333
yellow,tau_minus,166,THR,O,1,30,0.03333333333333333
yellow,tau_minus,170,ILE,CD1,1,30,0.03333333333333333
yellow,tau_minus,227,HIS,ND1,1,30,0.03333333333333333
yellow,tau_plus,203,TYR,CD2,8,30,0.26666666666666666
yellow,tau_plus,203,TYR,CB,6,30,0.2
yellow,tau_plus,203,TYR,CD1,3,30,0.1
yellow,tau_plus,37,TYR,CD2,1,30,0.03333333333333333
yellow,tau_plus,67,GLN,OE1,1,30,0.03333333333333333
yellow,tau_plus,148,GLU,N,1,30,0.03333333333333333
yellow,tau_plus,148,SER,OG,1,30,0.03333333333333333
yellow,tau_plus,149,ASN,O,1,30,0.03333333333333333
yellow,tau_plus,159,TYR,CE2,1,30,0.03333333333333333
yellow,tau_plus,193,HIS,CB,1,30,0.03333333333333333
yellow,tau_plus,195,ARG,CD,1,30,0.03333333333333333
yellow,tau_plus,202,HIS,CD2,1,30,0.03333333333333333
yellow,tau_plus,202,TYR,CD2,1,30,0.03333333333333333
yellow,tau_plus,203,PHE,CB,1,30,0.03333333333333333
yellow,tau_plus,206,TYR,CB,1,30,0.03333333333333333
