pdb_id,vdw_Thr203,vdw_Tyr203,d_vdw_T203Y,elec_Thr203_neutral,elec_Tyr203_neutral,d_elec_T203Y_neutral,elec_Thr203_anion,elec_Tyr203_anion,d_elec_T203Y_anion,tyr_stack_dist_A,tyr_stack_angle_deg
1B9C,2.547,-2.304,-4.851,0.12,0.006,-0.114,4.172,-2.077,-6.249,4.42,23.3
1C4F,-1.286,-2.887,-1.601,-0.106,-0.027,0.079,-6.845,-2.158,4.687,3.95,18.6
1EMA,1.192,-3.105,-4.297,0.451,-0.039,-0.491,4.418,-2.013,-6.431,3.88,14.1
1EMB,0.59,-2.459,-3.049,0.235,-0.02,-0.255,4.888,-1.933,-6.821,4.28,15.4
1EMC,-0.529,-1.728,-1.198,0.091,-0.02,-0.111,5.739,-1.707,-7.445,4.74,14.8
1EME,-1.301,-2.174,-0.872,-0.029,-0.022,0.006,-6.056,-1.68,4.376,4.49,21.1
1EMG,2.835,-3.182,-6.017,0.407,-0.031,-0.438,4.767,-2.065,-6.832,3.82,13.2
1EMK,0.684,-2.321,-3.005,0.298,-0.029,-0.327,6.277,-1.854,-8.131,4.33,12.7
1EML,0.339,-1.947,-2.285,0.095,-0.013,-0.108,6.923,-1.758,-8.681,4.56,16.1
1EMM,-0.874,-1.434,-0.559,0.034,-0.014,-0.048,6.297,-1.619,-7.915,4.91,14.9
1HCJ,0.234,-3.21,-3.444,0.526,-0.047,-0.573,3.536,-2.034,-5.57,3.78,14.8
1JC0,-1.241,-2.554,-1.312,0.026,-0.017,-0.043,-6.642,-1.943,4.699,4.3,19.3
1JC1,-0.508,-1.899,-1.391,0.023,-0.001,-0.024,-6.283,-1.829,4.454,4.7,23.6
1Q4A,1.573,-3.194,-4.767,0.505,-0.038,-0.543,4.475,-2.04,-6.515,3.79,14.5
1Q4B,-1.394,-2.701,-1.307,-0.099,-0.025,0.074,-5.911,-1.829,4.082,4.13,14.3
1Q4E,1.725,-3.231,-4.956,0.52,-0.035,-0.555,5.132,-2.006,-7.138,3.64,14.1
1QYF,2.544,-2.687,-5.232,0.42,-0.03,-0.45,7.208,-1.907,-9.115,4.13,16.6
1RMM,-0.502,-2.168,-1.666,0.159,-0.022,-0.181,4.949,-1.802,-6.751,4.43,12.7
1RMO,3.067,-2.807,-5.874,0.403,-0.029,-0.433,6.051,-1.977,-8.029,4.09,13.1
1RMP,-1.236,-1.831,-0.595,0.117,-0.023,-0.139,5.029,-1.727,-6.755,4.61,19.9
1RRX,7.259,-2.977,-10.236,0.496,-0.041,-0.536,5.65,-2.133,-7.783,3.54,14.9
1W7S,-1.322,-2.225,-0.903,-0.05,-0.019,0.032,-6.602,-1.852,4.75,4.44,19.9
1W7T,1.512,-2.522,-4.034,0.214,-0.021,-0.235,6.536,-1.873,-8.409,4.26,18.1
1W7U,0.192,-3.115,-3.307,0.328,-0.03,-0.358,4.367,-1.961,-6.328,3.9,14.4
2AH8,-1.451,-1.589,-0.138,-0.218,-0.011,0.206,2.596,-1.878,-4.475,4.96,26.0
2AHA,-1.302,-1.564,-0.262,-0.216,-0.015,0.201,3.63,-1.641,-5.271,4.84,19.0
2AWK,-1.332,-2.618,-1.286,-0.031,-0.021,0.01,-6.483,-1.877,4.606,4.2,14.8
2AWL,-0.237,-2.86,-2.623,0.303,-0.032,-0.335,4.924,-1.865,-6.789,4.04,12.6
2AWM,-0.099,-2.715,-2.616,0.356,-0.024,-0.38,5.507,-1.835,-7.342,4.11,13.0
2B3P,0.577,-3.129,-3.707,0.216,-0.018,-0.234,4.137,-1.982,-6.12,3.86,11.0
2B3Q,0.035,-1.266,-1.301,-0.311,-0.004,0.307,6.742,-1.641,-8.383,5.18,21.8
2DUE,-1.398,-2.566,-1.167,-0.12,-0.027,0.094,-5.146,-1.791,3.355,4.17,8.5
2DUF,-1.389,-1.789,-0.4,-0.13,-0.02,0.11,-5.242,-1.708,3.534,4.62,12.2
2DUG,-1.5,-2.143,-0.643,-0.176,-0.02,0.156,-5.408,-1.78,3.628,4.41,12.7
2DUH,-0.571,-3.131,-2.56,0.344,-0.04,-0.384,3.054,-1.946,-5.001,3.91,12.4
2DUI,-1.291,-2.323,-1.032,-0.075,-0.024,0.051,-4.612,-1.656,2.956,4.3,10.8
2FZU,-0.228,-2.81,-2.582,0.422,-0.036,-0.458,4.21,-1.926,-6.136,4.13,7.7
2HJO,0.146,-3.306,-3.452,0.435,-0.058,-0.493,3.478,-2.002,-5.48,3.78,11.2
2HPW,-0.013,-0.02,-0.007,-0.062,-0.016,0.047,-2.226,-0.592,1.635,11.45,36.5
2HQZ,0.01,-3.211,-3.221,0.407,-0.042,-0.449,4.482,-1.932,-6.414,3.86,10.8
2HRS,1.58,-3.194,-4.774,0.484,-0.057,-0.54,4.696,-2.067,-6.762,3.69,10.9
2OKW,-1.361,-1.925,-0.564,0.041,-0.008,-0.049,-6.085,-1.705,4.38,4.65,16.1
2OKY,-0.772,-2.953,-2.181,0.265,-0.021,-0.286,3.896,-1.865,-5.761,4.0,10.0
2Q6P,1.279,-3.148,-4.427,0.408,-0.038,-0.446,4.817,-1.974,-6.791,3.89,11.9
2QLE,-1.466,-1.273,0.193,-0.078,-0.002,0.076,0.69,-1.548,-2.238,5.09,18.9
2QRF,1.059,-1.978,-3.037,0.207,-0.077,-0.284,2.14,-2.004,-4.144,4.5,41.8
2QT2,-1.511,-2.927,-1.416,0.076,-0.008,-0.084,-5.985,-1.815,4.171,3.87,16.7
2QU1,1.852,-3.308,-5.16,0.485,-0.038,-0.524,5.277,-2.001,-7.279,3.76,11.5
2QZ0,-1.522,-2.385,-0.863,0.035,-0.012,-0.048,-6.894,-1.912,4.982,4.36,13.5
2RH7,-0.001,-0.004,-0.003,-0.019,-0.004,0.015,-0.607,-0.102,0.505,14.36,60.5
2WUR,0.854,-3.384,-4.237,0.434,-0.06,-0.494,3.888,-2.041,-5.929,3.72,10.0
2Y0G,1.266,-3.217,-4.483,0.462,-0.048,-0.51,4.069,-2.025,-6.094,3.72,15.1
3AI4,-1.4,-2.564,-1.164,-0.0,-0.022,-0.022,-6.428,-1.787,4.642,4.28,13.7
3AI5,-1.312,-2.332,-1.02,0.013,-0.019,-0.033,-6.431,-1.765,4.666,4.46,13.3
3CB9,-1.316,-1.87,-0.554,-0.005,-0.016,-0.011,-5.28,-1.612,3.668,4.62,14.4
3CBE,-1.385,-2.094,-0.709,0.052,-0.011,-0.063,-5.5,-1.607,3.893,4.55,16.4
3CD1,-1.328,-2.049,-0.721,-0.024,-0.021,0.003,-5.308,-1.628,3.68,4.51,14.0
3CD9,-1.357,-2.245,-0.888,0.048,-0.01,-0.058,-5.822,-1.677,4.145,4.46,18.3
3G9A,-1.368,-2.059,-0.691,0.057,-0.001,-0.058,-6.59,-1.841,4.749,4.51,18.8
3K1K,-1.547,-2.391,-0.845,0.004,-0.01,-0.014,-6.321,-1.89,4.431,4.28,14.0
3LVA,-1.328,-2.327,-0.999,-0.048,-0.031,0.017,-6.257,-1.775,4.482,4.42,13.3
3LVC,0.216,-2.582,-2.798,0.402,-0.048,-0.45,3.962,-1.971,-5.934,4.28,15.5
3LVD,-0.384,-2.073,-1.689,0.237,-0.025,-0.262,4.315,-1.857,-6.171,4.58,17.9
3OGO,0.731,-1.712,-2.443,0.46,-0.045,-0.505,2.944,-2.09,-5.034,3.41,18.0
3UFZ,-1.532,-1.455,0.077,-0.202,-0.011,0.191,3.276,-1.661,-4.937,4.98,16.7
3UG0,-0.342,-1.754,-1.412,0.081,-0.015,-0.097,6.154,-1.695,-7.849,4.72,16.1
3VHT,-1.305,-2.79,-1.485,-0.006,-0.022,-0.016,-6.4,-1.802,4.598,4.1,16.1
4BDU,-1.543,-2.894,-1.35,0.007,-0.022,-0.029,-6.307,-1.807,4.501,4.04,14.6
4EUL,1.701,-3.066,-4.767,0.491,-0.064,-0.555,4.074,-2.094,-6.168,3.56,12.3
4J8A,-1.353,-2.543,-1.189,-0.104,-0.025,0.08,-5.379,-1.753,3.627,4.18,4.4
4JRB,-0.966,-2.954,-1.988,-0.039,-0.035,0.004,-6.014,-1.777,4.238,3.95,16.4
4KA9,-1.377,-1.739,-0.361,0.022,-0.012,-0.035,-5.855,-1.721,4.135,4.79,20.1
4KAG,-0.042,-3.055,-3.012,0.413,-0.043,-0.456,4.785,-1.878,-6.663,3.94,14.7
4KEX,-1.33,-2.164,-0.834,-0.095,-0.029,0.066,-5.87,-1.773,4.097,4.45,15.0
4KW4,0.306,-3.363,-3.669,0.446,-0.048,-0.493,3.458,-2.044,-5.502,3.61,9.8
4KW8,-1.089,-2.139,-1.05,0.139,-0.021,-0.16,5.437,-1.63,-7.067,4.39,12.4
4KW9,-1.344,-2.172,-0.828,0.101,-0.003,-0.104,-5.176,-1.477,3.699,4.51,18.9
4L12,-1.286,-2.137,-0.85,-0.008,-0.019,-0.011,-6.56,-1.814,4.746,4.58,17.7
4L13,-1.343,-2.15,-0.807,-0.009,-0.018,-0.009,-6.506,-1.818,4.689,4.54,18.1
4L1I,-1.357,-2.113,-0.756,-0.02,-0.023,-0.003,-6.037,-1.736,4.301,4.57,15.2
4LQT,-1.278,-2.61,-1.332,-0.05,-0.028,0.022,-6.574,-1.889,4.684,4.22,15.9
4LQU,-1.444,-2.974,-1.53,-0.044,-0.026,0.018,-6.144,-1.864,4.28,3.99,12.8
4N3D,1.565,-3.251,-4.816,0.438,-0.05,-0.488,3.822,-2.094,-5.916,3.71,13.7
4P1Q,0.511,-3.304,-3.816,0.391,-0.039,-0.43,4.017,-1.993,-6.01,3.82,6.9
4PFE,0.363,-2.245,-2.607,0.123,-0.018,-0.141,5.214,-1.86,-7.074,4.44,19.2
4U2V,-1.554,-2.459,-0.905,0.033,-0.016,-0.049,-6.615,-1.863,4.751,4.33,9.9
4XL5,2.88,-3.209,-6.09,0.524,-0.056,-0.58,4.573,-2.105,-6.678,3.69,14.7
4XVP,0.182,-0.746,-0.928,0.405,-0.061,-0.466,1.434,-2.065,-3.5,3.4,21.0
4Z4K,0.281,-1.926,-2.207,-0.091,-0.008,0.082,6.404,-1.737,-8.142,4.65,18.6
4Z4M,-1.352,-1.315,0.037,-0.368,-0.006,0.362,3.929,-1.579,-5.508,5.22,16.3
5BT0,-1.302,-2.279,-0.976,-0.048,-0.023,0.025,-5.293,-1.677,3.616,4.39,18.2
5BTT,-1.403,-1.949,-0.546,-0.015,-0.009,0.006,-5.902,-1.755,4.147,4.6,17.4
5DPG,-1.566,-2.694,-1.129,0.027,-0.011,-0.038,-6.588,-1.871,4.717,4.17,13.8
5DPH,-1.244,-3.064,-1.82,0.293,-0.053,-0.346,1.317,-1.952,-3.269,3.82,12.0
5DPI,0.592,-2.458,-3.05,0.154,-0.024,-0.178,6.145,-1.826,-7.971,4.31,11.1
5DPJ,-1.552,-2.404,-0.852,0.083,-0.014,-0.097,1.733,-1.67,-3.403,4.32,18.0
5DY6,-1.592,-1.032,0.559,-0.097,-0.009,0.087,1.497,-1.654,-3.151,5.58,30.6
5EHU,1.791,-3.089,-4.881,0.502,-0.061,-0.562,3.655,-2.121,-5.776,3.64,15.4
5F9G,-0.001,-0.001,-0.0,-0.03,-0.01,0.021,-0.932,-0.293,0.639,17.6,88.2
5FGU,-1.515,-2.415,-0.9,0.072,-0.006,-0.078,-5.813,-1.704,4.11,4.32,8.5
5HBD,0.712,-2.996,-3.708,0.323,-0.026,-0.349,5.046,-1.915,-6.962,3.97,13.8
5HGE,0.855,-2.446,-3.301,0.235,-0.02,-0.255,5.738,-1.883,-7.621,4.3,13.1
5HW9,0.103,-3.334,-3.436,0.421,-0.045,-0.466,4.059,-1.984,-6.044,3.7,11.7
5HZO,-1.204,-3.345,-2.141,0.211,-0.013,-0.225,3.338,-1.624,-4.962,3.74,14.2
5JZK,-0.011,-3.084,-3.073,0.341,-0.039,-0.38,3.847,-1.967,-5.814,3.93,12.8
5JZL,-0.565,-3.162,-2.596,0.386,-0.042,-0.428,3.412,-1.934,-5.346,3.68,17.7
5KTG,0.984,-2.701,-3.684,-0.139,-0.013,0.127,6.829,-1.642,-8.471,3.68,12.7
5MA3,0.877,-3.161,-4.039,0.489,-0.058,-0.547,4.026,-2.038,-6.065,3.56,12.4
5MA4,1.383,-2.828,-4.211,0.502,-0.064,-0.566,3.771,-2.112,-5.883,3.47,12.7
5MA5,1.503,-2.509,-4.012,0.499,-0.056,-0.555,3.773,-2.091,-5.864,3.4,11.7
5MA6,-1.307,6.803,8.111,-0.331,0.082,0.413,-1.392,-1.911,-0.519,3.27,17.3
5MA9,0.977,-3.081,-4.057,0.502,-0.057,-0.559,4.097,-2.03,-6.127,3.52,13.0
5MAD,-0.081,-3.261,-3.181,0.45,-0.057,-0.508,3.657,-1.984,-5.641,3.68,13.9
5MAK,-0.167,-2.675,-2.508,0.434,-0.093,-0.527,2.147,-2.019,-4.165,3.54,10.5
5MSE,1.943,-3.298,-5.241,0.503,-0.046,-0.549,4.753,-2.066,-6.819,3.58,12.2
5NHN,-1.438,-1.859,-0.421,-0.032,-0.017,0.015,-7.076,-1.945,5.132,4.76,22.7
5NI3,4.451,-3.131,-7.582,-0.11,-0.032,0.078,-1.166,-1.958,-0.792,3.89,13.3
5WWK,-1.406,-2.781,-1.375,0.169,-0.027,-0.196,2.481,-1.712,-4.193,4.01,23.4
6AS9,-0.184,-3.154,-2.97,0.27,-0.028,-0.298,4.513,-1.91,-6.423,3.88,9.8
6B7R,0.71,-3.185,-3.895,0.399,-0.051,-0.451,4.265,-2.026,-6.292,3.65,6.2
6DQ0,3.161,-2.764,-5.924,0.259,-0.023,-0.282,6.745,-1.974,-8.719,4.11,13.3
6DQ1,2.437,-3.137,-5.574,0.463,-0.051,-0.514,4.911,-2.077,-6.988,3.77,16.1
6FWW,-1.195,-2.231,-1.036,-0.038,-0.023,0.015,-5.993,-1.751,4.243,4.46,19.8
6GO8,-1.552,-2.283,-0.731,0.022,-0.009,-0.031,-6.535,-1.879,4.656,4.41,13.5
6GO9,-0.82,-2.88,-2.059,0.011,-0.016,-0.027,2.36,-1.931,-4.291,4.05,9.6
6GQG,-0.113,-3.179,-3.066,0.276,-0.031,-0.307,4.225,-1.949,-6.175,3.87,10.4
6GQH,-1.654,-2.689,-1.034,0.045,-0.011,-0.056,-6.605,-1.933,4.672,4.18,11.0
6GRM,12.324,-2.541,-14.865,0.419,-0.032,-0.451,6.317,-2.235,-8.552,3.59,17.3
6H01,-0.0,-0.0,-0.0,-0.025,-0.008,0.018,-0.759,-0.228,0.531,25.72,87.9
6HUT,-0.005,-3.361,-3.356,0.423,-0.05,-0.473,3.615,-1.973,-5.588,3.64,12.5
6IR6,-0.262,-2.66,-2.398,0.124,-0.018,-0.142,5.944,-1.762,-7.707,4.13,18.3
6IR7,-0.779,-2.23,-1.451,-0.065,-0.017,0.048,0.544,-1.775,-2.319,4.4,14.7
6JGI,-0.65,-2.988,-2.337,-0.096,-0.037,0.059,-7.497,-2.095,5.402,3.91,19.0
6JGJ,-1.2,-2.864,-1.664,-0.064,-0.035,0.029,-7.337,-2.037,5.3,4.09,16.3
6KKZ,-0.955,-2.305,-1.349,-0.088,-0.027,0.061,-6.847,-1.993,4.853,4.39,19.7
6KL0,-0.922,-2.488,-1.566,-0.022,-0.022,-0.001,-7.241,-2.001,5.24,4.33,19.7
6KL1,-0.931,-3.19,-2.259,-0.181,-0.046,0.135,-6.658,-2.092,4.566,3.77,15.5
6KRG,-1.527,-2.263,-0.736,0.022,-0.008,-0.031,-7.172,-1.986,5.187,4.43,17.6
6L27,-1.276,-2.457,-1.181,0.225,-0.032,-0.257,3.05,-1.618,-4.668,4.25,11.9
6LR7,-1.309,-2.266,-0.957,-0.011,-0.021,-0.01,-5.587,-1.639,3.947,4.42,17.2
6QUH,-0.42,47.01,47.43,0.002,-0.038,-0.04,1.479,-0.528,-2.007,4.59,22.6
6QUI,-0.471,23.88,24.35,0.008,-0.053,-0.061,1.633,-0.555,-2.188,4.6,19.7
6QUJ,-0.482,41.21,41.692,0.013,-0.049,-0.062,1.587,-0.538,-2.125,4.55,22.3
6S67,-0.628,104.302,104.931,-0.013,-0.094,-0.081,1.009,-0.618,-1.626,4.25,26.8
6XZF,0.715,-3.157,-3.872,0.438,-0.041,-0.479,4.846,-1.963,-6.809,3.87,14.0
7A7K,-1.604,-3.225,-1.621,-0.122,-0.027,0.096,-4.766,-1.791,2.975,3.81,8.7
7A7L,-0.575,1184.803,1185.377,0.111,-0.277,-0.388,1.64,-0.581,-2.222,3.37,66.1
7CD7,-1.543,-2.444,-0.901,-0.011,-0.018,-0.007,-6.322,-1.845,4.478,4.3,13.1
7CD8,0.889,-3.243,-4.132,0.365,-0.031,-0.396,5.723,-1.91,-7.633,3.79,11.8
7E53,-1.292,-2.947,-1.655,0.224,-0.03,-0.254,3.04,-1.771,-4.811,3.97,14.4
7KM4,-1.444,-1.981,-0.537,0.061,0.0,-0.061,-6.35,-1.792,4.558,4.65,25.2
7PCA,-1.389,-1.946,-0.556,-0.054,-0.021,0.032,-6.713,-1.864,4.849,4.65,21.3
7PCZ,-1.389,-2.009,-0.62,-0.017,-0.018,-0.001,-6.278,-1.777,4.501,4.59,17.9
7PD0,-1.364,-1.867,-0.503,0.069,-0.006,-0.075,-5.622,-1.58,4.042,4.72,16.6
7SAH,-1.307,-2.224,-0.917,-0.038,-0.025,0.013,-6.068,-1.74,4.328,4.47,17.3
7SAI,-1.372,-2.132,-0.76,0.03,-0.016,-0.046,-5.718,-1.639,4.079,4.51,16.1
7Y96,-0.0,-0.0,-0.0,-0.011,-0.003,0.008,-0.333,-0.098,0.236,38.09,64.6
7YV3,-1.322,-2.179,-0.857,-0.148,-0.028,0.12,-5.347,-1.772,3.575,4.4,12.5
8BXP,-1.453,-2.466,-1.013,-0.183,-0.037,0.146,-7.34,-2.089,5.251,4.27,17.8
8C1X,-1.468,-2.488,-1.02,-0.207,-0.042,0.165,-6.748,-2.039,4.709,4.26,14.7
8DHR,0.372,-2.907,-3.279,0.447,-0.059,-0.506,3.071,-2.067,-5.138,3.57,15.6
8DPD,-1.493,-2.134,-0.64,-0.018,-0.014,0.004,-6.367,-1.845,4.522,4.49,12.5
8DTA,0.785,-3.462,-4.247,0.438,-0.058,-0.496,4.208,-2.007,-6.215,3.71,8.9
8G0I,-1.578,-2.378,-0.8,0.113,-0.009,-0.122,-5.383,-1.613,3.769,4.39,6.5
8JKC,-1.459,-2.514,-1.056,-0.051,-0.021,0.03,-6.078,-1.833,4.245,4.24,11.9
8JKG,-1.462,-2.644,-1.181,-0.075,-0.025,0.05,-5.733,-1.808,3.926,4.16,8.8
8JKI,-1.39,-2.204,-0.814,-0.043,-0.019,0.024,-5.89,-1.785,4.106,4.41,12.4
8JL2,-1.461,-2.501,-1.04,-0.068,-0.022,0.047,-5.718,-1.794,3.923,4.23,10.7
8JL5,-1.478,-2.371,-0.892,-0.064,-0.021,0.043,-5.542,-1.791,3.751,4.31,10.5
8JL6,-1.63,-3.148,-1.519,-0.077,-0.023,0.054,-6.711,-2.165,4.546,3.72,11.2
8JL7,-1.629,-2.841,-1.212,-0.031,-0.019,0.012,-6.514,-1.944,4.57,4.07,10.8
8JLL,-1.615,-2.706,-1.091,-0.074,-0.022,0.052,-6.02,-1.92,4.1,4.15,10.7
8JLM,-1.468,-1.031,0.437,-0.03,-0.014,0.016,0.819,-1.589,-2.408,5.49,23.4
8JLS,-1.653,-1.643,0.01,-0.05,-0.012,0.038,1.28,-1.741,-3.021,4.87,17.4
8JLT,4.329,-2.209,-6.538,-0.074,-0.015,0.059,8.618,-1.804,-10.422,4.46,12.0
8JLU,18.045,-0.552,-18.597,0.74,-0.062,-0.802,6.527,-2.34,-8.866,3.27,10.0
8QWJ,3.91,0.7,-3.21,0.567,-0.069,-0.637,4.369,-2.177,-6.546,3.23,14.0
8SFS,-0.345,-2.741,-2.396,-0.011,-0.023,-0.012,-6.697,-1.834,4.863,4.14,18.3
8SFV,-0.6,-2.606,-2.006,0.186,-0.018,-0.204,4.381,-1.839,-6.22,4.24,13.9
8SFX,0.595,-2.203,-2.798,0.122,-0.02,-0.142,6.709,-1.765,-8.475,4.48,16.9
8SFZ,-1.396,-2.331,-0.936,0.042,-0.012,-0.054,-6.07,-1.707,4.363,4.42,17.2
8SG3,-1.374,-2.18,-0.806,-0.071,-0.026,0.045,-5.927,-1.792,4.134,4.44,15.9
8SLC,-0.949,-2.911,-1.962,-0.076,-0.048,0.028,-6.155,-1.828,4.327,3.84,16.3
8ZUT,-1.363,-2.189,-0.826,-0.04,-0.02,0.02,-6.331,-1.821,4.51,4.48,17.6
9C74,2.76,-2.06,-4.82,0.519,-0.045,-0.563,4.856,-2.082,-6.938,3.49,20.3
9F22,-1.451,-3.005,-1.553,-0.025,-0.021,0.003,-5.498,-1.746,3.752,3.94,5.7
9F23,0.963,-3.23,-4.192,0.46,-0.075,-0.534,3.806,-2.078,-5.884,3.77,11.8
9F24,0.758,-3.111,-3.869,0.472,-0.049,-0.52,4.168,-1.991,-6.159,3.66,16.0
