color_class,resnum,resname,atomname,n_boundary_pts,n_structures,avg_pts_per_struct
blue,62,THR,CG2,337,9,37.44444444444444
blue,203,THR,CG2,269,9,29.88888888888889
blue,203,THR,OG1,102,9,11.333333333333334
blue,69,GLN,NE2,56,9,6.222222222222222
blue,150,VAL,CG2,34,9,3.7777777777777777
blue,222,GLU,OE2,33,9,3.6666666666666665
blue,69,GLN,CG,21,9,2.3333333333333335
blue,203,VAL,CG1,12,9,1.3333333333333333
blue,301,ZN,ZN,7,9,0.7777777777777778
blue,167,ILE,CD1,6,9,0.6666666666666666
blue,203,VAL,CB,4,9,0.4444444444444444
blue,203,VAL,CG2,3,9,0.3333333333333333
blue,222,GLU,OE1,3,9,0.3333333333333333
blue,301,CU,CU,3,9,0.3333333333333333
cyan,203,THR,CG2,129,32,4.03125
cyan,159,HIS,NE2,80,32,2.5
cyan,167,ILE,CD1,78,32,2.4375
cyan,203,THR,CB,68,32,2.125
cyan,62,THR,CG2,44,32,1.375
cyan,211,GLU,OE2,41,32,1.28125
cyan,163,HIS,NE2,29,32,0.90625
cyan,193,HIS,CB,26,32,0.8125
cyan,61,VAL,CG1,23,32,0.71875
cyan,142,SER,OG,22,32,0.6875
cyan,62,THR,CA,20,32,0.625
cyan,60,HIS,CD2,15,32,0.46875
cyan,148,ASP,OD2,13,32,0.40625
cyan,179,PHE,CE2,13,32,0.40625
cyan,145,TYR,CE2,12,32,0.375
cyan,198,THR,CG2,12,32,0.375
cyan,146,SER,OG,11,32,0.34375
cyan,148,SER,OG,9,32,0.28125
cyan,205,SER,OG,9,32,0.28125
cyan,215,GLU,OE1,9,32,0.28125
cyan,65,THR,CG2,8,32,0.25
cyan,143,SER,OG,8,32,0.25
cyan,193,HIS,CG,8,32,0.25
cyan,167,LEU,CD2,7,32,0.21875
cyan,194,LEU,CB,6,32,0.1875
cyan,199,HIS,ND1,6,32,0.1875
cyan,166,PHE,CE2,5,32,0.15625
cyan,193,HIS,CD2,5,32,0.15625
cyan,204,THR,CB,5,32,0.15625
cyan,206,SER,OG,5,32,0.15625
cyan,59,THR,CG2,4,32,0.125
cyan,146,ILE,CG2,4,32,0.125
cyan,165,PHE,CE2,4,32,0.125
cyan,193,HIS,ND1,4,32,0.125
cyan,199,HIS,CG,4,32,0.125
cyan,63,THR,CA,3,32,0.09375
cyan,63,THR,CG2,3,32,0.09375
cyan,150,VAL,CG1,2,32,0.0625
cyan,204,THR,CG2,2,32,0.0625
cyan,63,ASN,OD1,1,32,0.03125
cyan,194,LEU,CG,1,32,0.03125
cyan,198,THR,CB,1,32,0.03125
cyan,199,HIS,CB,1,32,0.03125
cyan,203,THR,OG1,1,32,0.03125
green,203,THR,OG1,1660,249,6.666666666666667
green,62,THR,CG2,1624,249,6.522088353413655
green,203,THR,CG2,1047,249,4.204819277108434
green,167,ILE,CD1,666,249,2.674698795180723
green,145,TYR,CE2,517,249,2.076305220883534
green,148,HIS,ND1,429,249,1.7228915662650603
green,159,MET,CE,349,249,1.4016064257028114
green,145,PHE,CE2,296,249,1.1887550200803212
green,204,THR,CG2,248,249,0.9959839357429718
green,193,HIS,CB,188,249,0.7550200803212851
green,203,THR,CB,171,249,0.6867469879518072
green,63,THR,CG2,163,249,0.6546184738955824
green,147,ASP,OD1,139,249,0.5582329317269076
green,195,ARG,CD,128,249,0.5140562248995983
green,203,CYS,CB,127,249,0.5100401606425703
green,204,THR,OG1,116,249,0.46586345381526106
green,145,PHE,CE1,103,249,0.41365461847389556
green,145,TYR,CE1,102,249,0.40963855421686746
green,222,GLU,OE2,101,249,0.40562248995983935
green,69,GLN,NE2,91,249,0.3654618473895582
green,149,HIS,ND1,91,249,0.3654618473895582
green,194,HIS,CB,90,249,0.3614457831325301
green,142,SER,OG,88,249,0.3534136546184739
green,201,THR,CG2,77,249,0.3092369477911647
green,154,LEU,CD2,70,249,0.28112449799196787
green,163,MET,CE,66,249,0.26506024096385544
green,168,ILE,CD1,63,249,0.25301204819277107
green,153,THR,OG1,58,249,0.23293172690763053
green,139,SER,OG,55,249,0.22088353413654618
green,146,TYR,CE2,52,249,0.20883534136546184
green,161,ILE,CD1,52,249,0.20883534136546184
green,192,LYS,CB,51,249,0.20481927710843373
green,148,HIS,NE2,50,249,0.20080321285140562
green,197,HIS,CB,49,249,0.19678714859437751
green,203,CYS,SG,47,249,0.18875502008032127
green,59,THR,CG2,46,249,0.18473895582329317
green,157,TRP,CZ3,43,249,0.17269076305220885
green,1167,ILE,CD1,43,249,0.17269076305220885
green,147,SER,OG,42,249,0.1686746987951807
green,95,PHE,CE2,41,249,0.1646586345381526
green,171,MET,CE,41,249,0.1646586345381526
green,1062,THR,CG2,40,249,0.1606425702811245
green,203,TYR,CD2,39,249,0.1566265060240964
green,148,SER,OG,37,249,0.14859437751004015
green,146,SER,OG,36,249,0.14457831325301204
green,162,ILE,CD1,36,249,0.14457831325301204
green,165,ILE,CD1,36,249,0.14457831325301204
green,54,THR,CG2,35,249,0.14056224899598393
green,55,PRO,CB,35,249,0.14056224899598393
green,146,TYR,CE1,35,249,0.14056224899598393
green,145,TYR,OH,34,249,0.13654618473895583
green,148,HIS,CD2,34,249,0.13654618473895583
green,193,HIS,CG,33,249,0.13253012048192772
green,150,VAL,CG2,32,249,0.1285140562248996
green,203,HIS,ND1,32,249,0.1285140562248996
green,207,PHE,CE2,32,249,0.1285140562248996
green,146,ILE,CD1,31,249,0.12449799196787148
green,143,MET,CE,29,249,0.11646586345381527
green,203,HIS,CB,29,249,0.11646586345381527
green,98,ASP,OD2,28,249,0.11244979919678715
green,192,LYS,CD,28,249,0.11244979919678715
green,204,ARG,CD,28,249,0.11244979919678715
green,205,THR,OG1,28,249,0.11244979919678715
green,1203,THR,CG2,28,249,0.11244979919678715
green,64,THR,CG2,27,249,0.10843373493975904
green,203,VAL,CG1,27,249,0.10843373493975904
green,1203,TYR,CD2,27,249,0.10843373493975904
green,13,THR,CG2,26,249,0.10441767068273092
green,170,THR,CG2,26,249,0.10441767068273092
green,197,ILE,CG2,26,249,0.10441767068273092
green,201,LEU,CB,26,249,0.10441767068273092
green,138,THR,OG1,25,249,0.10040160642570281
green,213,THR,CG2,25,249,0.10040160642570281
green,136,MET,CE,24,249,0.0963855421686747
green,1203,TYR,CE2,24,249,0.0963855421686747
green,143,TYR,CE2,23,249,0.09236947791164658
green,147,PHE,CE1,23,249,0.09236947791164658
green,197,ARG,NH2,23,249,0.09236947791164658
green,1203,THR,OG1,23,249,0.09236947791164658
green,62,THR,CA,22,249,0.08835341365461848
green,63,PRO,CB,22,249,0.08835341365461848
green,156,ARG,CD,22,249,0.08835341365461848
green,204,ALA,CB,22,249,0.08835341365461848
green,211,GLU,OE2,22,249,0.08835341365461848
green,54,HIS,CB,21,249,0.08433734939759036
green,152,LEU,CD2,21,249,0.08433734939759036
green,165,PHE,CZ,21,249,0.08433734939759036
green,203,ILE,CG2,21,249,0.08433734939759036
green,1145,PHE,CE2,21,249,0.08433734939759036
green,193,HIS,CD2,20,249,0.08032128514056225
green,197,HIS,CG,20,249,0.08032128514056225
green,203,TYR,CD1,20,249,0.08032128514056225
green,70,LEU,CD2,19,249,0.07630522088353414
green,159,GLU,OE1,19,249,0.07630522088353414
green,173,PHE,CD2,19,249,0.07630522088353414
green,190,LYS,CD,19,249,0.07630522088353414
green,192,TYR,CB,19,249,0.07630522088353414
green,198,HIS,CB,19,249,0.07630522088353414
green,95,ARG,NH2,18,249,0.07228915662650602
green,116,THR,OG1,18,249,0.07228915662650602
green,145,SER,OG,18,249,0.07228915662650602
green,157,TRP,NE1,18,249,0.07228915662650602
green,177,PHE,CD2,18,249,0.07228915662650602
green,204,THR,CB,18,249,0.07228915662650602
green,153,3YM,CD2,17,249,0.06827309236947791
green,201,ALA,CB,17,249,0.06827309236947791
green,203,TYR,CB,17,249,0.06827309236947791
green,269,THR,OG1,17,249,0.06827309236947791
green,1145,TYR,CE2,17,249,0.06827309236947791
green,69,GLN,CG,16,249,0.0642570281124498
green,72,THR,CG2,16,249,0.0642570281124498
green,80,ILE,CD1,16,249,0.0642570281124498
green,190,LYS,CB,16,249,0.0642570281124498
green,203,TYR,CG,16,249,0.0642570281124498
green,220,THR,CG2,16,249,0.0642570281124498
green,222,GLU,OE1,16,249,0.0642570281124498
green,55,PRO,CA,15,249,0.060240963855421686
green,98,HIS,ND1,15,249,0.060240963855421686
green,146,TRP,CE3,15,249,0.060240963855421686
green,158,SER,OG,15,249,0.060240963855421686
green,196,ARG,CD,15,249,0.060240963855421686
green,202,LEU,CD1,15,249,0.060240963855421686
green,203,HIS,CG,15,249,0.060240963855421686
green,13,THR,OG1,14,249,0.05622489959839357
green,146,PHE,CE1,14,249,0.05622489959839357
green,201,VAL,CG1,14,249,0.05622489959839357
green,227,TYR,CD2,14,249,0.05622489959839357
green,1203,TYR,CG,14,249,0.05622489959839357
green,28,ILE,CD1,13,249,0.05220883534136546
green,64,PRO,CA,13,249,0.05220883534136546
green,116,THR,CG2,13,249,0.05220883534136546
green,145,MET,SD,13,249,0.05220883534136546
green,173,PHE,CE2,13,249,0.05220883534136546
green,180,MET,CE,13,249,0.05220883534136546
green,192,ARG,CB,13,249,0.05220883534136546
green,195,ARG,CB,13,249,0.05220883534136546
green,201,LEU,CD1,13,249,0.05220883534136546
green,214,GLU,OE2,13,249,0.05220883534136546
green,222,PHE,CZ,13,249,0.05220883534136546
green,66,ARG,CZ,12,249,0.04819277108433735
green,136,THR,OG1,12,249,0.04819277108433735
green,146,ASP,OD2,12,249,0.04819277108433735
green,146,HIS,ND1,12,249,0.04819277108433735
green,154,ARG,NE,12,249,0.04819277108433735
green,196,HIS,CB,12,249,0.04819277108433735
green,214,HIS,ND1,12,249,0.04819277108433735
green,63,VAL,CG1,11,249,0.04417670682730924
green,163,GLN,CD,11,249,0.04417670682730924
green,216,THR,OG1,11,249,0.04417670682730924
green,52,THR,CG2,10,249,0.040160642570281124
green,69,LEU,CD2,10,249,0.040160642570281124
green,137,ASN,ND2,10,249,0.040160642570281124
green,204,VAL,CG1,10,249,0.040160642570281124
green,1148,HIS,ND1,10,249,0.040160642570281124
green,196,HIS,CD2,9,249,0.03614457831325301
green,1201,LEU,CB,9,249,0.03614457831325301
green,1203,TYR,CB,9,249,0.03614457831325301
green,124,THR,CG2,8,249,0.0321285140562249
green,136,MET,SD,8,249,0.0321285140562249
green,145,GLU,CD,8,249,0.0321285140562249
green,148,ASP,OD2,8,249,0.0321285140562249
green,151,VAL,CG2,8,249,0.0321285140562249
green,155,TYR,CE2,8,249,0.0321285140562249
green,158,TRP,CZ3,8,249,0.0321285140562249
green,177,ILE,CD1,8,249,0.0321285140562249
green,198,HIS,CG,8,249,0.0321285140562249
green,203,ILE,CD1,8,249,0.0321285140562249
green,203,TYR,CE2,8,249,0.0321285140562249
green,215,GLU,OE2,8,249,0.0321285140562249
green,227,TYR,CG,8,249,0.0321285140562249
green,301,CO2,O2,8,249,0.0321285140562249
green,64,THR,CB,7,249,0.028112449799196786
green,142,MET,CE,7,249,0.028112449799196786
green,144,GLU,CD,7,249,0.028112449799196786
green,145,GLU,CB,7,249,0.028112449799196786
green,145,YOF,CE2,7,249,0.028112449799196786
green,148,ASN,OD1,7,249,0.028112449799196786
green,149,HIS,CD2,7,249,0.028112449799196786
green,153,3YM,CB,7,249,0.028112449799196786
green,154,ARG,NH2,7,249,0.028112449799196786
green,159,MET,SD,7,249,0.028112449799196786
green,163,MET,SD,7,249,0.028112449799196786
green,165,PHE,CE2,7,249,0.028112449799196786
green,194,HIS,CG,7,249,0.028112449799196786
green,194,HIS,ND1,7,249,0.028112449799196786
green,216,THR,CG2,7,249,0.028112449799196786
green,224,HIS,CE1,7,249,0.028112449799196786
green,-15,HIS,CE1,6,249,0.024096385542168676
green,12,THR,CG2,6,249,0.024096385542168676
green,151,VAL,CG1,6,249,0.024096385542168676
green,163,GLN,NE2,6,249,0.024096385542168676
green,166,PHE,CZ,6,249,0.024096385542168676
green,97,ARG,NH2,5,249,0.020080321285140562
green,139,VAL,CG2,5,249,0.020080321285140562
green,148,GLU,CD,5,249,0.020080321285140562
green,153,3YM,CG,5,249,0.020080321285140562
green,160,HIS,ND1,5,249,0.020080321285140562
green,193,HIS,ND1,5,249,0.020080321285140562
green,215,THR,OG1,5,249,0.020080321285140562
green,1203,TYR,CD1,5,249,0.020080321285140562
green,59,THR,OG1,4,249,0.01606425702811245
green,61,VAL,CG1,4,249,0.01606425702811245
green,62,TYR,OH,4,249,0.01606425702811245
green,91,ARG,NH2,4,249,0.01606425702811245
green,146,PHE,CE2,4,249,0.01606425702811245
green,166,PHE,CE1,4,249,0.01606425702811245
green,168,LYS,NZ,4,249,0.01606425702811245
green,174,LEU,CD2,4,249,0.01606425702811245
green,192,ARG,CD,4,249,0.01606425702811245
green,192,TYR,CD2,4,249,0.01606425702811245
green,197,ILE,CD1,4,249,0.01606425702811245
green,201,LEU,CD2,4,249,0.01606425702811245
green,202,LEU,CB,4,249,0.01606425702811245
green,204,VAL,CG2,4,249,0.01606425702811245
green,211,PHE,CE2,4,249,0.01606425702811245
green,227,TYR,CE2,4,249,0.01606425702811245
green,306,GOL,O3,4,249,0.01606425702811245
green,1203,TYR,CZ,4,249,0.01606425702811245
green,14,THR,CG2,3,249,0.012048192771084338
green,61,LEU,CD1,3,249,0.012048192771084338
green,64,THR,OG1,3,249,0.012048192771084338
green,70,LEU,CD1,3,249,0.012048192771084338
green,91,ARG,CZ,3,249,0.012048192771084338
green,100,HIS,NE2,3,249,0.012048192771084338
green,144,SER,OG,3,249,0.012048192771084338
green,148,HIS,CE1,3,249,0.012048192771084338
green,153,THR,CG2,3,249,0.012048192771084338
green,155,THR,CG2,3,249,0.012048192771084338
green,159,GLN,NE2,3,249,0.012048192771084338
green,184,GLN,OE1,3,249,0.012048192771084338
green,212,GLU,OE2,3,249,0.012048192771084338
green,213,THR,CB,3,249,0.012048192771084338
green,224,VAL,CG1,3,249,0.012048192771084338
green,269,THR,CB,3,249,0.012048192771084338
green,61,THR,CG2,2,249,0.008032128514056224
green,63,VAL,CG2,2,249,0.008032128514056224
green,64,PRO,CB,2,249,0.008032128514056224
green,168,LYS,CE,2,249,0.008032128514056224
green,197,HIS,CD2,2,249,0.008032128514056224
green,197,HIS,ND1,2,249,0.008032128514056224
green,198,HIS,ND1,2,249,0.008032128514056224
green,203,HIS,CE1,2,249,0.008032128514056224
green,203,TYR,CE1,2,249,0.008032128514056224
green,225,VAL,CG1,2,249,0.008032128514056224
green,227,TYR,CB,2,249,0.008032128514056224
green,301,CO2,C,2,249,0.008032128514056224
green,1069,GLN,NE2,2,249,0.008032128514056224
green,119,ILE,CD1,1,249,0.004016064257028112
green,147,ASP,OD2,1,249,0.004016064257028112
green,150,HIS,ND1,1,249,0.004016064257028112
green,153,3YM,CD1,1,249,0.004016064257028112
green,162,MET,CE,1,249,0.004016064257028112
green,179,ILE,CD1,1,249,0.004016064257028112
green,193,HIS,CE1,1,249,0.004016064257028112
green,195,ARG,NH1,1,249,0.004016064257028112
green,197,HIS,CE1,1,249,0.004016064257028112
green,198,HIS,CD2,1,249,0.004016064257028112
green,201,THR,CB,1,249,0.004016064257028112
green,203,VAL,CB,1,249,0.004016064257028112
green,213,THR,OG1,1,249,0.004016064257028112
green,215,THR,CG2,1,249,0.004016064257028112
green,222,GLU,CD,1,249,0.004016064257028112
green,224,HIS,NE2,1,249,0.004016064257028112
green,269,THR,CG2,1,249,0.004016064257028112
green,1150,VAL,CG2,1,249,0.004016064257028112
orange,197,ILE,CG2,84,10,8.4
orange,163,LEU,CD2,42,10,4.2
orange,197,ILE,CD1,33,10,3.3
orange,163,MET,CE,31,10,3.1
orange,146,SER,OG,30,10,3.0
orange,63,PRO,CB,27,10,2.7
orange,143,MET,CE,25,10,2.5
orange,62,THR,CG2,10,10,1.0
orange,148,GLY,O,9,10,0.9
orange,165,ILE,CD1,9,10,0.9
orange,143,MET,SD,8,10,0.8
orange,167,ILE,CD1,8,10,0.8
orange,377,SER,OG,8,10,0.8
orange,146,GLY,O,7,10,0.7
orange,147,THR,CG2,6,10,0.6
orange,177,PHE,CZ,6,10,0.6
orange,394,MET,CE,6,10,0.6
orange,145,SER,CB,5,10,0.5
orange,203,THR,CG2,5,10,0.5
orange,163,ILE,CD1,4,10,0.4
orange,199,ILE,CD1,4,10,0.4
orange,201,THR,CG2,4,10,0.4
orange,177,PHE,CD2,3,10,0.3
orange,218,GLU,OE2,3,10,0.3
orange,428,ILE,CG2,3,10,0.3
orange,148,ALA,N,2,10,0.2
orange,150,ALA,CB,2,10,0.2
orange,163,ILE,CG1,2,10,0.2
orange,163,LEU,CD1,2,10,0.2
orange,177,VAL,CG1,2,10,0.2
orange,201,THR,CB,2,10,0.2
orange,95,ARG,CZ,1,10,0.1
orange,149,ASN,C,1,10,0.1
orange,163,MET,SD,1,10,0.1
orange,201,THR,OG1,1,10,0.1
orange,203,THR,CB,1,10,0.1
orange,203,THR,OG1,1,10,0.1
orange,428,ILE,CB,1,10,0.1
red,197,ILE,CG2,166,54,3.074074074074074
red,63,PRO,CB,133,54,2.462962962962963
red,146,SER,OG,130,54,2.4074074074074074
red,163,MET,CE,128,54,2.3703703703703702
red,160,MET,CE,96,54,1.7777777777777777
red,163,GLN,NE2,95,54,1.7592592592592593
red,203,ILE,CG2,87,54,1.6111111111111112
red,169,MET,CE,77,54,1.4259259259259258
red,163,LYS,NZ,75,54,1.3888888888888888
red,215,GLU,OE1,53,54,0.9814814814814815
red,197,SER,CB,47,54,0.8703703703703703
red,199,ARG,CD,37,54,0.6851851851851852
red,167,MET,CE,36,54,0.6666666666666666
red,197,ARG,CD,33,54,0.6111111111111112
red,143,SER,OG,32,54,0.5925925925925926
red,159,MET,CE,32,54,0.5925925925925926
red,197,ILE,CD1,32,54,0.5925925925925926
red,177,VAL,CG1,30,54,0.5555555555555556
red,146,GLU,CD,27,54,0.5
red,158,SER,OG,26,54,0.48148148148148145
red,163,HIS,NE2,25,54,0.46296296296296297
red,197,TYR,CG,25,54,0.46296296296296297
red,197,HIS,CD2,24,54,0.4444444444444444
red,164,MET,CE,21,54,0.3888888888888889
red,194,ARG,CD,21,54,0.3888888888888889
red,161,MET,SD,19,54,0.35185185185185186
red,174,HIS,ND1,19,54,0.35185185185185186
red,70,LYS,NZ,18,54,0.3333333333333333
red,197,TYR,CB,17,54,0.3148148148148148
red,143,TRP,CD2,16,54,0.2962962962962963
red,147,SER,OG,16,54,0.2962962962962963
red,148,ASP,OD2,16,54,0.2962962962962963
red,197,HIS,CG,16,54,0.2962962962962963
red,148,SER,OG,15,54,0.2777777777777778
red,160,GLU,OE2,15,54,0.2777777777777778
red,160,MET,SD,15,54,0.2777777777777778
red,165,MET,CE,15,54,0.2777777777777778
red,197,ARG,CG,15,54,0.2777777777777778
red,197,HIS,CB,15,54,0.2777777777777778
red,197,ARG,NE,14,54,0.25925925925925924
red,197,HIS,NE2,14,54,0.25925925925925924
red,45,ARG,CD,13,54,0.24074074074074073
red,221,GLU,OE2,13,54,0.24074074074074073
red,197,HIS,CE1,12,54,0.2222222222222222
red,199,LEU,CD2,12,54,0.2222222222222222
red,202,HIS,CB,12,54,0.2222222222222222
red,115,HIS,CB,11,54,0.2037037037037037
red,163,GLU,OE1,11,54,0.2037037037037037
red,174,PHE,CD2,11,54,0.2037037037037037
red,198,ARG,CD,11,54,0.2037037037037037
red,203,ILE,CD1,11,54,0.2037037037037037
red,93,ARG,NH2,10,54,0.18518518518518517
red,146,LEU,CD1,10,54,0.18518518518518517
red,193,ARG,CD,10,54,0.18518518518518517
red,194,ARG,CB,10,54,0.18518518518518517
red,142,SER,OG,9,54,0.16666666666666666
red,197,TYR,CD1,9,54,0.16666666666666666
red,8,MET,CE,8,54,0.14814814814814814
red,163,LYS,CE,8,54,0.14814814814814814
red,78,MET,CE,7,54,0.12962962962962962
red,164,HIS,NE2,7,54,0.12962962962962962
red,174,HIS,CE1,7,54,0.12962962962962962
red,174,PHE,CE2,7,54,0.12962962962962962
red,193,HIS,CB,7,54,0.12962962962962962
red,193,HIS,CG,7,54,0.12962962962962962
red,197,ARG,CZ,7,54,0.12962962962962962
red,8,MET,SD,6,54,0.1111111111111111
red,64,PRO,CB,6,54,0.1111111111111111
red,174,LEU,CD2,6,54,0.1111111111111111
red,194,ARG,NH1,6,54,0.1111111111111111
red,146,LEU,CD2,5,54,0.09259259259259259
red,78,MET,SD,4,54,0.07407407407407407
red,145,GLU,CD,4,54,0.07407407407407407
red,202,HIS,CD2,4,54,0.07407407407407407
red,95,ARG,CZ,3,54,0.05555555555555555
red,95,ARG,NH2,3,54,0.05555555555555555
red,115,HIS,CG,3,54,0.05555555555555555
red,143,HIS,CE1,3,54,0.05555555555555555
red,144,SER,OG,3,54,0.05555555555555555
red,145,GLU,CB,3,54,0.05555555555555555
red,145,GLU,CG,3,54,0.05555555555555555
red,148,GLU,OE1,3,54,0.05555555555555555
red,163,GLN,CD,3,54,0.05555555555555555
red,193,ARG,CB,3,54,0.05555555555555555
red,195,LEU,CD2,3,54,0.05555555555555555
red,211,GLU,OE2,3,54,0.05555555555555555
red,211,THR,CG2,3,54,0.05555555555555555
red,60,PRO,CB,2,54,0.037037037037037035
red,60,THR,CG2,2,54,0.037037037037037035
red,143,ASN,OD1,2,54,0.037037037037037035
red,143,TRP,CB,2,54,0.037037037037037035
red,159,ASN,ND2,2,54,0.037037037037037035
red,202,HIS,CE1,2,54,0.037037037037037035
red,214,GLU,OE2,2,54,0.037037037037037035
red,216,GLU,OE1,2,54,0.037037037037037035
red,216,GLU,OE2,2,54,0.037037037037037035
red,217,GLU,OE1,2,54,0.037037037037037035
red,145,GLU,OE2,1,54,0.018518518518518517
red,146,GLU,CG,1,54,0.018518518518518517
red,159,MET,SD,1,54,0.018518518518518517
red,197,TYR,CZ,1,54,0.018518518518518517
red,199,LEU,CB,1,54,0.018518518518518517
red,202,HIS,CG,1,54,0.018518518518518517
unknown,62,THR,CG2,377,80,4.7125
unknown,203,THR,CG2,324,80,4.05
unknown,203,THR,OG1,272,80,3.4
unknown,167,ILE,CD1,194,80,2.425
unknown,145,PHE,CE2,162,80,2.025
unknown,150,ALA,CB,74,80,0.925
unknown,69,LEU,CD2,69,80,0.8625
unknown,203,THR,CB,64,80,0.8
unknown,199,ILE,CG2,58,80,0.725
unknown,201,LEU,CB,52,80,0.65
unknown,177,PHE,CD2,44,80,0.55
unknown,197,ILE,CG2,40,80,0.5
unknown,192,LYS,CB,39,80,0.4875
unknown,59,THR,CG2,38,80,0.475
unknown,95,ARG,NH2,37,80,0.4625
unknown,148,HIS,ND1,36,80,0.45
unknown,148,SER,OG,36,80,0.45
unknown,173,LEU,CD2,35,80,0.4375
unknown,173,PHE,CD2,35,80,0.4375
unknown,154,LEU,CD2,32,80,0.4
unknown,163,ILE,CD1,31,80,0.3875
unknown,197,ARG,CZ,29,80,0.3625
unknown,162,MET,CE,28,80,0.35
unknown,163,ILE,CG2,28,80,0.35
unknown,165,PHE,CZ,28,80,0.35
unknown,193,ARG,NH1,28,80,0.35
unknown,203,CYS,CB,28,80,0.35
unknown,201,LEU,CD1,27,80,0.3375
unknown,199,ILE,CD1,26,80,0.325
unknown,179,PHE,CE2,25,80,0.3125
unknown,63,PHE,CD1,24,80,0.3
unknown,65,THR,CG2,22,80,0.275
unknown,194,HIS,CB,22,80,0.275
unknown,215,GLU,OE1,22,80,0.275
unknown,54,THR,CG2,21,80,0.2625
unknown,62,HIS,CB,21,80,0.2625
unknown,146,SER,OG,21,80,0.2625
unknown,203,GLU,CB,21,80,0.2625
unknown,148,GLU,CD,20,80,0.25
unknown,197,ARG,NH2,20,80,0.25
unknown,159,LYS,NZ,19,80,0.2375
unknown,163,GLN,NE2,19,80,0.2375
unknown,60,THR,CG2,18,80,0.225
unknown,203,TYR,CD2,18,80,0.225
unknown,205,ASN,ND2,18,80,0.225
unknown,205,ASN,OD1,18,80,0.225
unknown,63,PRO,CB,17,80,0.2125
unknown,196,HIS,CB,17,80,0.2125
unknown,199,THR,CG2,17,80,0.2125
unknown,192,LYS,CD,16,80,0.2
unknown,141,SER,OG,14,80,0.175
unknown,145,HIS,CE1,14,80,0.175
unknown,152,VAL,CG2,14,80,0.175
unknown,167,MET,CE,14,80,0.175
unknown,196,ILE,CD1,14,80,0.175
unknown,146,PHE,CE2,13,80,0.1625
unknown,173,PHE,CE1,13,80,0.1625
unknown,193,HIS,CB,13,80,0.1625
unknown,202,HIS,CB,13,80,0.1625
unknown,203,HIS,CB,13,80,0.1625
unknown,163,GLN,CD,12,80,0.15
unknown,172,PHE,CE2,12,80,0.15
unknown,193,HIS,CE1,12,80,0.15
unknown,63,TYR,CD2,11,80,0.1375
unknown,145,SER,OG,11,80,0.1375
unknown,145,TYR,CE2,11,80,0.1375
unknown,161,THR,OG1,11,80,0.1375
unknown,173,PHE,CE2,11,80,0.1375
unknown,194,HIS,ND1,11,80,0.1375
unknown,197,ILE,CD1,11,80,0.1375
unknown,203,GLU,CD,11,80,0.1375
unknown,63,LEU,CD2,10,80,0.125
unknown,145,GLU,CD,10,80,0.125
unknown,197,TYR,CB,10,80,0.125
unknown,199,HIS,CB,10,80,0.125
unknown,202,THR,CB,10,80,0.125
unknown,74,HIS,NE2,9,80,0.1125
unknown,158,ASN,ND2,9,80,0.1125
unknown,194,TYR,CE1,9,80,0.1125
unknown,196,HIS,CE1,9,80,0.1125
unknown,209,GLU,OE2,9,80,0.1125
unknown,139,VAL,CG2,8,80,0.1
unknown,142,CYS,SG,8,80,0.1
unknown,145,MET,CE,8,80,0.1
unknown,148,HIS,CE1,8,80,0.1
unknown,165,TRP,CH2,8,80,0.1
unknown,177,TYR,CB,8,80,0.1
unknown,194,HIS,CG,8,80,0.1
unknown,197,TYR,CG,8,80,0.1
unknown,63,LEU,CG,7,80,0.0875
unknown,142,SER,OG,7,80,0.0875
unknown,144,GLU,CD,7,80,0.0875
unknown,146,TRP,NE1,7,80,0.0875
unknown,157,SER,OG,7,80,0.0875
unknown,166,ILE,CD1,7,80,0.0875
unknown,166,SER,OG,7,80,0.0875
unknown,193,ARG,CD,7,80,0.0875
unknown,202,THR,CG2,7,80,0.0875
unknown,203,CYS,SG,7,80,0.0875
unknown,203,HIS,ND1,7,80,0.0875
unknown,67,ARG,NH1,6,80,0.075
unknown,146,PHE,CE1,6,80,0.075
unknown,177,TYR,CG,6,80,0.075
unknown,182,GLN,NE2,6,80,0.075
unknown,197,TYR,CD1,6,80,0.075
unknown,203,GLU,OE1,6,80,0.075
unknown,203,HIS,CG,6,80,0.075
unknown,223,GLU,OE2,6,80,0.075
unknown,63,TYR,CE2,5,80,0.0625
unknown,99,ARG,NH2,5,80,0.0625
unknown,145,PHE,CZ,5,80,0.0625
unknown,164,PHE,CE2,5,80,0.0625
unknown,171,VAL,CG1,5,80,0.0625
unknown,199,HIS,ND1,5,80,0.0625
unknown,208,GLU,OE2,5,80,0.0625
unknown,61,VAL,CG1,4,80,0.05
unknown,91,ARG,NH2,4,80,0.05
unknown,148,GLU,OE1,4,80,0.05
unknown,152,VAL,CG1,4,80,0.05
unknown,159,MET,SD,4,80,0.05
unknown,159,TYR,CE2,4,80,0.05
unknown,159,TYR,OH,4,80,0.05
unknown,161,MET,SD,4,80,0.05
unknown,193,ARG,CZ,4,80,0.05
unknown,193,HIS,CG,4,80,0.05
unknown,196,HIS,CG,4,80,0.05
unknown,202,HIS,CD2,4,80,0.05
unknown,203,TYR,CB,4,80,0.05
unknown,203,TYR,CG,4,80,0.05
unknown,212,GLU,OE2,4,80,0.05
unknown,66,ARG,NH1,3,80,0.0375
unknown,147,THR,CG2,3,80,0.0375
unknown,163,ILE,CG1,3,80,0.0375
unknown,163,MET,CE,3,80,0.0375
unknown,166,THR,O,3,80,0.0375
unknown,182,GLN,CD,3,80,0.0375
unknown,195,HIS,CB,3,80,0.0375
unknown,202,THR,OG1,3,80,0.0375
unknown,203,ASP,OD2,3,80,0.0375
unknown,215,GLU,OE2,3,80,0.0375
unknown,218,GLU,OE2,3,80,0.0375
unknown,62,HIS,CA,2,80,0.025
unknown,67,GLN,NE2,2,80,0.025
unknown,72,ARG,NH2,2,80,0.025
unknown,144,GLU,CB,2,80,0.025
unknown,144,GLU,CG,2,80,0.025
unknown,149,ASN,O,2,80,0.025
unknown,155,SER,OG,2,80,0.025
unknown,194,HIS,CD2,2,80,0.025
unknown,195,HIS,CG,2,80,0.025
unknown,203,TYR,CE2,2,80,0.025
unknown,221,GLU,OE2,2,80,0.025
unknown,223,GLU,CD,2,80,0.025
unknown,63,HIS,CE1,1,80,0.0125
unknown,63,HIS,ND1,1,80,0.0125
unknown,144,SER,OG,1,80,0.0125
unknown,159,LYS,CE,1,80,0.0125
unknown,160,MET,CE,1,80,0.0125
unknown,165,TYR,CE2,1,80,0.0125
unknown,177,PHE,CE2,1,80,0.0125
unknown,193,HIS,ND1,1,80,0.0125
unknown,197,ARG,CG,1,80,0.0125
unknown,197,TYR,CD2,1,80,0.0125
unknown,199,LEU,CB,1,80,0.0125
unknown,199,LEU,CD2,1,80,0.0125
unknown,203,GLU,CG,1,80,0.0125
unknown,203,HIS,CE1,1,80,0.0125
unknown,222,GLU,OE2,1,80,0.0125
yellow,203,TYR,CG,103,27,3.814814814814815
yellow,203,TYR,CD2,102,27,3.7777777777777777
yellow,62,THR,CG2,78,27,2.888888888888889
yellow,145,TYR,CE2,71,27,2.6296296296296298
yellow,203,TYR,CB,53,27,1.962962962962963
yellow,203,TYR,CD1,43,27,1.5925925925925926
yellow,148,HIS,ND1,41,27,1.5185185185185186
yellow,167,ILE,CD1,40,27,1.4814814814814814
yellow,145,PHE,CE2,36,27,1.3333333333333333
yellow,148,HIS,CD2,35,27,1.2962962962962963
yellow,159,TYR,CE2,23,27,0.8518518518518519
yellow,195,ARG,CD,19,27,0.7037037037037037
yellow,193,HIS,CB,18,27,0.6666666666666666
yellow,59,MET,CE,17,27,0.6296296296296297
yellow,157,TRP,CZ3,15,27,0.5555555555555556
yellow,143,PHE,CE2,14,27,0.5185185185185185
yellow,202,TYR,CD2,14,27,0.5185185185185185
yellow,144,TYR,CE2,11,27,0.4074074074074074
yellow,66,ARG,NH2,10,27,0.37037037037037035
yellow,146,HIS,ND1,10,27,0.37037037037037035
yellow,170,ILE,CD1,10,27,0.37037037037037035
yellow,202,TYR,CG,10,27,0.37037037037037035
yellow,203,PHE,CD1,9,27,0.3333333333333333
yellow,227,HIS,ND1,9,27,0.3333333333333333
yellow,59,MET,CG,8,27,0.2962962962962963
yellow,147,HIS,ND1,8,27,0.2962962962962963
yellow,148,SER,OG,8,27,0.2962962962962963
yellow,193,HIS,CE1,8,27,0.2962962962962963
yellow,206,TYR,CB,8,27,0.2962962962962963
yellow,206,TYR,CD2,8,27,0.2962962962962963
yellow,55,PRO,CB,7,27,0.25925925925925924
yellow,203,PHE,CG,7,27,0.25925925925925924
yellow,37,TYR,CD2,6,27,0.2222222222222222
yellow,166,THR,O,6,27,0.2222222222222222
yellow,195,ARG,CB,6,27,0.2222222222222222
yellow,203,ASP,CB,6,27,0.2222222222222222
yellow,203,PHE,CB,6,27,0.2222222222222222
yellow,206,TYR,CG,6,27,0.2222222222222222
yellow,37,TYR,CG,4,27,0.14814814814814814
yellow,63,THR,CG2,4,27,0.14814814814814814
yellow,148,GLU,C,4,27,0.14814814814814814
yellow,203,TYR,CE1,4,27,0.14814814814814814
yellow,141,THR,CG2,3,27,0.1111111111111111
yellow,149,ASN,O,3,27,0.1111111111111111
yellow,202,TYR,CB,3,27,0.1111111111111111
yellow,37,TYR,CB,2,27,0.07407407407407407
yellow,146,ASN,O,2,27,0.07407407407407407
yellow,148,GLU,N,2,27,0.07407407407407407
yellow,167,VAL,CG2,2,27,0.07407407407407407
yellow,193,HIS,CD2,2,27,0.07407407407407407
yellow,193,HIS,CG,2,27,0.07407407407407407
yellow,144,GLU,CD,1,27,0.037037037037037035
yellow,203,TYR,CE2,1,27,0.037037037037037035
