pdb_id,vdw_Tyr203,elec_Tyr203_neutral,elec_Tyr203_anion,tyr_stack_dist_A,tyr_stack_angle_deg
1MYW,-3.115,-0.016,-1.944,3.8,11.3
1YFP,-3.116,-0.018,-1.991,3.69,12.1
2JAD,-3.25,-0.051,-2.011,3.55,11.0
3DPW,-3.241,-0.02,-2.007,3.65,5.2
3DPX,-3.23,-0.031,-2.032,3.68,10.3
3DPZ,-2.973,-0.009,-1.833,3.63,12.7
3DQ1,-2.974,-0.018,-1.985,3.66,15.0
3DQ2,-3.188,-0.019,-1.909,3.69,11.4
3DQ3,-3.247,-0.016,-1.878,3.69,10.1
3DQ4,-3.243,-0.015,-1.919,3.7,8.3
3DQ5,-3.017,-0.018,-1.971,3.63,11.1
3DQ6,-3.249,-0.031,-1.999,3.66,8.8
3DQ7,-3.21,-0.037,-2.092,3.66,10.4
3DQ8,-3.051,-0.023,-1.959,3.62,10.2
3DQ9,-3.002,-0.024,-1.94,3.64,10.9
3DQA,-3.206,-0.02,-2.056,3.65,10.3
3DQC,-3.041,-0.022,-1.915,3.68,12.0
3DQD,-2.992,-0.025,-1.978,3.63,12.1
3DQE,-3.011,-0.038,-2.052,3.63,9.7
3DQF,-3.158,-0.016,-2.002,3.64,9.2
3DQH,-3.214,-0.022,-2.001,3.67,8.5
3DQI,-3.133,-0.02,-1.971,3.63,10.2
3DQJ,-2.967,-0.026,-1.999,3.65,14.5
3DQK,-3.035,-0.026,-2.047,3.61,8.6
3DQL,-2.915,-0.03,-1.993,3.66,13.6
3DQM,-3.124,-0.018,-2.025,3.61,8.0
3DQN,-3.18,-0.027,-2.017,3.64,8.3
3DQO,-3.193,-0.024,-2.154,3.6,5.9
3DQU,-3.133,-0.016,-1.959,3.64,11.0
3SRY,-3.213,-0.024,-2.057,3.65,6.3
3SS0,-3.213,-0.028,-2.016,3.58,7.4
3SSH,-3.176,-0.022,-2.075,3.62,5.1
3SSK,-3.304,-0.025,-2.059,3.6,3.8
3SSL,-3.249,-0.028,-2.006,3.57,3.8
3SSP,-3.364,-0.032,-2.009,3.66,7.7
3SST,-3.301,-0.027,-2.034,3.66,6.5
3SSV,-3.284,-0.025,-1.964,3.72,8.7
3SSY,-3.364,-0.036,-2.038,3.63,5.6
3ST0,-3.266,-0.044,-2.024,3.54,5.9
3SV5,-3.275,-0.029,-2.028,3.53,3.8
3SVB,-3.271,-0.032,-1.991,3.59,5.1
3SVC,-3.281,-0.035,-2.046,3.57,3.5
3SVD,-3.238,-0.034,-1.987,3.52,5.4
3SVE,-3.246,-0.029,-2.031,3.62,6.5
3W1D,-0.01,-0.011,-0.318,12.51,41.6
4HE4,-3.281,-0.055,-1.867,3.67,10.8
6HR1,-3.134,-0.03,-2.024,3.72,11.6
6VIO,-2.108,-0.017,-1.642,3.99,36.5
7UGR,-3.249,-0.037,-1.987,3.7,8.0
7UGS,-3.203,-0.021,-2.005,3.71,11.8
