fp_slug,fp_name,color_class,chromophore_code,chromophore_type,n_structures,pdb_ids,qy_curated,qy_provenance,tau_exp_deg,phi_exp_deg,f_allowed,f_allowed_folded,f_allowed_folded_065,A_allowed_deg2,d_exp_to_planar_deg,d_centroid_to_planar_deg,d_exp_to_centroid_deg,b_factor_ratio,barrel_minor_axis,barrel_eccentricity,barrel_length,resolution_A,r_factor,ex_max_nm,em_max_nm,stokes_shift_nm,n_cage_atoms,chrom_cage_contacts,f_allowed_I,f_allowed_P_folded,n_polar_O2_32,n_polar_OH_32,tau_canonical_deg,phi_canonical_deg,d_exp_to_planar_canonical_deg,seq_match_identity
3-ftyr-egfp,(3-F)Tyr-EGFP,green,MFC,MFC,1,1RRX,,unmatched,-0.2804284662612414,2.5950266281932386,0.0028935185185185,0.0028935185185185,0.0185185185185185,375.0,2.610134733250681,161.9881997227382,164.57372864422106,0.6997794471572503,28.522954142853084,0.454397848635199,47.330745098361966,2.1,0.225,488.0,507.0,19.0,1811.0,119.0,0.0,0.0416666666666666,2.0,3.0,-0.2804284662612414,2.5950266281932386,2.610134733250681,
a44-kr,A44-KR,unknown,CRQ,CRQ,1,4B30,,unmatched,-28.16264833118168,14.341437251342455,0.0025077160493827,0.0050154320987654,0.040895061728395,325.0,31.603980500247175,38.08362212052522,14.547251098516382,0.9184799964473712,30.03010427044969,0.3823884088277678,51.01050862000227,2.1,0.16548,,,,3896.0,167.0,0.0,0.1666666666666666,3.0,2.0,-28.16264833118168,14.341437251342455,31.603980500247175,
aausfp1,AausFP1,green,CRO,CRO,1,6S67,0.97,seq_match_99,-1.1984013173279653,4.543093860169961,0.0082947530864197,0.0127314814814814,0.0362654320987654,1075.0,4.698496306233243,159.36688919985562,166.3057758793669,0.8138435955729867,30.541696554692223,0.198031979043069,46.27472183170932,2.47,0.1824,395.0,509.0,114.0,7218.0,103.0,0.0277777777777777,0.3055555555555556,3.0,2.0,-1.1984013173279653,4.543093860169961,4.698496306233243,1.0
acegfp,aceGFP,green,GYS,GYS,1,3LVA,0.55,pdb_match,9.960656096939507,-10.379241965616243,0.0084876543209876,0.015432098765432,0.0327932098765432,1100.0,14.385525143779343,11.568394248394211,2.849600544330323,0.7256404440108204,30.41447313092909,0.6368099063745032,47.05876062887437,1.5,0.144,488.0,507.0,19.0,3863.0,105.0,0.0555555555555555,0.3333333333333333,2.0,2.0,9.960656096939507,-10.379241965616243,14.385525143779343,
adred,AdRed,unknown,XYG,XYG,1,6AA7,,unmatched,-1.8647148003961984,12.574266798611175,0.0040509259259259,0.0073302469135802,0.0347222222222222,525.0,12.711779844281132,8.700439094271283,0.4832195472785452,0.7845721047557772,26.639180776992045,0.6074339130740867,48.78978870174551,1.8,0.17662,,,,3596.0,106.0,0.0277777777777777,0.3055555555555556,2.0,1.0,-1.8647148003961984,12.574266798611175,12.711779844281132,
alphagfp,αGFP,green,GYS,GYS,17,4P1Q;6IR6;6IR7;6JGH;6JGI;6JGJ;6KKZ;6KL0;6KL1;6LR7;7CD7;7CD8;8ZUP;8ZUQ;8ZUR;8ZUS;8ZUT,0.79,seq_match_99,-6.278088400485213,2.9826183501542403,0.0086805555555555,0.0123456790123456,0.0362654320987654,1125.0,7.851618237132723,27.68960948222917,17.110132756360137,0.6309206470246077,30.01965106730027,0.4470112757830976,48.35384124925209,1.2,0.1362,488.0,507.0,19.0,2169.0,117.0,0.0416666666666666,0.3333333333333333,2.0,2.0,-6.278088400485213,2.9826183501542403,7.851618237132723,0.9955947136563876
amfp486,amFP486,cyan,CR7,CR7,1,2A46,0.24,pdb_match,1.7315983589675166,1.6583219489085366,0.0090663580246913,0.0150462962962962,0.0385802469135802,1175.0,2.3975955795360497,12.4439758085103,14.74678300150877,0.6999475177052454,28.13142980112405,0.471111726349305,47.38098963756603,1.65,0.165,439.0,476.0,37.0,1726.0,146.0,0.0277777777777777,0.1111111111111111,1.0,3.0,1.7315983589675166,1.6583219489085366,2.3975955795360497,
amfp506,amFP506,unknown,CR7,CR7,1,2A48,0.67,pdb_match,-0.1282239478863423,-0.6088945793918015,0.013503086419753,0.0192901234567901,0.0443672839506172,1750.0,0.6222491379056123,40.710131478822206,40.08887660906259,0.7846458475914981,27.776345748266188,0.4738652604680269,46.82646156243933,2.0,0.18,,,,1639.0,137.0,0.0416666666666666,0.2777777777777778,2.0,3.0,-0.1282239478863423,-0.6088945793918015,0.6222491379056123,
amfp515,amFP515,unknown,CR7,CR7,1,2A47,0.006,pdb_match,-162.03827366844857,-46.21491554750037,0.0140817901234567,0.0246913580246913,0.0493827160493827,1825.0,49.58267874845144,25.4081073519519,27.709828130338938,0.9681562575960164,26.94563216387533,0.4598640286938275,46.99427204568976,1.72,0.169,,,,1707.0,256.0,0.0694444444444444,0.3888888888888889,1.0,3.0,-162.03827366844857,-46.21491554750037,49.58267874845144,
amilcp,amilCP,unknown,CRQ,CRQ,1,7SWS,,unmatched,-177.16006554034885,-34.26462042142853,0.0123456790123456,0.0165895061728395,0.0497685185185185,1600.0,34.38210930643568,17.113085971800462,20.235932590831545,0.7986248412053081,27.78253051323728,0.5624873477960377,46.61885270016556,1.642,0.1943,,,,14029.0,141.0,0.0694444444444444,0.2222222222222222,1.0,2.0,-177.16006554034885,-34.26462042142853,34.38210930643568,
asfp499,asFP499,cyan,CRQ,CRQ,1,2C9I,,unmatched,0.450192148721896,-0.4683042714373187,0.0081018518518518,0.0162037037037037,0.0393518518518518,1050.0,0.6496013095871006,15.66749116332363,15.941932577613246,0.8787880864978005,30.11331745411732,0.3990540557886431,48.94183557522217,1.82,0.245,458.0,489.0,31.0,14227.0,110.0,0.0416666666666666,0.2222222222222222,2.0,3.0,0.450192148721896,-0.4683042714373187,0.6496013095871006,
asulcp,asulCP,green,CH6,CH6,1,1XQM,0.001,pdb_match,-158.9228969508033,-31.07565618520175,0.003858024691358,0.007716049382716,0.0293209876543209,500.0,37.54917682569519,60.96008327496406,89.2136531091957,0.902748039082754,28.41257290551178,0.6047777897481462,48.17540903486975,2.1,0.2137,488.0,507.0,19.0,1786.0,116.0,0.0138888888888888,0.1111111111111111,1.0,2.0,-158.9228969508033,-31.07565618520175,37.54917682569519,
avgfp,avGFP,green,GYS,GYS,4,1W7S;5AQB;5HZO;5LEM,0.79,seq_match_99,-7.813804032080039,3.6610968822495096,0.00935570987654315,0.01581790123456785,0.0387731481481481,1212.5,11.249983810469484,17.489985589904,16.154632160589294,0.7525381403790545,30.36091115185799,0.33708857335117337,49.44352642841581,2.17,0.1755,488.0,507.0,19.0,6112.0,106.0,0.0416666666666666,0.3472222222222222,2.0,1.0,-7.813804032080039,3.6610968822495096,11.249983810469484,0.991247222860645
avgfp509,avGFP509,green,CRO,CRO,1,1RMP,,unmatched,0.933027069371555,-0.4004799958029537,0.0063657407407407,0.0127314814814814,0.0482253086419753,825.0,1.0153441481677,3.149164883158467,2.2166208475305704,1.101635608097446,30.89237915296142,0.2021179107680832,46.25778910207556,3.0,0.225,488.0,507.0,19.0,1767.0,89.0,0.0416666666666666,0.3333333333333333,2.0,2.0,0.933027069371555,-0.4004799958029537,1.0153441481677,
avgfp510,avGFP510,green,CRO,CRO,1,1RMM,,unmatched,-2.0628836141492672,-1.0696181942893477,0.0131172839506172,0.0216049382716049,0.0513117283950617,1700.0,2.3236978906648567,11.343591424952605,9.29632096006147,0.9649614283795154,30.100899728611108,0.3457213901092125,47.29066245797355,1.9,0.193,488.0,507.0,19.0,1801.0,105.0,0.0555555555555555,0.4722222222222222,2.0,3.0,-2.0628836141492672,-1.0696181942893477,2.3236978906648567,
avgfp523,avGFP523,green,PIA,PIA,1,1H6R,,unmatched,-7.310253708142118,-4.201266840668779,0.0005787037037037,0.0011574074074074,0.0339506172839506,75.0,8.431515423926387,123.68523053488968,127.20620044527294,0.9469189303722408,30.847477744583863,0.2933872426557959,47.0827544046513,1.5,0.183,488.0,507.0,19.0,5599.0,141.0,0.0,0.0,2.0,2.0,-7.310253708142118,-4.201266840668779,8.431515423926387,
azamigreen,AzamiGreen,green,QYG,QYG,1,8I4J,0.67,seq_match_99,-0.6135574609127142,7.777323017917354,0.0067515432098765,0.0088734567901234,0.0277777777777777,875.0,7.801487427591534,175.03645068744515,179.03848930311858,0.6608498550099813,29.43410428323489,0.4513135140402623,49.15036117730209,1.62,0.1452,395.0,509.0,114.0,7265.0,155.0,0.0138888888888888,0.3055555555555556,2.0,2.0,-0.6135574609127142,7.777323017917354,7.801487427591534,1.0
azamired10,AzamiRed1.0,unknown,NRQ,NRQ,1,8I4K,0.65,pdb_match,-7.004038084787529,-1.3027184803110288,0.0042438271604938,0.0084876543209876,0.0231481481481481,550.0,7.124157840201055,178.51030791320602,177.16677686665415,1.2848511420697597,29.57621715692382,0.4052463843896696,49.84471699314711,1.84,,,,,10804.0,145.0,0.0,0.3888888888888889,2.0,3.0,-7.004038084787529,-1.3027184803110288,7.124157840201055,
bflogfpa1,bfloGFPa1,green,CR2,CR2,1,4DKN,1.0,seq_match_99,-0.0703541196857037,6.836110417268657,0.0109953703703703,0.0127314814814814,0.0339506172839506,1425.0,6.836472433883267,137.32037069602242,144.1542532078373,0.6849937731474176,29.97128212610921,0.3487501140021333,49.73558669038936,1.35,0.192,488.0,507.0,19.0,3386.0,97.0,0.0555555555555555,0.2222222222222222,3.0,2.0,-0.0703541196857037,6.836110417268657,6.836472433883267,1.0
bflogfpc1,bfloGFPc1,green,CR2,CR2,1,4DKM,0.0015,pdb_match,-0.3518594420047428,2.508213828998578,0.0044367283950617,0.0088734567901234,0.0489969135802469,575.0,2.5327735151228197,8.938410729332148,3.035762089905222,1.0171548946532476,30.27062101715461,0.3401770391607948,48.68619681276349,1.95,0.2932,488.0,507.0,19.0,13368.0,89.0,0.0138888888888888,0.4722222222222222,3.0,3.0,-0.3518594420047428,2.508213828998578,2.5327735151228197,
blue102,Blue102,green,0YG,0YG,1,3LF4,0.9,pdb_match,-90.34938091005854,-79.95793725466011,0.0106095679012345,0.011574074074074,0.0451388888888888,1375.0,120.12703789418076,107.40767013025658,19.12281909173505,1.3493419950982908,24.901492465297466,0.636441538668136,45.24782144998123,1.808,0.213,480.0,500.0,20.0,1882.0,62.0,0.0416666666666666,0.1666666666666666,4.0,1.0,-90.34938091005854,-79.95793725466011,120.12703789418076,
bruslee,BrUSLEE,unknown,CR2,CR2,1,8BVG,0.3,seq_match_99,-13.12938222425433,10.768995850779532,0.0133101851851851,0.0266203703703703,0.0578703703703703,1725.0,16.98092898591453,23.72841491113346,19.056162096440023,0.7493083189087257,30.43708889724375,0.3482340010713976,49.94577063253491,2.38,0.2027,,,,10942.0,92.0,0.0694444444444444,0.3333333333333333,1.0,1.0,-13.12938222425433,10.768995850779532,16.98092898591453,1.0
ccgfp-e6,ccGFP E6,green,C12,C12,1,8U21,,unmatched,-12.594905032828809,7.367764097651786,0.0046296296296296,0.0092592592592592,0.0281635802469135,600.0,14.591627071187892,14.70589904460354,8.243310834249884,1.002012078636033,29.24483373848666,0.421474505568515,47.76632029051615,1.96,0.1774,488.0,507.0,19.0,1685.0,118.0,0.0416666666666666,0.25,2.0,2.0,-12.594905032828809,7.367764097651786,14.591627071187892,
cegfp,cEGFP,green,CRO,CRO,1,3EVP,,unmatched,-20.797290222327025,12.528690269422896,0.0044367283950617,0.0088734567901234,0.0277777777777777,575.0,24.279525540233102,22.90425326318464,4.75005824546455,0.6254938183999572,30.057722770433617,0.2524307111163336,46.33525971184483,1.453,0.1321,488.0,507.0,19.0,1846.0,112.0,0.0416666666666666,0.3055555555555556,2.0,1.0,-20.797290222327025,12.528690269422896,24.279525540233102,
cerulean,Cerulean,green,CRF,CRF,7,2Q57;2WSO;4AS8;5OXA;5OXC;6QQA;6QQB,0.62,pdb_match,-5.255210666058888,6.387025267898963,0.0050154320987654,0.0050154320987654,0.0109953703703703,650.0,8.100436999915278,11.452957686720216,8.76843633812274,0.627796711509066,29.301194535480047,0.4266454918021771,53.33491100775373,1.16,0.13547,433.0,475.0,42.0,1954.0,131.0,0.0555555555555555,0.0694444444444444,2.0,0.0,-5.255210666058888,6.387025267898963,8.100436999915278,1.0
cgfp,CGFP,green,GYS,GYS,5,2WUR;4XVP;5MA3;5MA5;5MAK,0.14,seq_match_99,-3.804255427267511,8.53297161274486,0.0073302469135802,0.011574074074074,0.0540123456790123,950.0,9.342588715115529,15.598537089845127,18.194910197592737,0.6988063232222229,30.30129605694026,0.2677924261269892,47.614049350386,1.85,0.18519000000000002,488.0,507.0,19.0,8023.0,111.0,0.0277777777777777,0.4444444444444444,2.0,3.0,-3.80425542726751,8.53297161274486,9.342588715115529,0.9955947136563876
citrine,Citrine,green,CRO,CRO,27,1HUY;3DPW;3DPX;3DPZ;3DQ1;3DQ2;3DQ3;3DQ4;3DQ5;3DQ6;3DQ7;3DQ8;3DQ9;3DQA;3DQC;3DQD;3DQE;3DQF;3DQH;3DQI;3DQJ;3DQK;3DQL;3DQM;3DQN;3DQO;3DQU,0.76,pdb_match,-5.649734491166987,-5.235736102713247,0.0082947530864197,0.0150462962962962,0.0335648148148148,1075.0,9.364083747271575,15.533747986825297,7.639945743903116,0.7802852038086517,29.314373308415668,0.41939347462939,53.229414091198194,1.47,0.21029,516.0,529.0,13.0,1842.0,116.0,0.0555555555555555,0.2777777777777778,3.0,1.0,-5.649734491166987,-5.235736102713247,9.364083747271575,0.991304347826087
cjblue,cjBlue,unknown,CRQ,CRQ,2,2IB5;2IB6,0.0001,pdb_match,-19.42773765145195,-35.84602901682713,0.06780478395061725,0.10783179012345676,0.2758487654320988,8787.5,44.509662858191234,40.82122300158141,49.918496363714304,2.097056683291367,27.59889072071514,0.667431549934668,48.82337829255013,1.9,0.1965,,,,14442.0,124.0,0.18055555555555555,0.2777777777777778,1.0,1.0,-19.42773765145195,-35.84602901682713,44.509662858191234,1.0
clomeleon,Clomeleon,yellow,CR2,CR2,1,3SV5,,unmatched,-7.000305391479609,0.2204396768985361,0.0082947530864197,0.0162037037037037,0.0320216049382716,1075.0,7.003775355130222,11.026943304954797,4.437183625480302,0.679349930651691,31.23650095093366,0.2425868880110807,53.18576829965447,1.53,0.16,514.0,527.0,13.0,1888.0,114.0,0.0694444444444444,0.3055555555555556,2.0,2.0,-7.000305391479609,0.2204396768985361,7.003775355130222,
clover,Clover,green,CR2,CR2,1,5WJ2,0.76,pdb_match,0.1664192455598883,0.7333141550862479,0.0084876543209876,0.0088734567901234,0.0239197530864197,1100.0,0.7519607804550592,30.134232556870018,27.30697764276735,0.90010635375153,27.886074689194512,0.6237412156250027,62.49052420450744,2.409,0.193,488.0,507.0,19.0,3672.0,111.0,0.0277777777777777,0.25,1.0,2.0,0.1664192455598883,0.7333141550862479,0.7519607804550592,
cp-mkate,cp-mKate,red,NRQ,NRQ,1,3RWA,0.33,pdb_match,-6.238791487481834,18.25777175865022,0.0,0.0,0.0173611111111111,0.0,19.294267252612663,,,0.9932394404085358,28.72796999178667,0.579757993128436,50.279945506930886,1.67,0.182,588.0,633.0,45.0,14704.0,107.0,0.0,0.0,1.0,2.0,-6.238791487481834,18.25777175865022,19.294267252612663,
cpygfp,CpYGFP,green,CR2,CR2,2,2DD7;2DD9,0.53,pdb_match,1.588036635932712,1.981817221937277,0.00877700617283945,0.01446759259259255,0.02797067901234565,1137.5,2.6075316563245083,176.139678585517,176.2405586879421,0.6109520205048212,29.87698892530934,0.4004594873039273,46.640903924020954,2.0999999999999996,0.1945,488.0,507.0,19.0,5193.0,107.5,0.0138888888888888,0.3055555555555556,2.0,2.0,1.588036635932712,1.981817221937277,2.6075316563245083,0.9953271028037384
cypet,CyPet,cyan,CRF,CRF,1,3LA1,0.51,seq_match_99,-1.7744360443863152,3.178995939673229,0.0052083333333333,0.0052083333333333,0.009645061728395,675.0,3.6406920303805146,8.771604117677423,8.150789508228268,0.627677365010112,31.74501265417423,0.1104808824745145,53.48265562579681,1.29,0.12707,435.0,477.0,42.0,2004.0,116.0,0.0555555555555555,0.0833333333333333,2.0,0.0,-1.7744360443863152,3.178995939673229,3.6406920303805146,0.9957446808510638
degfp1,deGFP1,green,CRO,CRO,2,1JBY;1JBZ,0.16,pdb_match,-0.9954567450991167,1.6738319257586056,0.02189429012345675,0.028742283950617252,0.05729166666666665,2837.5,2.1368284572272898,17.857085359437555,15.981748199333872,0.8080535526050578,29.96273636109931,0.23264220553017373,45.94236225579263,1.65,0.1855,488.0,507.0,19.0,1750.5,109.5,0.0555555555555555,0.45833333333333337,2.0,1.5,-0.9954567450991167,1.6738319257586056,2.1368284572272898,
dendfp,dendFP,green,5SQ,5SQ,1,5EXB,0.65,seq_match_99,-29.512405261033145,28.068525624963996,0.015432098765432,0.0192901234567901,0.0339506172839506,2000.0,40.72866552013111,73.96739752249913,41.77634360671898,0.5853081745919793,29.429503902131515,0.59118969054803,57.535273536178096,1.81,0.1821,488.0,507.0,19.0,29246.0,136.0,0.0555555555555555,0.4444444444444444,3.0,1.0,-29.512405261033145,28.068525624963996,40.72866552013111,1.0
dendra2,Dendra2,green,5SQ,5SQ,1,2VZX,0.5,pdb_match,-2.712889287741195,5.905903688036062,0.0082947530864197,0.0123456790123456,0.0347222222222222,1075.0,6.4991896925616,165.1730955996735,175.16538442838618,0.5748110569752507,30.575517318787416,0.4994372467948876,55.14431977907985,2.0,0.21229,490.0,507.0,17.0,14579.0,142.0,0.0138888888888888,0.25,2.0,2.0,-2.712889287741195,5.905903688036062,6.4991896925616,
diogenes,Diogenes,unknown,NRQ,NRQ,1,8SXC,0.44,seq_match_99,5.196331598599956,0.8413082723803313,0.0,0.0,0.0158179012345679,0.0,5.2639967412398665,,,0.9883320314948968,29.522267842145585,0.4391310221821492,48.649093366006994,1.5,0.16089,,,,1877.0,115.0,0.0,0.0,2.0,2.0,5.196331598599956,0.8413082723803313,5.2639967412398665,0.9956331877729258
dkeima570,dKeima570,red,GYC,GYC,1,8YDO,0.15,seq_match_99,-11.945973396511262,23.866827878685285,0.009645061728395,0.0104166666666666,0.0339506172839506,1250.0,26.68954389608304,108.6811924643118,84.65992631615741,1.4675081043219724,27.726651848411283,0.6235552896372321,46.863219395910335,2.0,0.16152,440.0,620.0,180.0,6948.0,104.0,0.0555555555555555,0.1944444444444444,0.0,2.0,-11.945973396511262,23.866827878685285,26.68954389608304,0.9953917050691244
dreiklang,Dreiklang,unknown,CR2,CR2,2,3ST2;3ST4,0.41,pdb_match,-13.802814702217237,9.431305353003012,0.00472608024691355,0.00906635802469135,0.0353009259259259,612.5,16.7490962283188,17.09199244783296,6.7996577686179895,0.659482275296899,30.551881172940256,0.38347515771853014,48.2709259846395,1.95,,,,,5930.0,118.5,0.0347222222222222,0.1388888888888889,1.5,1.0,-13.802814702217237,9.431305353003012,16.7490962283188,
dronpa,Dronpa,green,GYC,GYC,10,2GX0;2GX2;2IE2;2IOV;2POX;2Z6Y;2Z6Z;4EMQ;5HZS;7RRK,0.85,pdb_match,-7.952750579498026,4.5411682613974875,0.0073302469135802,0.0106095679012345,0.0304783950617283,950.0,13.458184503654282,101.34867958053425,122.56421367473943,0.808357638942715,27.945686731816785,0.4985879857381456,46.90154504076713,1.9144999999999999,0.184365,495.5,512.5,17.0,10374.0,119.0,0.02083333333333325,0.2638888888888889,2.0,2.0,-7.952750579498026,4.5411682613974875,13.458184503654282,1.0
dronpa-2,Dronpa-2,green,KZV,KZV,8,6NQK;6NQL;6NQP;6NQQ;6NQR;6NQV;7RRH;7RRI,0.33,seq_match_99,-18.549990782666697,26.371283378503378,9.645061728395e-05,9.645061728395e-05,0.0200617283950617,12.5,32.435662037767074,84.40338859599946,91.11888940511152,0.8693940627603942,27.749299012609818,0.4933652584953592,46.238352721684905,2.4000000000000004,0.2205,503.0,518.0,15.0,13869.5,118.0,0.0,0.0,2.0,1.5,-18.549990782666697,26.371283378503378,32.435662037767074,0.9930447889750216
dsfp483,dsFP483,cyan,CRQ,CRQ,1,3CGL,0.46,pdb_match,-0.0824297187554752,-2.632309478214438,0.0046296296296296,0.007716049382716,0.0393518518518518,600.0,2.6335997888122016,25.057145613113452,22.42405023128428,1.0229696581671872,28.319530371309828,0.5112547294802152,53.92995845235851,2.09,0.18476,439.0,476.0,37.0,9098.0,135.0,0.0138888888888888,0.3333333333333333,2.0,3.0,-0.0824297187554752,-2.632309478214438,2.6335997888122016,
dsred,DsRed,red,CRQ,CRQ,6,1G7K;1GGX;1ZGO;1ZGP;1ZGQ;2H8Q,0.68,pdb_match,-0.5522345022947629,-1.9451553842489773,0.00839120370370365,0.01485339506172835,0.04687499999999995,1087.5,3.2629403471479983,166.4332847780954,168.3278454755703,0.9892743703217468,28.338070465877557,0.5145240237699531,46.43374914844837,1.9,0.193,558.0,583.0,25.0,7156.0,131.0,0.0069444444444444,0.4027777777777778,2.0,3.0,-0.5522345022947629,-1.9451553842489773,3.2629403471479983,0.9953917050691244
dsred-max,DsRed-Max,red,NRQ,NRQ,1,2V4E,0.41,pdb_match,6.291281008565194,-14.873186292818446,0.0084876543209876,0.0131172839506172,0.0416666666666666,1100.0,16.14905220839959,177.0496929487598,162.0784043166998,1.074401210189066,28.82896729828737,0.482046937595927,46.388123212490285,2.4,0.22,558.0,583.0,25.0,14206.0,119.0,0.0138888888888888,0.4166666666666667,2.0,3.0,6.291281008565194,-14.873186292818446,16.14905220839959,
dsredm1,DsRed.M1,red,CRQ,CRQ,2,2VAD;8WGP,0.14,pdb_match,7.352459484067785,10.54168796139085,0.035204475308641896,0.0480324074074074,0.1001157407407407,4562.5,20.764914037756963,158.79547726473987,156.4358159330592,1.63313968098036,27.294178510903834,0.5106313346669172,47.0358467750527,2.245,0.176,554.0,581.0,27.0,2643.5,178.0,0.04166666666666665,0.48611111111111116,1.0,2.0,7.352459484067785,10.54168796139085,20.764914037756963,1.0
dsredt4,DsRed.T4,red,CRQ,CRQ,1,2VAE,0.44,pdb_match,5.681594214446069,-5.8211892431147305,0.0092592592592592,0.0165895061728395,0.0613425925925925,1200.0,8.134295115237817,177.8805908958157,171.97721035918477,1.242628721889856,27.097004659673384,0.4713427831680627,46.50759643927421,1.64,0.162,558.0,583.0,25.0,14881.0,288.0,0.0138888888888888,0.3888888888888889,3.0,3.0,5.681594214446069,-5.8211892431147305,8.134295115237817,
ecfp,ECFP,cyan,CRF,CRF,3,2WSN;5OX8;5T3I,0.4,pdb_match,-6.617957789922135,6.858654423265989,0.0065586419753086,0.0065586419753086,0.0125385802469135,850.0,9.530923659697276,12.937096537292655,8.3033229421899,0.7488417886909549,29.73418042447754,0.4418494759636543,46.951629283383895,1.37,0.134,439.0,476.0,37.0,1938.0,127.0,0.0694444444444444,0.0833333333333333,2.0,0.0,-6.6179577899221345,6.858654423265989,9.530923659697276,1.0
eforcp,eforCP,unknown,NRQ,NRQ,1,7SWT,0.16,pdb_match,-23.3677192096184,3.2904293899709955,0.0007716049382716,0.0015432098765432,0.0200617283950617,100.0,23.59824626174483,20.155644370746373,4.091346361276819,1.049457784846288,28.615869009726023,0.4984353017130049,46.2655015039102,2.005,0.209,,,,7094.0,119.0,0.0138888888888888,0.1388888888888889,1.0,2.0,-23.367719209618393,3.2904293899709955,23.59824626174483,
egfp,EGFP,green,CRO,CRO,9,2Y0G;3OGO;4EUL;4KA9;5MA4;5MAD;5N9O;9F22;9F24,0.6,pdb_match,-3.6762185305254698,4.285926055030416,0.0073302469135802,0.0131172839506172,0.0397376543209876,950.0,11.596014753988934,11.746139567443622,13.931110799620308,0.6758524026014057,30.05891381964117,0.4292588216777307,49.547561225579976,1.53,0.1706,488.0,507.0,19.0,2785.0,116.0,0.0277777777777777,0.3333333333333333,2.0,3.0,-3.6762185305254698,4.285926055030416,11.596014753988934,1.0
egfp203c,eGFP203C,green,CRO,CRO,1,2OKY,,unmatched,-3.1325029130688167,-0.2408721338223074,0.0133101851851851,0.0227623456790123,0.0574845679012345,1725.0,3.141750130936046,6.736443229789584,4.237912810296943,0.7094116469630045,30.07937479839817,0.3612363346321557,46.430159838193546,2.4,0.2251,488.0,507.0,19.0,3536.0,104.0,0.0416666666666666,0.4444444444444444,2.0,3.0,-3.1325029130688167,-0.2408721338223074,3.141750130936046,
egfp205c,eGFP205C,green,CRO,CRO,1,2OKW,,unmatched,-1.8530506836851377,-0.4891414146881629,0.0131172839506172,0.0204475308641975,0.0378086419753086,1700.0,1.9165218913096325,5.54881450072588,4.48503191156936,0.7331195622948399,30.278664852874822,0.2196652994711777,46.169852562455,1.9,0.2323,488.0,507.0,19.0,10624.0,107.0,0.0555555555555555,0.4166666666666667,2.0,2.0,-1.8530506836851377,-0.4891414146881629,1.9165218913096325,
enhanced-cyan-emitting-gfp,Enhanced Cyan-Emitting GFP,cyan,CRF,CRF,1,1CV7,,unmatched,34.64550029533548,-36.299928729103954,0.0003858024691358,0.0003858024691358,0.0248842592592592,50.0,50.17963248622011,43.660622991432454,17.540202615336558,0.5174254090813529,29.79276843077311,0.397298141953785,52.56238967807992,2.5,0.186,434.0,476.0,42.0,1728.0,107.0,0.0,0.0,4.0,0.0,34.64550029533548,-36.299928729103954,50.17963248622011,
eqfp611,eqFP611,red,NRQ,NRQ,1,1UIS,0.45,pdb_match,-176.18400773401947,-7.081621018336648,0.0017361111111111,0.0034722222222222,0.0158179012345679,225.0,8.044324286189026,4.702662468701007,7.9520272861031325,0.8305571615128814,28.549588016861257,0.5056102264578057,48.07061718479864,2.0,0.2135,558.0,583.0,25.0,3594.0,138.0,0.0138888888888888,0.0,2.0,2.0,-176.18400773401947,-7.081621018336648,8.044324286189026,
eqfp611-v124t,eqFP611 V124T,red,NRQ,NRQ,1,3E5T,0.42,pdb_match,-174.29755342086676,-9.277373373323456,0.0017361111111111,0.0034722222222222,0.0374228395061728,225.0,10.889791260438365,7.849558516739759,5.856235806336256,0.6900509504038624,30.46878238851727,0.3590577213527204,48.00178779188461,1.1,0.116,559.0,611.0,52.0,2076.0,132.0,0.0138888888888888,0.0,1.0,2.0,-174.29755342086676,-9.277373373323456,10.889791260438365,
eqfp650,eqFP650,red,NRQ,NRQ,1,4EDO,0.24,pdb_match,-0.5352868835279474,21.68483535340243,0.0009645061728395,0.001929012345679,0.0212191358024691,125.0,21.69144108518033,30.413812651491096,9.43798846748732,1.0314668463301706,29.092981530719097,0.4866861405451415,49.00021350597025,1.8,0.189,558.0,583.0,25.0,3657.0,124.0,0.0138888888888888,0.0,1.0,2.0,-0.5352868835279474,21.68483535340243,21.69144108518033,
eqfp670,eqFP670,red,NRQ,NRQ,1,4EDS,0.06,pdb_match,-1.8620094157143363,13.909930064197823,0.0003858024691358,0.0007716049382716,0.0324074074074074,50.0,14.034002759550935,167.79824194549835,178.98357563489787,0.9264939848215116,26.96699964883036,0.6705990848050669,49.14322380867011,1.6,0.1796,558.0,583.0,25.0,3943.0,138.0,0.0,0.0,1.0,2.0,-1.8620094157143363,13.909930064197823,14.034002759550935,
eyfp,EYFP,yellow,CR2,CR2,6,3SSP;3SST;3SSV;3SVE;3W1C;6ZQO,0.67,seq_match_99,0.16472208582695916,-7.66113053071669,0.0023148148148148,0.0046296296296296,0.0335648148148148,300.0,11.854226195681232,15.365360028678573,7.178609991292479,0.7351667299359395,30.14445896345542,0.34158662469204504,52.95733314703976,1.56,0.16515,514.0,527.0,13.0,1861.5,118.0,0.0138888888888888,0.06944444444444445,2.0,2.0,0.16472208582695916,-7.66113053071669,11.854226195681232,0.9912280701754386
fold6,FOLD6,unknown,CR2,CR2,1,7UGT,0.73,pdb_match,-1.5236748313684534,1.1934425846733632,0.0084876543209876,0.0119598765432098,0.0397376543209876,1100.0,1.9354302350272203,123.43889610875392,128.33907509277412,0.6889564715028728,29.44363874001679,0.4429984226988197,51.8251744368906,1.21,0.1458,,,,1914.0,109.0,0.0277777777777777,0.3333333333333333,3.0,2.0,-1.5236748313684534,1.1934425846733632,1.9354302350272203,
folding-reporter-gfp,Folding Reporter GFP,green,CRO,CRO,3,2B3Q;2FWQ;2FZU,0.72,pdb_match,-1.063666484944975,-5.650195118868254,0.0144675925925925,0.0177469135802469,0.033179012345679,1875.0,7.495070459028669,121.51161264105959,95.99246255381513,0.7385325706492639,30.51566695987332,0.363365872037387,53.97158703153968,1.4,0.142,488.0,507.0,19.0,1894.0,104.0,0.0,0.3888888888888889,2.0,3.0,-1.063666484944975,-5.650195118868254,7.495070459028669,0.9935437324256327
frskylan-s,frSkylan-S,green,5SQ,5SQ,1,6YLS,0.8,seq_match_99,-1.158000140603856,3.850448157964365,0.0073302469135802,0.0104166666666666,0.0293209876543209,950.0,4.020810284359327,24.251744696450498,27.910010105376735,0.6373463407494308,29.13739030602177,0.3690511741092209,46.34854635615012,1.55,0.1857,506.0,516.0,10.0,1796.0,157.0,0.0277777777777777,0.3055555555555556,2.0,2.0,-1.158000140603856,3.850448157964365,4.020810284359327,1.0
gamillus,Gamillus,unknown,QYG,QYG,4,6J1A;6J1B;6J1C;6JXF,0.9,seq_match_99,-4.0700772757687345,-16.113709520787452,0.006655092592592549,0.013310185185185099,0.0538194444444444,862.5,16.893870842081245,66.43240529058231,58.590081506188724,0.9338247449023993,28.305704981168624,0.5030513964673111,44.615826848867,1.975,0.15275,,,,1829.5,119.0,0.034722222222222154,0.0833333333333333,1.0,2.0,-4.0700772757687345,-16.113709520787452,16.893870842081245,0.9956331877729259
gcamp2,GCaMP2,green,CRO,CRO,1,3EVR,,unmatched,-19.554671071323767,16.553655369302618,0.0065586419753086,0.0123456790123456,0.0339506172839506,850.0,25.62047358643683,26.747552780019575,5.2298187346820715,0.4947154712989753,38.40573875596876,0.6576598325395663,71.62121864945206,2.0,0.1628,488.0,507.0,19.0,3192.0,110.0,0.0416666666666666,0.3333333333333333,2.0,3.0,-19.554671071323767,16.553655369302618,25.62047358643683,
gfascp,gfasCP,unknown,CRQ,CRQ,1,7SWR,,unmatched,-177.08738849266638,-25.692497737426265,0.0152391975308641,0.0258487654320987,0.0555555555555555,1975.0,25.857063750169043,12.937660337438194,15.746679560207964,0.83395795635612,28.55957394704934,0.4947691870729235,46.632104890728286,1.388,0.1621,,,,1818.0,142.0,0.0694444444444444,0.3055555555555556,2.0,2.0,-177.08738849266638,-25.692497737426265,25.857063750169043,
gfp-s65t,GFP (S65T),green,CRO,CRO,5,1C4F;1EMA;1EMG;1Q4A;1Q4B,0.64,pdb_match,-3.9547527139399694,2.575678442806435,0.0086805555555555,0.015432098765432,0.0374228395061728,1125.0,5.287329200302435,20.53701123304228,20.521347191673343,0.6731338343182883,29.59656860989763,0.334921749835185,47.33422995518808,1.9,0.19,488.0,507.0,19.0,1763.0,111.0,0.0277777777777777,0.3611111111111111,2.0,3.0,-3.9547527139399694,2.575678442806435,5.287329200302435,
gfpmut2,GFPmut2,green,PIA,PIA,3,6GO8;6GO9;6GQG,0.73,seq_match_99,-4.298809047312051,-3.2225412035815566,0.0109953703703703,0.0165895061728395,0.0474537037037037,1425.0,4.965202373941669,11.913268722087624,5.640106050736999,0.7013983100813879,30.801855264008307,0.3566885165244204,52.56342200035007,1.672,0.161,488.0,507.0,19.0,1904.0,98.0,0.0416666666666666,0.4166666666666667,2.0,3.0,-4.298809047312051,-3.2225412035815566,4.965202373941669,0.9913793103448276
gfpmut3,GFPmut3,green,CR2,CR2,4,3VHT;8SFV;8SFZ;8SLC,0.39,seq_match_99,-3.277060106082545,-1.855622932394553,0.0094521604938271,0.01581790123456785,0.038580246913580196,1225.0,6.738755906993163,10.14722287885251,8.060960165898159,0.7940009563338566,30.20835204756297,0.3530167659444564,48.683781440373664,2.15,0.19887,488.0,507.0,19.0,5055.5,101.0,0.0416666666666666,0.3472222222222222,2.0,2.0,-3.277060106082545,-1.855622932394553,6.738755906993163,0.9955947136563876
hcred,HcRed,red,CRU,CRU,1,1YZW,0.015,pdb_match,-174.33183670727072,-47.23873565289455,0.0084876543209876,0.009645061728395,0.0482253086419753,1100.0,47.57758107761568,151.03561757471743,102.8874987408576,1.0513252202770331,29.61890703990129,0.3894633602540894,46.75913606728707,2.1,0.2233,558.0,583.0,25.0,7114.0,122.0,0.0416666666666666,0.1944444444444444,1.0,2.0,-174.33183670727072,-47.23873565289455,47.57758107761568,
hcred7,HcRed7,red,CRU,CRU,1,6DEJ,0.08,pdb_match,-9.716271976615843,4.8049737117704865,0.0055941358024691,0.0092592592592592,0.0300925925925925,725.0,10.839451715579337,177.8579069761404,172.67766822850115,1.0177848024884149,29.894852399396672,0.4736773336166675,49.60325242070567,1.6279,0.178,590.0,637.0,47.0,7276.0,123.0,0.0,0.25,2.0,2.0,-9.716271976615843,4.8049737117704865,10.839451715579337,
hyperfolder-yfp,Hyperfolder YFP,yellow,CR2,CR2,1,7UGR,0.6,pdb_match,-4.724382863834427,-2.6247185991873607,0.007716049382716,0.0142746913580246,0.0393518518518518,1000.0,5.4045296899001665,7.483303431627838,2.5281342618685096,0.7434078753146292,28.47717457636534,0.5524391602002031,47.381858825763935,1.74,0.2015,514.0,527.0,13.0,1836.0,115.0,0.0555555555555555,0.3055555555555556,2.0,2.0,-4.724382863834427,-2.6247185991873607,5.4045296899001665,
irisfp,IrisFP,unknown,5SQ,5SQ,6,2VVH;2VVI;2VVJ;5FVF;5FVG;5FVI,0.43,pdb_match,-14.863358062577522,20.520480669120573,0.01485339506172835,0.0208333333333333,0.045717592592592546,1925.0,27.397900896741433,36.30089034935175,10.576025480576632,0.8175333511435918,29.240722177080464,0.44832358751838985,50.28909950394251,2.0,0.18556,488.0,516.0,28.0,7471.0,144.0,0.0694444444444444,0.2777777777777778,2.5,3.0,-14.863358062577522,20.520480669120573,27.397900896741433,
katushka,Katushka,red,NRQ,NRQ,2,3PJ5;3PJ7,0.34,pdb_match,-84.8681205300539,-4.276545117584206,0.0005787037037037,0.0011574074074074,0.01890432098765425,75.0,12.895510830843696,23.91029741982688,6.486868050078784,0.8892649902659326,27.505472003867432,0.5613311710402462,48.16943330644054,1.725,0.19145,558.0,583.0,25.0,5484.0,195.0,0.0,0.01388888888888885,1.5,1.5,-84.8681205300539,-4.276545117584206,12.895510830843696,
kcy,KCY,unknown,GYS,GYS,1,2ZO6,0.85,pdb_match,4.210846225403376,0.2372874161565903,0.0109953703703703,0.0150462962962962,0.0381944444444444,1425.0,4.217526674706408,134.64860438351442,135.06362539953355,0.7561945379229177,28.212207573444942,0.4438035306792738,46.059686075898185,1.4,,,,,1693.0,139.0,0.0416666666666666,0.2222222222222222,2.0,3.0,4.210846225403376,0.2372874161565903,4.217526674706408,
kcy-r1,KCY-R1,unknown,GYS,GYS,1,2ZO7,0.75,pdb_match,6.007554572032683,-0.113312966298082,0.0165895061728395,0.0250771604938271,0.0489969135802469,2150.0,6.008623117177689,85.1166105536895,85.47300640888973,0.9763061195776372,28.26026233471925,0.548223557311481,45.65829932946119,1.58,,,,,1726.0,129.0,0.0694444444444444,0.25,2.0,3.0,6.007554572032683,-0.113312966298082,6.008623117177689,
kikg,KikG,unknown,DYG,DYG,1,1XSS,0.68,pdb_match,-0.5987317326480941,2.2216930821389553,0.0094521604938271,0.013503086419753,0.0277777777777777,1225.0,2.300956287916807,165.75537047411228,167.96011772033353,0.6466813378555605,29.521964117265483,0.4785827037735583,48.020037282265314,1.6,0.197,,,,3621.0,141.0,0.0138888888888888,0.3055555555555556,3.0,2.0,-0.5987317326480941,2.2216930821389553,2.300956287916807,
killerorange,KillerOrange,unknown,4M9,4M9,1,4ZFS,0.42,pdb_match,-174.14059883861546,-18.201152430329245,0.0146604938271604,0.0146604938271604,0.03125,1900.0,19.121049441966164,19.69584472799808,5.350721851068185,0.905842600104676,29.735376200712583,0.4611422141435177,56.38862077169525,2.01,0.1919,,,,9196.0,132.0,0.1666666666666666,0.0972222222222222,3.0,0.0,-174.14059883861546,-18.201152430329245,19.121049441966164,
killerred,KillerRed,unknown,CRQ,CRQ,3,2WIQ;3GB3;3GL4,0.25,pdb_match,-27.874567107053952,16.923189123433247,0.0059799382716049,0.0111882716049382,0.0412808641975308,775.0,30.629217990441653,57.330095580510786,32.842138055706755,0.9148348255422488,29.54887539653646,0.4155522904379796,49.85301467719796,2.0,0.186,,,,3678.0,135.0,0.0,0.2222222222222222,1.0,1.0,-27.874567107053952,16.923189123433247,30.629217990441653,1.0
lagfp,laGFP,green,CR2,CR2,1,4HVF,,unmatched,-9.649549665141697,1.8659060185958936,0.003858024691358,0.007716049382716,0.0212191358024691,500.0,9.828296597593544,9.538767867371984,2.7346117920236575,0.8179490200916512,30.036200861628288,0.4710820245745498,51.4427020288683,1.7,0.1767,488.0,507.0,19.0,7349.0,112.0,0.0416666666666666,0.25,3.0,2.0,-9.649549665141697,1.8659060185958936,9.828296597593544,
lanrfp-deltas83l,lanRFP-ΔS83l,red,CR2,CR2,2,4JEO;4JGE,0.1,seq_match_99,-9.256613836911285,-12.5014490102064,0.0,0.0,0.01292438271604935,0.0,17.154648539943206,,,0.8343691064451514,31.439502445046713,0.2917196639607724,48.519661915117105,2.145,0.1527,558.0,583.0,25.0,3527.0,111.5,0.0,0.0,2.5,1.0,-9.256613836911285,-12.5014490102064,17.154648539943206,0.9907834101382488
lanyfp,LanYFP,yellow,CR2,CR2,1,5LTQ,0.95,pdb_match,-2.776470983096556,1.683540207045496,0.0065586419753086,0.0111882716049382,0.0254629629629629,850.0,3.2470138202224956,27.90061651457029,29.29427109964914,0.8251417420680619,31.79686331037925,0.3801951777444936,48.10792940182008,2.05,0.22535,514.0,527.0,13.0,27803.0,93.0,0.0277777777777777,0.2222222222222222,3.0,1.0,-2.776470983096556,1.683540207045496,3.2470138202224956,
larfp,laRFP,red,CR2,CR2,1,4JF9,0.1,pdb_match,-3.679641019230069,-16.481221903969498,0.0,0.0,0.0,0.0,16.88699006567732,,,0.736496049572116,31.226485495588403,0.2958303363990907,48.349312517751656,2.33,0.1584,558.0,583.0,25.0,3514.0,116.0,0.0,0.0,3.0,1.0,-3.6796410192300697,-16.481221903969498,16.88699006567732,
lssmorange,LSSmOrange,orange,OFM,OFM,1,4Q7R,0.45,pdb_match,-3.610769136136861,-5.827231462891945,0.0117669753086419,0.0235339506172839,0.072145061728395,1525.0,6.85523743400594,13.55342571358612,10.605993303949289,0.8119265963261824,29.05965442598624,0.5406362235116106,47.473584473763694,1.4,0.1473,548.0,562.0,14.0,3857.0,114.0,0.0416666666666666,0.1944444444444444,1.0,2.0,-3.610769136136861,-5.827231462891945,6.85523743400594,
lssmscarlet,LSSmScarlet,red,NRQ,NRQ,1,7OIN,0.42,pdb_match,-15.675434370643018,14.274689341847989,0.0108024691358024,0.0165895061728395,0.0385802469135802,1400.0,21.201084842870777,168.30397985558878,179.54633732003342,0.6553440364621828,27.763133427016765,0.7900865239584396,50.6260109079581,1.4,0.1635,569.0,594.0,25.0,1872.0,120.0,0.0277777777777777,0.3333333333333333,2.0,2.0,-15.675434370643018,14.274689341847989,21.201084842870777,
mazamigreen,mAzamiGreen,green,CRQ,CRQ,1,3ADF,0.81,pdb_match,-30.971741448039392,30.227858124467417,0.0090663580246913,0.013503086419753,0.0285493827160493,1175.0,43.27784855000455,60.39148344645146,79.67159341754673,0.8731432052992834,29.16979213952059,0.394931846649786,46.17697341357811,2.2,0.205,488.0,507.0,19.0,3446.0,146.0,0.0277777777777777,0.3333333333333333,2.0,2.0,-30.971741448039392,30.227858124467417,43.27784855000455,
mbaojin,mBaoJin,unknown,CR2,CR2,3,8Q79;8QBJ;8QDD,0.93,pdb_match,-7.945228881774361,10.834908551663004,0.0158179012345679,0.0285493827160493,0.0536265432098765,2050.0,13.435844048911918,12.437701230737373,16.323483564624706,0.607877161374038,29.90365578480386,0.3409139628174107,46.6106006288376,1.6,0.1855,498.0,516.0,18.0,3524.0,99.0,0.0694444444444444,0.3888888888888889,2.0,2.0,-7.945228881774361,10.834908551663004,13.435844048911918,
mcardinal,mCardinal,red,NRQ,NRQ,1,4OQW,0.19,pdb_match,7.843602298260057,10.804480948897975,0.0061728395061728,0.0111882716049382,0.0362654320987654,800.0,13.351363435558552,6.45741917118282,5.852315093250583,0.8404676371916979,29.766657647077068,0.4964825240054983,47.70209377986328,2.21,0.2225,558.0,583.0,25.0,13727.0,122.0,0.0555555555555555,0.2222222222222222,2.0,2.0,7.843602298260057,10.804480948897975,13.351363435558552,
mcerulean3,mCerulean3,cyan,SWG,SWG,1,4EN1,0.87,pdb_match,-3.1328504840566893,-0.4197685502978174,0.0042438271604938,0.0042438271604938,0.0090663580246913,550.0,3.160847638098579,11.26150872049265,8.890619156288816,0.6393318841703642,29.17219916262609,0.4530957416746461,58.499494238374766,1.62,0.178,433.0,475.0,42.0,3824.0,128.0,0.0416666666666666,0.0694444444444444,2.0,0.0,-3.1328504840566893,-0.4197685502978174,3.160847638098579,
mcherry,mCherry,red,CH6,CH6,3,2H5Q;6YLM;7SAK,0.22,pdb_match,-14.837446462816894,8.180494205531119,0.0111882716049382,0.0204475308641975,0.0462962962962962,1450.0,16.94314914600252,110.16807719388964,117.26314540828858,1.062342743327728,28.16187849545013,0.5282804903565371,47.95175178153606,1.36,0.1467,587.0,610.0,23.0,1861.0,129.0,0.0138888888888888,0.3888888888888889,2.0,3.0,-14.837446462816894,8.180494205531119,16.94314914600252,0.997787610619469
mcrispred,mCRISPRed,red,NRQ,NRQ,1,6XWY,0.46,pdb_match,-26.885847234964206,30.414855919685124,0.0,0.0,0.0285493827160493,0.0,40.59448536632824,,,0.9078446297058762,28.88317640151169,0.4576987891872622,48.560967523656544,1.75,0.2034,558.0,583.0,25.0,6945.0,128.0,0.0,0.0,2.0,4.0,-26.885847234964206,30.414855919685124,40.59448536632824,
meos2-a69t,mEos2-A69T,green,5SQ,5SQ,1,5DTL,0.63,pdb_match,-11.185485773078591,21.874886340091933,0.0081018518518518,0.0127314814814814,0.0300925925925925,1050.0,24.568796152267705,124.2591506594148,145.3767769108412,0.9184118192791216,29.07392552239269,0.4632725252793094,46.425509371676256,2.7,0.21088,506.0,516.0,10.0,21436.0,138.0,0.0138888888888888,0.25,2.0,1.0,-11.185485773078591,21.874886340091933,24.568796152267705,
meos31,mEos3.1,unknown,PIA,PIA,17,7QLI;7QLJ;7QLK;7QLL;7QLM;7QLN;7QLO;7TSR;7TSS;7TSU;7TSV;8UL0;8UL1;8UL2;8UL3;8UL4;8UL5,0.83,seq_match_99,-11.870728958574004,9.32893032691834,0.0065586419753086,0.0119598765432098,0.0212191358024691,850.0,16.088782011447776,30.0294870379659,18.83082203227163,0.8026132590558281,28.54950684668037,0.4920852259827192,46.49594790612045,1.75,0.1872,506.0,516.0,10.0,1905.0,109.0,0.0277777777777777,0.1666666666666666,3.0,3.0,-11.870728958574004,9.32893032691834,16.088782011447776,0.9953703703703703
meos32,mEos3.2,green,5SQ,5SQ,1,9J0Q,0.84,seq_match_99,-8.27815598618205,15.8122406578982,0.0061728395061728,0.0123456790123456,0.0493827160493827,800.0,17.84810413334846,17.329850714291293,31.72555912206746,0.6498831797791229,28.89738891289772,0.4829822959381614,50.061022663186606,1.34,0.1447,488.0,507.0,19.0,1782.0,150.0,0.0277777777777777,0.1666666666666666,2.0,2.0,-8.27815598618205,15.8122406578982,17.84810413334846,0.9908256880733946
meos4b,mEos4b,green,5SQ,5SQ,2,6GOY;6GP0,0.84,pdb_match,-14.995328984067122,22.3106776148217,0.0052083333333333,0.0061728395061728,0.01543209876543205,675.0,26.897725176451917,141.6666323406681,164.45798199122413,0.7719340721479473,27.524835101833432,0.549491753809536,57.89084708917477,1.575,0.16065000000000002,523.0,545.0,22.0,1932.0,214.5,0.01388888888888885,0.16666666666666666,2.5,2.0,-14.995328984067122,22.3106776148217,26.897725176451917,
meos4b-l93m,mEos4b-L93M,green,5SQ,5SQ,1,9GVR,0.68,pdb_match,-2.6098349202513544,11.796705743746683,0.0088734567901234,0.0127314814814814,0.0300925925925925,1150.0,12.08194954117544,179.17778517364226,167.3123665716586,0.6477366636271888,28.36070586031759,0.5455661608263254,53.31014118153514,1.86,0.1678,506.0,516.0,10.0,1851.0,140.0,0.0277777777777777,0.3333333333333333,2.0,2.0,-2.6098349202513544,11.796705743746683,12.08194954117544,
mkate,mKate,unknown,NRQ,NRQ,4,3BX9;3BXA;3BXB;3BXC,0.33,pdb_match,-86.37687980293012,-4.940562734013696,0.0036651234567901,0.0073302469135802,0.029513888888888798,475.0,20.379653539027146,16.693606405842853,36.44778706197799,0.9180644329994068,28.29010273205808,0.5574014345860037,47.95169646344564,2.2,,,,,8843.5,124.0,0.0069444444444444,0.06944444444444445,1.0,2.0,-86.37687980293012,-4.940562734013696,20.379653539027146,
mkeima,mKeima,red,CRQ,CRQ,4,2WHS;2WHT;2WHU;3IR8,0.24,pdb_match,-81.0167678450151,-16.931279376447847,0.0141782407407407,0.017168209876543203,0.039351851851851805,1837.5,21.85293099657113,66.88547478082094,51.44250043993509,1.0917588061830024,27.266103814351485,0.6276285523328378,47.33500154552046,2.0,0.191555,440.0,620.0,180.0,6961.0,121.5,0.055555555555555504,0.2222222222222222,1.0,1.5,-81.0167678450151,-16.931279376447847,21.85293099657113,
mkillerorange,mKillerOrange,orange,4M9,4M9,1,4ZBL,0.5,pdb_match,178.24391717504088,-25.723715367585072,0.0063657407407407,0.0063657407407407,0.0179398148148148,825.0,25.783587011908345,53.22660286357514,55.909408263067085,0.6258830092936352,26.562858843738244,0.5893846582080742,51.804554217204256,1.57,0.1443,512.0,555.0,43.0,1897.0,310.0,0.0277777777777777,0.0833333333333333,2.0,0.0,178.24391717504088,-25.723715367585072,25.783587011908345,
mko,mKO,green,CFY,CFY,3,2ZMU;2ZMW;3MGF,0.6,seq_match_99,-0.6378966024472017,0.3344764063133425,0.0054012345679012,0.0084876543209876,0.0254629629629629,700.0,0.6379636568563334,155.10273006935068,168.7868345139561,0.7308572239269561,28.16168327543704,0.5023239221380431,47.70163219815981,1.8,0.197,488.0,507.0,19.0,6779.0,147.0,0.0138888888888888,0.2777777777777778,2.0,2.0,-0.6378966024472017,0.3344764063133425,0.6379636568563334,1.0
mneongreen,mNeonGreen,green,CR2,CR2,2,5LTP;5LTR,0.8,pdb_match,-3.492573083641169,-2.953755273926433,0.0054012345679012,0.0108024691358024,0.03067129629629625,700.0,5.448284670942739,8.309805971401158,6.892623030519265,0.6324479260527969,30.51273094453871,0.38147030962453354,48.86542946889017,1.455,0.171925,488.0,507.0,19.0,6449.5,98.0,0.0416666666666666,0.2361111111111111,2.0,2.0,-3.492573083641169,-2.953755273926433,5.448284670942739,
monomeric-hyperfolder-yfp,Monomeric hyperfolder YFP,yellow,CR2,CR2,1,7UGS,0.62,pdb_match,2.012571491674944,-8.054637307911065,0.0127314814814814,0.0173611111111111,0.035108024691358,1650.0,8.302266327400943,4.8639468270259565,1.7498382712495142,0.6614060355781651,30.46869458663033,0.3753314027561775,47.15743582980468,1.63,0.1503,514.0,527.0,13.0,1847.0,113.0,0.0694444444444444,0.2777777777777778,3.0,2.0,2.0125714916749433,-8.054637307911065,8.302266327400943,
morange,mOrange,orange,CRO,CRO,1,2H5O,0.69,pdb_match,3.745392118066283,-3.2217186376198015,0.0009645061728395,0.001929012345679,0.0335648148148148,125.0,4.940387950157345,32.01377059298758,29.164995700042844,0.7377476454553809,28.67781329092361,0.544975473055233,50.19411349392141,1.08,0.145,548.0,562.0,14.0,3588.0,112.0,0.0,0.0555555555555555,2.0,2.0,3.745392118066283,-3.2217186376198015,4.940387950157345,
mplum,mPlum,red,CH6,NRQ,3,2QLG;3NF0;9FER,0.1,pdb_match,-14.214764624896494,0.9238758658428878,0.0042438271604938,0.0084876543209876,0.0420524691358024,550.0,14.515144089188912,21.80949419392442,18.70518902082483,0.8724025627701283,28.270004310277056,0.5033768119135535,46.53781827830207,1.75,0.2077,590.0,649.0,59.0,3449.0,115.0,0.0,0.1111111111111111,2.0,2.0,-14.214764624896494,0.9238758658428878,14.515144089188912,0.9953917050691243
mplum-e16p,mPlum-E16P,red,NRQ,NRQ,1,4H3L,0.14,pdb_match,-29.96149189293785,15.57807148360817,0.0160108024691358,0.0169753086419753,0.035108024691358,2075.0,33.769324950300486,67.73118945653239,45.44321163247167,0.9195235809088242,27.40835835804029,0.5249938696926482,46.44612474654175,1.65,0.1904,590.0,649.0,59.0,3473.0,114.0,0.0555555555555555,0.3888888888888889,2.0,2.0,-29.96149189293785,15.57807148360817,33.769324950300486,
mrojoa,mRojoA,red,NRQ,CH6,1,3NEZ,0.02,pdb_match,-21.381564452524653,5.22723271445949,0.0,0.0,0.0,0.0,22.01125303767556,,,1.2342588517682784,27.9348853781481,0.4142989629306197,45.973335607199424,1.7,0.182,578.0,602.0,24.0,7115.0,277.0,0.0,0.0,2.0,2.0,-21.381564452524653,5.22723271445949,22.01125303767556,
mrouge,mRouge,unknown,NRQ,CH6,1,3NED,0.02,pdb_match,-19.125229402501088,-6.765264887785889,0.0,0.0,0.0,0.0,20.286527763523267,,,1.6627116848136048,26.884246070647684,0.3430991662170871,50.25737358435093,0.95,0.13343,,,,2139.0,377.0,0.0,0.0,4.0,2.0,-19.125229402501088,-6.765264887785889,20.286527763523267,
mruby,mRuby,red,NRQ,NRQ,3,3U0L;3U0M;3U0N,0.35,pdb_match,-170.77424650866098,-2.7369675266920126,0.0,0.0,0.0119598765432098,0.0,9.740850693669156,7.0710678118654755,9.15877001931452,1.193940892403986,29.25868554871812,0.529601187981946,49.07113458408913,1.6,0.15429,558.0,605.0,47.0,1846.0,159.0,0.0,0.0,1.0,2.0,-170.77424650866098,-2.7369675266920126,9.740850693669156,
mscarlet,mScarlet,red,NRQ,NRQ,1,5LK4,0.7,pdb_match,-1.0441387717579942,1.4573925965442245,0.0021219135802469,0.0042438271604938,0.0235339506172839,275.0,1.7928242956715503,9.69096440347348,7.89490337260016,0.9414865769698512,27.68345848468776,0.556509386243533,46.24838446391176,1.47,0.1368,569.0,594.0,25.0,1922.0,124.0,0.0138888888888888,0.0,2.0,2.0,-1.0441387717579942,1.4573925965442245,1.7928242956715503,
mscarlet-h,mScarlet-H,red,NRQ,NRQ,1,8ZXO,0.2,pdb_match,-26.872137327425865,27.218418643429516,0.0007716049382716,0.0015432098765432,0.0208333333333333,100.0,38.24858269260478,28.32420636785585,7.640285648092135,1.0751431202580386,27.51283088555182,0.6021956949400413,46.431454340390985,1.816,0.1838,569.0,594.0,25.0,1750.0,114.0,0.0138888888888888,0.0,1.0,2.0,-26.872137327425865,27.218418643429516,38.24858269260478,
mscarlet3,mScarlet3,red,NRQ,NRQ,1,7ZCT,0.75,pdb_match,-2.170491335332416,-0.1811573911043638,0.0027006172839506,0.0054012345679012,0.0262345679012345,350.0,2.178038254279499,8.676713117415057,6.9031519858654775,0.7209637583947572,27.10426259233028,0.53249606329528,46.58881442533861,1.33,0.2001,569.0,594.0,25.0,3628.0,121.0,0.0138888888888888,0.0,2.0,2.0,-2.170491335332416,-0.1811573911043638,2.178038254279499,
mscarlet3-h,mScarlet3-H,red,NRQ,NRQ,1,8ZXH,0.18,pdb_match,-46.93157075227504,60.6901811094105,0.0005787037037037,0.0011574074074074,0.033179012345679,75.0,76.71942659045911,75.0,1.983437241674403,1.2682404165162626,26.877423101996843,0.6061685238849311,46.59930850663463,1.46,0.1852,569.0,594.0,25.0,1748.0,135.0,0.0138888888888888,0.0277777777777777,2.0,2.0,-46.93157075227504,60.6901811094105,76.71942659045911,
mstrawberry,mStrawberry,red,CRO,CRO,1,2H5R,0.29,pdb_match,-21.00748537423137,21.382135102671185,0.0117669753086419,0.0204475308641975,0.0493827160493827,1525.0,29.975158770178822,14.236886260936725,26.333530450364073,0.6772328786101132,26.78307080018728,0.6803263439843998,46.185425350129776,1.6,0.166,574.0,596.0,22.0,1790.0,226.0,0.0555555555555555,0.2777777777777778,1.0,2.0,-21.00748537423137,21.382135102671185,29.975158770178822,
mtfp,mTFP*,cyan,PIA,PIA,1,4Q9W,,unmatched,-1.3021202715681,8.159181613213377,0.0025077160493827,0.0050154320987654,0.0281635802469135,325.0,8.262430743977696,144.15996310865555,152.26918373930312,0.527078426391719,28.910633392479863,0.5280112171786069,49.22765907302766,1.0,0.1308,462.0,492.0,30.0,3740.0,112.0,0.0,0.1388888888888889,2.0,3.0,-1.3021202715681,8.159181613213377,8.262430743977696,
mtfp07,mTFP0.7,cyan,PIA,PIA,2,2OTB;2OTE,0.5,pdb_match,-89.67641522091529,-24.097207108296153,0.00588348765432095,0.009837962962962899,0.0414737654320987,762.5,46.513680397771196,119.17506470793292,160.2680111346078,0.9268773188000037,28.582018798482682,0.4201617483069009,46.59291224478911,1.63,0.1865,439.0,476.0,37.0,3476.5,109.5,0.01388888888888885,0.1111111111111111,2.0,2.0,-89.67641522091529,-24.097207108296153,46.513680397771196,
mtfp1,mTFP1,cyan,PIA,PIA,2,2HQK;6FP7,0.85,pdb_match,-2.4445449976213944,12.902226980078623,0.0044367283950616995,0.007716049382716,0.0262345679012345,575.0,13.149724841415875,87.30202347826918,95.30316104792118,0.6926667549785186,30.073631742050647,0.4168982055145683,49.112629332225694,1.383,0.1424,450.5,484.0,33.5,2457.0,113.0,0.0069444444444444,0.1944444444444444,2.0,3.0,-2.4445449976213944,12.902226980078623,13.149724841415875,1.0
mturquoise,mTurquoise,cyan,SWG,SWG,1,4AR7,0.84,pdb_match,-4.731684824500425,5.255413578803029,0.0046296296296296,0.0046296296296296,0.0098379629629629,600.0,7.071648546320366,11.783906035315225,9.801140009481944,0.5993911980927238,29.06571213102791,0.4521145214338494,46.37622298565349,1.23,0.14264,434.0,474.0,40.0,1838.0,119.0,0.0555555555555555,0.0694444444444444,2.0,0.0,-4.731684824500425,5.255413578803029,7.071648546320366,
mturquoise2,mTurquoise2,cyan,SWG,SWG,1,3ZTF,0.93,pdb_match,-6.169707704253886,3.316809784138514,0.0032793209876543,0.0032793209876543,0.007716049382716,425.0,7.004749838508629,13.115035716245917,9.899339909110855,0.5267100163237356,30.86451401017688,0.333504605256896,53.7577956428282,1.31,0.13205,434.0,474.0,40.0,1918.0,128.0,0.0277777777777777,0.0555555555555555,2.0,0.0,-6.169707704253886,3.316809784138514,7.004749838508629,
mturquoise2_t203y,mTurquoise2_T203Y,cyan,GYS,GYS,1,8IZ0,0.23,seq_match_99,-4.664799712157366,1.3881023014666596,0.0088734567901234,0.0169753086419753,0.0594135802469135,1150.0,4.866948156070746,155.98235792842985,163.7268904382128,0.7031702439128522,30.998515683947588,0.2722209432941302,53.80866244868942,2.1,0.17341,434.0,474.0,40.0,1826.0,104.0,0.0138888888888888,0.3055555555555556,2.0,2.0,-4.664799712157366,1.3881023014666596,4.866948156070746,0.9911894273127754
mugfp,muGFP,green,CRO,CRO,1,5JZL,0.45,pdb_match,-14.755806277683602,17.073170340508568,0.0042438271604938,0.0069444444444444,0.0455246913580246,550.0,22.566057794407698,92.97887081303666,109.26675391351988,0.7168092735655951,30.17268999737944,0.2805167994954089,48.15386504849894,1.8,0.17454,488.0,507.0,19.0,3694.0,108.0,0.0,0.3055555555555556,2.0,3.0,-14.755806277683602,17.073170340508568,22.566057794407698,
mvenus,mVenus,yellow,CR2,CR2,1,7PNN,0.64,seq_match_99,-8.521084722062552,-0.3171769253617924,0.0106095679012345,0.0162037037037037,0.0385802469135802,1375.0,8.526985753626517,7.116843345727461,3.452565489858724,0.6912986019403701,29.32865686102615,0.409223602899584,49.559765621407486,1.43,0.1616,515.0,528.0,13.0,1854.0,120.0,0.0555555555555555,0.3055555555555556,3.0,2.0,-8.521084722062552,-0.3171769253617924,8.526985753626517,1.0
neptune,Neptune,red,NRQ,NRQ,1,3IP2,0.18,pdb_match,-5.309723439169352,9.402092839339218,0.0013503086419753,0.0027006172839506,0.0227623456790123,175.0,10.797801292856716,11.180339887498947,14.434020559359848,0.6236667585761995,28.899533583867008,0.5492217622673397,51.02641833934754,1.6,0.1713,558.0,583.0,25.0,1857.0,117.0,0.0138888888888888,0.0,1.0,2.0,-5.309723439169352,9.402092839339218,10.797801292856716,
nowgfp,NowGFP,orange,CRF,CRF,1,9FEN,0.76,seq_match_99,-0.7975721265088646,-7.6872999426169315,0.0086805555555555,0.0086805555555555,0.0231481481481481,1125.0,7.728564013110208,10.799411750137065,3.4488298048104165,0.8767669888870082,28.92998059853667,0.4697308375476126,49.39389106105417,1.6,0.17044,548.0,562.0,14.0,1875.0,104.0,0.0972222222222222,0.0833333333333333,2.0,0.0,-0.7975721265088646,-7.6872999426169315,7.728564013110208,1.0
oxstaygold,oxStayGold,green,CR2,CR2,1,7YAO,0.93,seq_match_99,-8.593434987999695,4.989823531216132,0.0121527777777777,0.0235339506172839,0.0551697530864197,1575.0,9.937075211834498,12.972261616322063,20.107145045561747,0.7516518951749402,29.67112329524436,0.3986886735590873,46.13462390225594,1.5,0.1598,488.0,507.0,19.0,3559.0,103.0,0.0555555555555555,0.3611111111111111,3.0,2.0,-8.593434987999695,4.989823531216132,9.937075211834498,0.9907407407407408
padron09,Padron0.9,unknown,GYC,GYC,5,3LS3;3ZUL;6MXW;6MYB;6MYC,0.61,seq_match_99,-160.4680998354242,0.0450360008632344,0.0,0.0,0.0432098765432098,0.0,17.02978114327519,123.00655068050145,119.2462486462228,0.8674292652411658,28.232437758064965,0.500398153687182,47.31207062939824,2.049,0.177,503.0,522.0,19.0,13802.0,135.0,0.0,0.0,2.0,2.0,-160.4680998354242,0.0450360008632344,17.02978114327519,1.0
pcdronpa,pcDronpa,green,IEY,CR8,1,4HQC,0.85,pdb_match,-16.431798463887155,27.90508403702887,0.0,0.0,0.0,0.0,32.38360257709831,,,0.8350587049271869,27.24257926339624,0.4348521998566884,46.16974862395968,2.05,0.1785,503.0,518.0,15.0,10679.0,276.0,0.0,0.0,4.0,3.0,-16.431798463887155,27.90508403702887,32.38360257709831,
phiyfp,phiYFP,yellow,CRO,CRO,1,4HE4,0.6,pdb_match,-6.143115765064971,-1.957412119508973,0.0088734567901234,0.0111882716049382,0.040895061728395,1150.0,6.447428441525386,174.80637950661622,176.33963457061571,0.8684970791844552,29.307032082812533,0.4250472391330473,48.58385999521022,2.05,0.1958,514.0,527.0,13.0,3655.0,98.0,0.0277777777777777,0.3055555555555556,2.0,2.0,-6.143115765064971,-1.957412119508973,6.447428441525386,
pplugfp2,ppluGFP2,green,CR2,CR2,1,2G3O,0.6,pdb_match,-3.425767580159478,4.166200944705622,0.0,0.0,0.035108024691358,0.0,5.393803280148231,,,0.9054655714220214,27.89948887782957,0.4491570317127496,47.35829925735567,2.1,0.23042,488.0,507.0,19.0,9615.0,119.0,0.0,0.0,2.0,3.0,-3.425767580159478,4.166200944705622,5.393803280148231,
pslssmkate,PSLSSmKate,red,NRQ,NRQ,1,4NWS,0.21,pdb_match,-20.80755093820275,46.799472031003035,0.007716049382716,0.0092592592592592,0.0219907407407407,1000.0,51.216645325778,135.2370317069326,179.2138700064858,0.9510190018593768,29.241450148679647,0.5466922521769849,47.81087161249419,2.7,0.1786,588.0,633.0,45.0,3569.0,125.0,0.0416666666666666,0.1944444444444444,1.0,1.0,-20.80755093820275,46.799472031003035,51.216645325778,
psmorange,PSmOrange,orange,OFM,OFM,1,4Q7T,0.51,pdb_match,-9.625896125403756,4.475501037482331,0.0079089506172839,0.0158179012345679,0.0474537037037037,1025.0,10.61545975234085,8.722480123530504,7.290167866208481,0.8351849917692479,28.29440858976736,0.5584487101317482,46.15827821572013,1.94,0.1998,548.0,562.0,14.0,3507.0,109.0,0.0833333333333333,0.2222222222222222,2.0,2.0,-9.625896125403756,4.475501037482331,10.61545975234085,
psmorange2,PSmOrange2,orange,OIM,OIM,1,4Q7U,0.61,pdb_match,-14.74171477014344,12.723299498836267,0.0148533950617283,0.0189043209876543,0.0432098765432098,1925.0,19.473071265246073,160.26223779202442,172.4789914723466,1.273808049648539,29.994004441285924,0.3708146160556436,46.23268583509361,1.3,0.148,548.0,562.0,14.0,1922.0,109.0,0.0416666666666666,0.3055555555555556,2.0,2.0,-14.74171477014344,12.723299498836267,19.473071265246073,
r-velour,R-Velour,unknown,QYG,QYG,1,7CAO,0.001,pdb_match,-177.6883983591966,-43.2777412788991,0.0034722222222222,0.0069444444444444,0.0516975308641975,450.0,43.339432303031984,62.928668314394336,19.610087755153312,0.9725073837259364,31.10990965562417,0.1878674123456704,52.6634237496388,2.05,0.1922,,,,1760.0,106.0,0.0,0.1944444444444444,2.0,2.0,-177.6883983591966,-43.2777412788991,43.339432303031984,
rcamp,RCaMP,red,CRK,CRK,1,3U0K,0.14,pdb_match,3.866405038682625,5.556136095201424,0.0063657407407407,0.0127314814814814,0.0289351851851851,825.0,6.769027716854943,163.98156078070326,169.55050094690793,0.476881139908319,25.72545089815112,0.8651364027446461,74.58117711728731,2.1,0.18931,570.0,597.0,27.0,3156.0,38.0,0.0,0.3611111111111111,2.0,2.0,3.866405038682625,5.556136095201424,6.769027716854943,
rfp630,RFP630,red,NRQ,NRQ,1,3E5V,0.35,pdb_match,-1.4943371009658502,14.43874832030042,0.0015432098765432,0.0030864197530864,0.0104166666666666,200.0,14.515870501912763,7.499999999999999,7.097835699971862,0.9023264106753148,27.17099340828756,0.5822888725747878,48.50768568426256,2.1,0.226,559.0,611.0,52.0,1818.0,250.0,0.0138888888888888,0.1666666666666666,1.0,1.0,-1.4943371009658502,14.43874832030042,14.515870501912763,
rfp639,RFP639,red,NRQ,NRQ,1,3E5W,0.18,seq_match_99,1.1514061338904404,-1.924623169169024,0.0044367283950617,0.0084876543209876,0.0235339506172839,575.0,2.2427461801244393,8.153116070416646,6.125352357166975,1.014619973259758,28.50726442699267,0.5153439281995662,48.54830111053164,1.71,0.183,559.0,611.0,52.0,7244.0,117.0,0.0277777777777777,0.3055555555555556,1.0,2.0,1.1514061338904404,-1.924623169169024,2.2427461801244393,1.0
rogfp1,roGFP1,green,CRO,CRO,1,1JC0,,unmatched,-1.6849956471508385,1.6427276439180505,0.0,0.0,0.042824074074074,0.0,2.3532455126930096,,,0.7870396946210614,28.92978436622083,0.3749623561921971,47.90424770449959,2.0,0.223,488.0,507.0,19.0,5208.0,113.0,0.0,0.0,2.0,2.0,-1.6849956471508385,1.6427276439180505,2.3532455126930096,
rogfp1-r1,roGFP1-R1,green,GYS,GYS,1,2AH8,,unmatched,0.753345439403411,-0.6880513925600837,0.0204475308641975,0.0204475308641975,0.0478395061728395,2650.0,1.0202666660602893,9.342033970839577,9.859038719225872,0.7489804770994651,29.526785112961186,0.3162978738512866,46.48722853174304,2.24,0.196,488.0,507.0,19.0,3543.0,118.0,0.0555555555555555,0.4166666666666667,2.0,2.0,0.753345439403411,-0.6880513925600837,1.0202666660602893,
rogfp1-r8,roGFP1-R8,green,GYS,GYS,1,2AHA,,unmatched,-1.0286191870862045,0.1912929232583451,0.0297067901234567,0.0300925925925925,0.0559413580246913,3850.0,1.04625542509017,62.55079476734078,62.32656012865661,0.7678429766672002,29.04193747446251,0.4920818107546065,48.71157662786528,1.98,0.199,488.0,507.0,19.0,3468.0,101.0,0.0972222222222222,0.4166666666666667,2.0,1.0,-1.0286191870862045,0.1912929232583451,1.04625542509017,
rogfp2,roGFP2,green,CRO,CRO,1,1JC1,,unmatched,0.8059605611882708,0.4740225022460151,0.0086805555555555,0.0088734567901234,0.033179012345679,1125.0,0.9350239348949776,20.192003798462043,19.852159242658267,0.7779286848265976,29.69137364044249,0.3137124874261665,47.95594959446218,1.9,0.229,488.0,507.0,19.0,5212.0,114.0,0.0277777777777777,0.25,2.0,2.0,0.8059605611882708,0.4740225022460151,0.9350239348949776,
rsegfp,rsEGFP,green,CRO,CRO,2,7A7K;7A7L,0.36,seq_match_99,71.21194032280381,33.6664202369803,0.01350308641975305,0.01774691358024685,0.049575617283950546,1750.0,41.445106155417264,30.22922246027883,17.675759048252004,0.7605257949673585,30.931994308637936,0.31153846722990153,52.71010338074025,1.425,0.1568,488.0,507.0,19.0,2005.5,104.0,0.04861111111111105,0.33333333333333337,2.5,1.0,71.21194032280381,33.6664202369803,41.445106155417264,0.9956521739130435
rsegfp2,rsEGFP2,green,PIA,PIA,8,5DTX;5DTY;5O89;5O8A;5O8B;5O8C;6PFS;6PFU,0.3,pdb_match,-6.954715105987571,15.399287996647175,0.001929012345679,0.0032793209876543,0.03317901234567895,250.0,19.4924235670019,55.044168493126655,40.493140770727216,0.5935189643645874,30.578123301763146,0.3518745355962583,54.835977048911985,1.7,0.17605,488.0,507.0,19.0,2011.0,158.0,0.0,0.01388888888888885,2.0,3.0,-6.954715105987571,15.399287996647175,19.4924235670019,1.0
rsfolder,rsFolder,green,PIA,PIA,2,5DTZ;5DU0,0.25,pdb_match,-79.60191503595537,-8.767277575040907,0.01350308641975305,0.0256558641975308,0.06539351851851846,1750.0,13.608141629658327,19.018398856895622,10.87445305473366,0.6870917030197283,29.94527616642423,0.44892666237041967,47.942255330487036,1.925,0.191055,478.0,503.0,25.0,7349.0,94.0,0.03472222222222215,0.4027777777777778,2.5,2.0,-79.60191503595537,-8.767277575040907,13.608141629658327,
rsfolder2,rsFolder2,unknown,PIA,PIA,2,7AMB;7AMF,0.23,seq_match_99,-1.9604325469466684,-1.5911123360988029,0.001929012345679,0.003858024691358,0.02488425925925925,250.0,6.501292062643084,2.1466342281665156,3.9211008727962486,0.6152605872730383,30.463938266369446,0.33474237225941894,51.936680120547415,1.63,0.15255000000000002,,,,8384.5,230.5,0.0069444444444444,0.1111111111111111,2.0,2.0,-1.9604325469466684,-1.5911123360988029,6.501292062643084,1.0
rtms5,Rtms5,green,CRQ,CRQ,4,1MOU;2P4M;3VIC;3VK1,0.004,pdb_match,2.644805372773561,-42.60642533901748,0.00800540123456785,0.0125385802469135,0.050154320987654294,1037.5,43.40046002763756,56.341333079474644,14.024628105224387,0.9851788885068304,27.219616442239218,0.5969248175565498,46.70700559630663,2.2,0.2146,554.0,585.0,31.0,7850.0,129.5,0.0416666666666666,0.1666666666666666,1.0,1.0,2.644805372773561,-42.60642533901748,43.40046002763756,0.9953703703703703
scfp3a,SCFP3A,cyan,CRF,CRF,1,2YDZ,0.56,pdb_match,-8.84413857972876,8.57817461578253,0.0048225308641975,0.0048225308641975,0.0102237654320987,625.0,12.320871193073256,15.625962674305503,10.152666810361971,0.6799727340559207,27.90597898491032,0.4591138154600012,47.03525818963924,1.59,0.1419,439.0,476.0,37.0,1826.0,125.0,0.0555555555555555,0.0694444444444444,3.0,0.0,-8.84413857972876,8.57817461578253,12.320871193073256,
sg11,sg11,green,GYS,GYS,1,1EMC,0.84,pdb_match,0.286329813496538,0.7888289975201417,0.0104166666666666,0.0142746913580246,0.0405092592592592,1350.0,0.8391876723508233,177.71550833935197,178.505159690716,0.3423159871143031,31.04659605763944,0.2296230788291007,46.48073430126005,2.3,0.205,488.0,507.0,19.0,7188.0,97.0,0.0138888888888888,0.4166666666666667,1.0,3.0,0.286329813496538,0.7888289975201417,0.8391876723508233,
sg12,sg12,green,GYS,GYS,1,1EMM,0.85,pdb_match,0.2031770102136579,-0.6497236430817566,0.0042438271604938,0.0084876543209876,0.0285493827160493,550.0,0.680750842716183,6.188723395451501,6.8533740516730886,0.3635704715165737,30.42846673742922,0.2299904076825012,46.34236509213192,2.3,0.194,488.0,507.0,19.0,1746.0,105.0,0.0277777777777777,0.2777777777777778,3.0,2.0,0.2031770102136579,-0.6497236430817566,0.680750842716183,
sg25,sg25,green,CCY,CCY,1,1EMK,0.76,pdb_match,1.0369190309041765,1.852480530880399,0.0094521604938271,0.0173611111111111,0.0432098765432098,1225.0,2.122942579049703,3.0968330855619666,3.293012411777084,0.7579695700518932,30.372350773354245,0.1968143298180415,46.479235203557735,2.1,0.195,488.0,507.0,19.0,1757.0,104.0,0.0416666666666666,0.2777777777777778,2.0,3.0,1.0369190309041765,1.852480530880399,2.122942579049703,
sg42,sg42,blue,CSH,CSH,1,2EMD,0.24,pdb_match,-1.7414365032142698,3.166102952564245,0.0243055555555555,0.0243055555555555,0.0561342592592592,3150.0,3.6134206786593697,59.01622146460212,62.020649233665054,0.4073786470055031,30.40136440779867,0.2048130221042111,46.3362724135393,2.0,0.191,381.0,445.0,64.0,1781.0,93.0,0.0694444444444444,0.4444444444444444,2.0,0.0,-1.7414365032142698,3.166102952564245,3.6134206786593697,
sg50,sg50,blue,CSH,CSH,1,1EMF,0.25,pdb_match,-0.3434444088314389,3.8145935117717618,0.0295138888888888,0.0295138888888888,0.0636574074074074,3825.0,3.830023201236357,96.19187318352188,99.98564695321502,0.3852094038984007,30.425997273495963,0.2416750990962542,46.71219383604666,2.4,0.19,381.0,445.0,64.0,1779.0,92.0,0.0694444444444444,0.5138888888888888,2.0,0.0,-0.3434444088314389,3.8145935117717618,3.830023201236357,
shardonnay,SHardonnay,yellow,CR2,CR2,1,3V3D,0.75,pdb_match,-8.611673006510522,3.9735957543482527,0.0071373456790123,0.011574074074074,0.0362654320987654,925.0,9.484217162741292,49.68548291795654,45.26436415347772,0.7154842955330971,30.172845613815525,0.3624928096991406,48.97975339783742,1.95,0.1845,514.0,527.0,13.0,1820.0,118.0,0.0277777777777777,0.3055555555555556,2.0,2.0,-8.611673006510522,3.9735957543482527,9.484217162741292,
shcp,shCP,unknown,BJO,BJO,1,6JC6,0.79,seq_match_99,-165.78445134487168,-35.606789023031155,0.0189043209876543,0.0223765432098765,0.044753086419753,2450.0,38.33960417240862,119.43098385756132,152.43724994056296,0.87905500549596,29.711238771632267,0.3558841112785817,48.40986566115092,1.9,0.1887,,,,14390.0,130.0,0.0555555555555555,0.3611111111111111,1.0,2.0,-165.78445134487168,-35.606789023031155,38.33960417240862,1.0
spiscp,spisCP,unknown,CIV,CIV,1,7SWU,,unmatched,-152.7995065717723,36.79806774505133,0.0028935185185185,0.0034722222222222,0.0239197530864197,375.0,45.759858309531985,71.7684864618802,27.34074696915005,0.7760118760670802,26.8271280487275,0.5445805182442336,46.83567467919346,1.444,0.1754,,,,7049.0,151.0,0.0,0.0833333333333333,2.0,2.0,-152.7995065717723,36.79806774505133,45.759858309531985,
staygold,StayGold,green,CR2,CR2,9,7Y40;8BXT;8GYF;8J2H;8J2I;8J2J;8J2K;8J2L;8J3J,0.93,seq_match_99,-9.2487509147915,8.224286649843407,0.0185185185185185,0.0327932098765432,0.0636574074074074,2400.0,12.376521497684612,25.97801844770558,27.214880493142523,0.7363392139437899,29.891314619794382,0.3747943056648642,46.00572523510566,1.7,0.1599,488.0,507.0,19.0,3498.0,95.0,0.0694444444444444,0.4166666666666667,2.0,2.0,-9.2487509147915,8.224286649843407,12.376521497684612,0.9953161335614935
stayrose,StayRose,unknown,A1IJF,A1IJF,1,9G7Q,0.93,seq_match_99,-10.719672501570644,22.277165013325885,0.015625,0.015625,0.0281635802469135,2025.0,24.722124900013764,58.39838499607463,34.967598944384015,0.7460563050192287,29.402700550296338,0.3938213432539893,46.441698937272726,1.65,0.1544,,,,3807.0,105.0,0.0555555555555555,0.1944444444444444,2.0,2.0,-10.719672501570644,22.277165013325885,24.722124900013764,1.0
superfolder-gfp,Superfolder GFP,green,CRO,CRO,12,2B3P;2Q6P;4J88;4J89;4J8A;5BT0;5DPG;5EHU;5NHN;6B9C;6DQ1;6OA8,0.65,pdb_match,-2.319490818067952,1.547137798009814,0.011574074074074,0.01678240740740735,0.0403163580246913,1500.0,6.497055033161314,15.44499244477766,12.257708983539793,0.7777057067523352,30.56929346918659,0.33094237921046143,50.667925742510064,1.7725,0.16849999999999998,488.0,507.0,19.0,2151.0,113.5,0.0416666666666666,0.4027777777777778,2.0,2.0,-2.319490818067952,1.547137798009814,6.497055033161314,1.0
tagrfp657,TagRFP657,unknown,NRQ,NRQ,2,3H1O;3H1R,0.1,seq_match_99,0.26684696042870826,-36.84538445739956,0.00086805555555555,0.0013503086419753,0.014081790123456749,112.5,36.85048010631791,40.574510294642,7.693432551087262,1.6003695074712416,28.954135539750823,0.48590844953774426,47.49271513166359,2.205,0.2015,559.0,611.0,52.0,2717.5,117.5,0.0,0.04166666666666665,1.5,3.5,0.26684696042870826,-36.84538445739956,36.85048010631791,0.9910313901345292
tdkatushka2,tdKatushka2,red,NRQ,NRQ,2,3PIB;3PJB,0.37,seq_match_99,-85.3369829521991,11.707351535236313,0.00848765432098765,0.01427469135802465,0.048611111111111105,1100.0,19.866491791083384,85.77285183370392,90.9751081210587,0.8970221980653799,27.820145486173686,0.5775608643110216,52.48832108600729,1.452,0.16554999999999997,558.0,583.0,25.0,5731.0,188.0,0.0069444444444444,0.19444444444444445,1.0,2.0,-85.3369829521991,11.707351535236313,19.866491791083384,0.997787610619469
turbogfp,TurboGFP,green,CR2,CR2,1,2G6X,0.53,pdb_match,0.1418316809404204,-0.5947512231298901,0.0067515432098765,0.013503086419753,0.0536265432098765,875.0,0.6114288536967188,17.132708781345322,17.733865923057564,0.7496918498863535,28.37526663934408,0.4183671991035811,46.835710155293896,2.0,0.192,488.0,507.0,19.0,6831.0,105.0,0.0416666666666666,0.1388888888888889,2.0,2.0,0.1418316809404204,-0.5947512231298901,0.6114288536967188,
turquoise-gl,Turquoise-GL,cyan,SWG,SWG,2,2YE1;4B5Y,0.82,pdb_match,-7.368578258415058,5.266803511622115,0.00414737654320985,0.00414737654320985,0.00935570987654315,537.5,9.058769740879038,12.003005458690538,7.467141355366348,0.5904691571252658,27.885990772679044,0.49149435537806674,48.06792167804731,1.54,0.145595,434.0,474.0,40.0,1836.0,118.5,0.0555555555555555,0.0694444444444444,2.5,0.0,-7.368578258415058,5.266803511622115,9.058769740879038,1.0
usgfp,usGFP,green,CRO,CRO,1,5JZK,0.45,pdb_match,-6.539802633659364,7.5563923502585055,0.0111882716049382,0.0204475308641975,0.0459104938271604,1450.0,9.993402015243028,12.597866699337978,3.0947351585335148,0.7710822140299445,31.048962728035857,0.2994871011238253,52.522248719858354,1.9,0.14232,488.0,507.0,19.0,3787.0,116.0,0.0555555555555555,0.4444444444444444,2.0,3.0,-6.539802633659364,7.5563923502585055,9.993402015243028,
venus,Venus,yellow,CR2,CR2,1,1MYW,0.57,pdb_match,-0.7796261178646376,0.4068439103930359,0.0050154320987654,0.0069444444444444,0.03125,650.0,0.8793968677909777,93.39118522527616,93.82504002436904,0.7451504322657746,29.51960634249649,0.4095588539985069,48.57151463929529,2.2,0.218,514.0,527.0,13.0,1817.0,109.0,0.0277777777777777,0.25,3.0,2.0,-0.7796261178646376,0.4068439103930359,0.8793968677909777,
vsfgfp-0,vsfGFP-0,green,CRO,CRO,1,4PFE,0.76,pdb_match,-3.4737370494536,8.781120855862412,0.007716049382716,0.013503086419753,0.0478395061728395,1000.0,9.443247988589963,12.402144016705954,3.171053398791264,0.7007407722141472,32.86086357761567,0.7404337322837092,78.37281230386424,2.603,0.1985,488.0,507.0,19.0,5406.0,103.0,0.0277777777777777,0.4444444444444444,2.0,2.0,-3.4737370494536,8.781120855862412,9.443247988589963,
wascfp,WasCFP,cyan,CRF,CRF,3,5DQB;5DRF;5DRG,0.85,pdb_match,7.469701004892344,-4.941774149591737,0.0,0.0,0.0009645061728395,0.0,8.95642589697827,10.978690706878776,12.211306221611302,0.9870295237928056,30.114471004043924,0.2752485494409294,46.97405139753519,1.14,0.1346,439.0,476.0,37.0,1915.0,130.0,0.0,0.0,1.0,0.0,7.469701004892344,-4.941774149591737,8.95642589697827,
zfp538,zFP538,yellow,CH6,CH6,3,1XA9;1XAE;2OGR,0.42,seq_match_99,-1.5786748654874692,0.0396890868683499,0.0001929012345679,0.0003858024691358,0.0177469135802469,25.0,1.7778902388422175,160.156097709407,158.91040803033198,1.0506348946674666,27.11312383571344,0.5603773618882685,47.74884922130673,2.5,0.184,514.0,527.0,13.0,3525.0,90.0,0.0,0.0,2.0,2.0,-1.5786748654874692,0.0396890868683499,1.7778902388422175,1.0
zsgreen,ZsGreen,green,NYG,NYG,3,2OJK;2PXS;2PXW,0.63,pdb_match,-2.547054332545899,0.3342337253833136,0.0,0.0,0.0,0.0,3.2293094223521868,162.63545813130312,154.75481164038882,0.8434514827962646,25.483196693646377,0.6040376367239426,47.74132218577732,2.2,0.176,488.0,507.0,19.0,3662.0,245.0,0.0,0.0,3.0,2.0,-2.547054332545899,0.3342337253833136,3.2293094223521868,1.0
zsyellow1,ZsYellow1,unknown,CH7,CH7,2,5Y8Q;5Y8R,0.65,seq_match_99,-3.3765265248654144,1.9797323969968659,0.0,0.0,0.0183256172839506,0.0,4.780123274928465,,,1.2458230591326602,27.524090069740772,0.5891967163073235,48.13100111474394,2.5999999999999996,0.190015,,,,2689.0,91.5,0.0,0.0,1.5,1.5,-3.3765265248654144,1.9797323969968659,4.780123274928465,1.0
